"","councilnumber","year","logSgwaPercap","treat","first_treat","cohort"
"2",1,1993,0.838564217090607,0,2010,3
"3",1,1994,0.828183472156525,0,2010,3
"5",1,1996,0.911131680011749,0,2010,3
"6",1,1997,0.852211892604828,0,2010,3
"7",1,1998,0.765547275543213,0,2010,3
"8",1,1999,0.785670638084412,0,2010,3
"9",1,2000,0.77279931306839,0,2010,3
"10",1,2001,0.77889084815979,0,2010,3
"11",1,2002,0.806054830551147,0,2010,3
"12",1,2003,1.56315720081329,0,2010,3
"13",1,2004,1.56378328800201,0,2010,3
"14",1,2005,1.93261694908142,0,2010,3
"15",1,2006,2.54543209075928,0,2010,3
"16",1,2007,2.31268620491028,0,2010,3
"17",1,2008,2.58902263641357,0,2010,3
"18",1,2009,2.31243753433228,0,2010,3
"19",1,2010,2.49664425849915,1,2010,3
"20",1,2011,2.2794816493988,1,2010,3
"21",1,2012,2.18561339378357,1,2010,3
"22",2,1992,0.995697438716888,0,1997,2
"23",2,1993,1.00712621212006,0,1997,2
"24",2,1994,1.03327572345734,0,1997,2
"25",2,1995,0.947527527809143,0,1997,2
"26",2,1996,0.999131083488464,0,1997,2
"27",2,1997,0.999131083488464,1,1997,2
"28",2,1998,1.00712621212006,1,1997,2
"29",2,1999,0.998801469802856,1,1997,2
"30",2,2000,0.998801469802856,1,1997,2
"31",2,2001,1.00295519828796,1,1997,2
"32",2,2002,2.30048632621765,1,1997,2
"33",2,2003,2.92137742042542,0,1997,2
"34",2,2004,2.87326908111572,0,1997,2
"35",2,2005,2.88447546958923,0,1997,2
"36",2,2006,2.85465359687805,0,1997,2
"37",2,2007,2.52260851860046,0,1997,2
"38",2,2008,2.28772282600403,0,1997,2
"39",2,2009,2.69491314888,0,1997,2
"40",2,2010,2.70557808876038,0,1997,2
"41",2,2011,2.31208372116089,0,1997,2
"42",2,2012,2.45779800415039,0,1997,2
"43",3,1992,0.85175222158432,0,NA,0
"44",3,1993,0.646781265735626,0,NA,0
"45",3,1994,0.676886677742004,0,NA,0
"46",3,1995,0.856472194194794,0,NA,0
"47",3,1996,0.828692674636841,0,NA,0
"49",3,1998,0.670455753803253,0,NA,0
"50",3,1999,0.630729556083679,0,NA,0
"51",3,2000,0.922639906406403,0,NA,0
"52",3,2001,0.934309244155884,0,NA,0
"53",3,2002,0.766172349452972,0,NA,0
"54",3,2003,2.30561089515686,0,NA,0
"55",3,2004,2.3923704624176,0,NA,0
"56",3,2005,3.15531039237976,0,NA,0
"57",3,2006,2.73510694503784,0,NA,0
"58",3,2007,2.80833458900452,0,NA,0
"59",3,2008,2.71634888648987,0,NA,0
"60",4,1992,0.746845602989197,0,1997,2
"61",4,1993,0.616360068321228,0,1997,2
"62",4,1994,0.624470293521881,0,1997,2
"63",4,1995,0.619719684123993,0,1997,2
"64",4,1996,0.620717346668243,0,1997,2
"65",4,1997,0.603045284748077,1,1997,2
"66",4,1998,0.673865258693695,1,1997,2
"67",4,1999,0.675602853298187,1,1997,2
"68",4,2000,0.648422539234161,0,1997,2
"69",4,2001,0.66570121049881,0,1997,2
"70",4,2002,0.777704536914825,0,1997,2
"71",4,2003,2.66924452781677,0,1997,2
"72",4,2004,2.71938180923462,0,1997,2
"73",4,2005,2.87065386772156,0,1997,2
"74",4,2006,2.89805054664612,0,1997,2
"75",4,2007,2.51043510437012,0,1997,2
"76",4,2008,3.0765438079834,0,1997,2
"77",4,2009,3.10759162902832,0,1997,2
"78",4,2010,3.12419319152832,1,1997,2
"79",4,2011,2.9651026725769,1,1997,2
"80",4,2012,2.91928100585938,1,1997,2
"82",6,1993,0.733668327331543,1,1992,1
"83",6,1994,0.943606555461884,1,1992,1
"85",6,1996,0.829412043094635,1,1992,1
"86",6,1997,0.881511092185974,0,1992,1
"87",6,1998,0.845587313175201,0,1992,1
"88",6,1999,0.845587313175201,0,1992,1
"89",6,2000,0.82851505279541,0,1992,1
"90",6,2001,0.830669164657593,0,1992,1
"91",6,2002,0.82667863368988,0,1992,1
"92",6,2003,1.87770187854767,0,1992,1
"93",6,2004,1.88175868988037,0,1992,1
"94",6,2005,1.89085042476654,0,1992,1
"95",6,2006,1.98791217803955,0,1992,1
"96",6,2007,2.35308384895325,0,1992,1
"97",6,2008,2.41636538505554,0,1992,1
"98",6,2009,2.471266746521,0,1992,1
"99",6,2010,2.476802110672,1,1992,1
"100",6,2011,2.17995381355286,1,1992,1
"101",6,2012,2.77441310882568,1,1992,1
"102",7,1992,0.984439373016357,0,1997,2
"103",7,1993,0.162069991230965,0,1997,2
"104",7,1994,0.668226659297943,0,1997,2
"105",7,1995,0.684014678001404,0,1997,2
"106",7,1996,0.926232159137726,0,1997,2
"108",7,1998,0.884482681751251,1,1997,2
"109",7,1999,0.874853551387787,1,1997,2
"110",7,2000,0.890120983123779,1,1997,2
"111",7,2001,2.04530048370361,1,1997,2
"112",7,2002,2.77074718475342,1,1997,2
"113",7,2003,3.11629915237427,0,1997,2
"114",7,2004,3.04554605484009,0,1997,2
"115",7,2005,3.18104124069214,0,1997,2
"116",7,2006,2.11670470237732,0,1997,2
"117",7,2007,1.69980037212372,0,1997,2
"118",7,2008,1.36709654331207,0,1997,2
"119",7,2009,1.1080584526062,0,1997,2
"120",7,2010,2.0675687789917,0,1997,2
"121",7,2011,2.56943297386169,0,1997,2
"122",7,2012,2.8476881980896,0,1997,2
"123",8,1992,0.335168749094009,1,1992,1
"124",8,1993,0.936365365982056,1,1992,1
"125",8,1994,0.898137509822845,1,1992,1
"126",8,1995,0.906721293926239,0,1992,1
"127",8,1996,1.11762762069702,0,1992,1
"128",8,1997,0.669592559337616,0,1992,1
"129",8,1998,0.651904225349426,0,1992,1
"130",8,1999,0.651904225349426,0,1992,1
"131",8,2000,0.933955550193787,0,1992,1
"132",8,2001,0.874678492546082,0,1992,1
"133",8,2002,0.949484884738922,0,1992,1
"134",8,2003,1.7356823682785,0,1992,1
"135",8,2004,1.75361657142639,0,1992,1
"136",8,2005,1.76560997962952,0,1992,1
"137",8,2006,1.84228587150574,0,1992,1
"138",8,2007,2.34703683853149,0,1992,1
"139",8,2008,2.28140163421631,0,1992,1
"140",8,2009,2.27006196975708,0,1992,1
"141",8,2010,2.46638083457947,1,1992,1
"142",8,2011,2.76013207435608,0,1992,1
"143",8,2012,2.62661170959473,0,1992,1
"148",10,1992,0.252262383699417,0,2010,3
"149",10,1993,0.279584914445877,0,2010,3
"150",10,1994,0.36822098493576,0,2010,3
"151",10,1995,0.331853270530701,0,2010,3
"152",10,1996,0.316119968891144,0,2010,3
"153",10,1997,0.317687451839447,0,2010,3
"154",10,1998,0.348268806934357,0,2010,3
"155",10,1999,0.371255159378052,0,2010,3
"156",10,2000,0.362988173961639,0,2010,3
"157",10,2001,0.635623335838318,0,2010,3
"158",10,2002,0.953621983528137,0,2010,3
"159",10,2003,1.40556848049164,0,2010,3
"160",10,2004,1.10555326938629,0,2010,3
"161",10,2005,2.08151149749756,0,2010,3
"162",10,2006,2.21194791793823,0,2010,3
"163",10,2007,1.91436171531677,0,2010,3
"164",10,2008,1.80044257640839,0,2010,3
"165",10,2009,2.07526850700378,0,2010,3
"166",10,2010,2.07302904129028,1,2010,3
"167",10,2011,2.08447217941284,1,2010,3
"168",10,2012,2.22944712638855,1,2010,3
"169",11,1992,0.508322536945343,0,NA,0
"170",11,1993,0.54815685749054,0,NA,0
"171",11,1994,0.809557557106018,0,NA,0
"172",11,1995,0.83665943145752,0,NA,0
"173",11,1996,0.849989712238312,0,NA,0
"174",11,1997,0.819027423858643,0,NA,0
"175",11,1998,0.823643684387207,0,NA,0
"176",11,1999,0.812267959117889,0,NA,0
"177",11,2000,0.927011489868164,0,NA,0
"178",11,2001,0.949080526828766,0,NA,0
"179",11,2002,0.976354956626892,0,NA,0
"180",11,2003,1.58177518844604,0,NA,0
"181",11,2004,1.64992928504944,0,NA,0
"182",11,2005,2.06195712089539,0,NA,0
"183",11,2006,1.93836295604706,0,NA,0
"184",11,2007,2.16305565834045,0,NA,0
"185",11,2008,1.82514643669128,0,NA,0
"186",11,2009,1.89711999893188,0,NA,0
"187",11,2010,2.16213321685791,0,NA,0
"188",11,2011,2.31301999092102,0,NA,0
"189",11,2012,2.61678171157837,0,NA,0
"190",12,1992,3.27642226219177,0,1997,2
"191",12,1993,3.53788042068481,0,1997,2
"192",12,1994,3.81199359893799,0,1997,2
"193",12,1995,3.73268675804138,0,1997,2
"194",12,1996,3.46556687355042,0,1997,2
"195",12,1997,3.55534815788269,1,1997,2
"196",12,1998,3.93619179725647,1,1997,2
"197",12,1999,4.6685905456543,1,1997,2
"198",12,2000,5.03956174850464,1,1997,2
"199",12,2001,5.27887392044067,1,1997,2
"200",12,2002,5.55714988708496,1,1997,2
"201",12,2003,5.64167833328247,1,1997,2
"202",12,2004,5.71678781509399,1,1997,2
"203",12,2005,5.71025133132935,1,1997,2
"204",12,2006,6.91471862792969,1,1997,2
"205",12,2007,6.97067022323608,1,1997,2
"206",12,2008,6.96426486968994,1,1997,2
"207",12,2009,7.00579595565796,1,1997,2
"208",12,2010,7.05085802078247,0,1997,2
"209",12,2011,7.06791305541992,0,1997,2
"210",12,2012,7.13452959060669,0,1997,2
"211",13,1992,3.04774308204651,1,1992,1
"212",13,1993,3.57663702964783,1,1992,1
"213",13,1994,1.33158648014069,0,1992,1
"214",13,1995,3.59149122238159,0,1992,1
"215",13,1996,3.41055989265442,0,1992,1
"216",13,1997,3.36446619033813,0,1992,1
"217",13,1998,3.73252773284912,0,1992,1
"218",13,1999,3.95813632011414,0,1992,1
"219",13,2000,3.96821236610413,0,1992,1
"220",13,2001,4.43767213821411,0,1992,1
"221",13,2002,4.76354598999023,0,1992,1
"222",13,2003,5.05571508407593,0,1992,1
"223",13,2004,5.08399105072021,0,1992,1
"224",13,2005,5.1040940284729,0,1992,1
"225",13,2006,6.48873567581177,0,1992,1
"226",13,2007,6.59110879898071,0,1992,1
"227",13,2008,6.62954330444336,0,1992,1
"228",13,2009,6.69495391845703,0,1992,1
"229",13,2010,6.70333433151245,1,1992,1
"230",13,2011,6.66336250305176,1,1992,1
"231",13,2012,6.62585783004761,1,1992,1
"232",14,1992,3.27817130088806,0,1997,2
"233",14,1993,3.62987375259399,0,1997,2
"234",14,1994,3.83430051803589,0,1997,2
"235",14,1995,3.65233182907104,0,1997,2
"236",14,1996,3.5686366558075,0,1997,2
"237",14,1997,3.46369099617004,1,1997,2
"238",14,1998,3.6271538734436,1,1997,2
"239",14,1999,3.57428240776062,1,1997,2
"240",14,2000,3.85720252990723,1,1997,2
"241",14,2001,4.48642826080322,1,1997,2
"242",14,2002,4.98766422271729,1,1997,2
"243",14,2003,4.99209356307983,1,1997,2
"244",14,2004,5.1878490447998,1,1997,2
"245",14,2005,5.4151930809021,1,1997,2
"246",14,2006,6.58221244812012,1,1997,2
"247",14,2007,6.67046165466309,1,1997,2
"248",14,2008,6.60562801361084,1,1997,2
"249",14,2009,6.66585969924927,1,1997,2
"250",14,2010,6.61123418807983,0,1997,2
"251",14,2011,6.69595909118652,0,1997,2
"252",14,2012,6.8248462677002,0,1997,2
"253",15,1992,0.967870116233826,0,1997,2
"254",15,1993,0.961813986301422,0,1997,2
"255",15,1994,1.13312172889709,0,1997,2
"256",15,1995,1.0708327293396,0,1997,2
"257",15,1996,1.10184335708618,0,1997,2
"258",15,1997,1.10323119163513,1,1997,2
"259",15,1998,1.23423647880554,1,1997,2
"260",15,1999,1.26089870929718,0,1997,2
"261",15,2000,1.32745385169983,0,1997,2
"262",15,2001,1.2535697221756,0,1997,2
"263",15,2002,3.14457035064697,0,1997,2
"264",15,2003,3.49380278587341,1,1997,2
"265",15,2004,3.54201722145081,1,1997,2
"266",15,2005,3.63319683074951,1,1997,2
"267",15,2006,3.5933210849762,0,1997,2
"268",15,2007,4.16102075576782,0,1997,2
"269",15,2008,2.85562252998352,0,1997,2
"270",15,2009,2.7436215877533,0,1997,2
"271",15,2010,2.78056526184082,0,1997,2
"272",15,2011,2.43452835083008,0,1997,2
"273",15,2012,2.41737771034241,0,1997,2
"274",16,1992,0.683668434619904,1,1992,1
"275",16,1993,0.526708722114563,1,1992,1
"276",16,1994,0.507182598114014,0,1992,1
"277",16,1995,0.980829298496246,0,1992,1
"278",16,1996,0.953621983528137,0,1992,1
"279",16,1997,1.01038217544556,1,1992,1
"280",16,1998,0.956500172615051,1,1992,1
"281",16,1999,1.14634883403778,1,1992,1
"282",16,2000,1.19172525405884,0,1992,1
"283",16,2001,1.09880912303925,0,1992,1
"284",16,2002,1.16614031791687,0,1992,1
"285",16,2003,2.44153332710266,0,1992,1
"286",16,2004,2.48117804527283,0,1992,1
"287",16,2005,2.56490302085876,0,1992,1
"288",16,2006,2.7014217376709,0,1992,1
"289",16,2007,2.70124053955078,0,1992,1
"290",16,2008,2.68565821647644,0,1992,1
"291",16,2009,2.84163069725037,0,1992,1
"292",16,2010,2.86170411109924,1,1992,1
"293",16,2011,2.46156525611877,1,1992,1
"294",16,2012,2.9738039970398,1,1992,1
"295",17,1992,0.105360560119152,1,1992,1
"296",17,1993,0.103317640721798,1,1992,1
"297",17,1994,0.307884782552719,0,1992,1
"298",17,1995,0.563469350337982,0,1992,1
"299",17,1996,0.499955922365189,0,1992,1
"300",17,1997,0.713081359863281,0,1992,1
"301",17,1998,0.645356476306915,0,1992,1
"302",17,1999,0.669430613517761,0,1992,1
"303",17,2000,0.870149552822113,0,1992,1
"304",17,2001,0.866314053535461,0,1992,1
"305",17,2002,0.878853261470795,0,1992,1
"306",17,2003,1.45785295963287,0,1992,1
"307",17,2004,1.62729561328888,0,1992,1
"308",17,2005,2.12218117713928,0,1992,1
"309",17,2006,1.99802041053772,0,1992,1
"310",17,2007,2.17506670951843,0,1992,1
"311",17,2008,1.98963761329651,0,1992,1
"312",17,2009,2.02587723731995,0,1992,1
"313",17,2010,2.28133416175842,1,1992,1
"314",17,2011,1.97768068313599,1,1992,1
"315",17,2012,3.13751983642578,1,1992,1
"316",18,1992,0.674868643283844,0,1997,2
"317",18,1993,0.77390855550766,0,1997,2
"318",18,1994,0.776908576488495,0,1997,2
"319",18,1995,0.752935111522675,0,1997,2
"320",18,1996,0.779368340969086,0,1997,2
"321",18,1997,0.746050655841827,1,1997,2
"322",18,1998,0.821716904640198,1,1997,2
"323",18,1999,0.865989983081818,1,1997,2
"324",18,2000,0.852823913097382,1,1997,2
"325",18,2001,0.87811815738678,1,1997,2
"326",18,2002,1.00640964508057,1,1997,2
"327",18,2003,1.68407928943634,1,1997,2
"328",18,2004,1.92865109443665,0,1997,2
"329",18,2005,2.01062822341919,0,1997,2
"330",18,2006,2.26438760757446,0,1997,2
"331",18,2007,2.67833161354065,0,1997,2
"332",18,2008,2.45194554328918,0,1997,2
"333",18,2009,2.4913022518158,0,1997,2
"335",18,2011,2.47726106643677,0,1997,2
"336",18,2012,2.59717535972595,0,1997,2
"337",19,1992,1.00330209732056,0,NA,0
"338",19,1993,1.00014507770538,0,NA,0
"339",19,1994,1.07145404815674,0,NA,0
"340",19,1995,1.09545528888702,0,NA,0
"341",20,1996,3.78987598419189,0,NA,0
"342",20,1997,3.26191854476929,0,NA,0
"343",20,1998,3.60221171379089,0,NA,0
"344",20,1999,3.68903136253357,0,NA,0
"345",20,2000,3.66620945930481,0,NA,0
"346",20,2001,4.31028270721436,0,NA,0
"347",20,2002,4.57722759246826,0,NA,0
"348",20,2003,4.74019289016724,0,NA,0
"349",20,2004,4.81089878082275,0,NA,0
"350",20,2005,4.97812509536743,0,NA,0
"351",20,2006,6.3895788192749,0,NA,0
"352",20,2007,6.49741649627686,0,NA,0
"353",20,2008,6.45529222488403,0,NA,0
"354",20,2009,6.50331878662109,0,NA,0
"355",20,2010,6.51499605178833,0,NA,0
"356",20,2011,6.42382049560547,0,NA,0
"357",20,2012,6.29805088043213,0,NA,0
"358",21,1992,0.760934233665466,0,NA,0
"359",21,1993,0.742309033870697,0,NA,0
"360",21,1994,0.9959517121315,0,NA,0
"361",21,1995,1.00845682621002,0,NA,0
"362",21,1996,0.990896999835968,0,NA,0
"363",21,1997,2.62540745735168,0,NA,0
"364",21,1998,1.01705610752106,0,NA,0
"365",21,1999,0.988264262676239,0,NA,0
"366",21,2000,0.977996408939362,0,NA,0
"367",21,2001,0.99746161699295,0,NA,0
"368",21,2002,1.03942334651947,0,NA,0
"369",21,2003,1.73342382907867,0,NA,0
"370",21,2004,1.95233976840973,0,NA,0
"371",21,2005,1.99303209781647,0,NA,0
"372",21,2006,2.39759707450867,0,NA,0
"373",21,2007,2.47254419326782,0,NA,0
"374",21,2008,2.69917249679565,0,NA,0
"375",22,2009,6.63768339157104,0,NA,0
"376",22,2010,6.68625640869141,0,NA,0
"377",22,2011,6.61677646636963,0,NA,0
"378",22,2012,6.5699315071106,0,NA,0
"402",25,1992,1.07732164859772,0,NA,0
"403",25,1993,0.923670828342438,0,NA,0
"404",25,1994,0.831297516822815,0,NA,0
"405",25,1995,0.798507750034332,0,NA,0
"406",25,1996,0.81503701210022,0,NA,0
"408",25,1998,0.938596487045288,0,NA,0
"409",25,1999,0.934844076633453,0,NA,0
"410",25,2000,0.927547931671143,0,NA,0
"411",25,2001,1.22619593143463,0,NA,0
"412",25,2002,1.2947793006897,0,NA,0
"413",25,2003,2.07847595214844,0,NA,0
"414",25,2004,2.46606874465942,0,NA,0
"415",25,2005,2.49764561653137,0,NA,0
"416",25,2006,2.55051398277283,0,NA,0
"417",25,2007,2.48933291435242,0,NA,0
"418",25,2008,2.3731153011322,0,NA,0
"423",27,1992,5.20687341690063,1,1992,1
"424",27,1993,3.29452848434448,1,1992,1
"425",27,1994,3.46359801292419,0,1992,1
"426",27,1995,3.68751430511475,0,1992,1
"427",27,1996,3.28709411621094,0,1992,1
"428",27,1997,3.21387004852295,0,1992,1
"429",27,1998,3.39982843399048,0,1992,1
"430",27,1999,3.78724026679993,0,1992,1
"431",27,2000,3.74327278137207,0,1992,1
"432",27,2001,4.43502426147461,0,1992,1
"433",27,2002,4.76852989196777,1,1992,1
"434",27,2003,4.77395582199097,1,1992,1
"435",27,2004,4.97284936904907,1,1992,1
"436",27,2005,5.07833957672119,1,1992,1
"437",27,2006,6.6768651008606,0,1992,1
"438",27,2007,6.7348165512085,0,1992,1
"439",27,2008,6.72905158996582,0,1992,1
"440",27,2009,6.75039291381836,0,1992,1
"441",27,2010,6.79195594787598,1,1992,1
"442",27,2011,6.6524715423584,1,1992,1
"443",27,2012,6.45006847381592,1,1992,1
"444",28,1992,3.56896233558655,0,1997,2
"445",28,1993,3.7874002456665,0,1997,2
"446",28,1994,3.85629558563232,0,1997,2
"447",28,1995,3.70128989219666,0,1997,2
"448",28,1996,3.53489661216736,0,1997,2
"449",28,1997,3.49888610839844,1,1997,2
"450",28,1998,3.62258100509644,1,1997,2
"451",28,1999,3.85096955299377,1,1997,2
"452",28,2000,4.44487380981445,1,1997,2
"453",28,2001,5.0484299659729,1,1997,2
"454",28,2002,5.09729480743408,1,1997,2
"455",28,2003,5.46298789978027,0,1997,2
"456",28,2004,5.6253514289856,0,1997,2
"457",28,2005,5.61020135879517,0,1997,2
"458",28,2006,6.8707685470581,0,1997,2
"459",28,2007,6.94680786132812,0,1997,2
"460",28,2008,6.9302339553833,0,1997,2
"461",28,2009,6.94061470031738,0,1997,2
"462",28,2010,6.93005228042603,0,1997,2
"463",28,2011,7.01274394989014,0,1997,2
"464",28,2012,6.97255897521973,0,1997,2
"465",29,1992,0.353168249130249,1,1992,1
"466",29,1993,0.363903939723969,1,1992,1
"467",29,1994,0.353109866380692,1,1992,1
"468",29,1995,0.21130907535553,0,1992,1
"469",29,1996,0.19961304962635,0,1992,1
"470",29,1997,0.148945391178131,0,1992,1
"471",29,1998,0.0501243732869625,0,1992,1
"472",29,1999,0.0331269428133965,0,1992,1
"473",29,2000,0.0227283015847206,0,1992,1
"474",29,2001,0.0169976111501455,0,1992,1
"475",29,2002,0.0168071426451206,0,1992,1
"476",29,2003,0.882768094539642,0,1992,1
"477",29,2004,0.855666160583496,0,1992,1
"478",29,2005,1.62437951564789,0,1992,1
"479",29,2006,1.74027752876282,0,1992,1
"480",29,2007,1.59862697124481,0,1992,1
"481",29,2008,1.42840576171875,0,1992,1
"482",29,2009,1.40601253509521,0,1992,1
"483",29,2010,1.94774389266968,1,1992,1
"484",29,2011,1.46485674381256,1,1992,1
"485",29,2012,2.33193731307983,1,1992,1
"486",30,1992,2.01296877861023,0,1997,2
"487",30,1993,2.4130847454071,0,1997,2
"488",30,1994,2.3892343044281,0,1997,2
"489",30,1995,1.14579081535339,0,1997,2
"490",30,1996,1.10737693309784,0,1997,2
"491",30,1997,1.10737693309784,1,1997,2
"492",31,1998,3.38633608818054,1,1998,2
"493",31,1999,3.66858887672424,1,1998,2
"494",31,2000,4.11575412750244,1,1998,2
"495",31,2001,4.70963430404663,1,1998,2
"496",31,2002,5.20781850814819,1,1998,2
"497",31,2003,5.51468896865845,1,1998,2
"498",31,2004,5.60955047607422,1,1998,2
"499",31,2005,5.63075971603394,1,1998,2
"500",31,2006,6.86237335205078,1,1998,2
"501",31,2007,6.93696069717407,0,1998,2
"502",31,2008,6.89169216156006,0,1998,2
"503",31,2009,6.92763471603394,0,1998,2
"504",31,2010,6.94837617874146,0,1998,2
"505",31,2011,6.97171974182129,0,1998,2
"506",31,2012,6.95615100860596,0,1998,2
"510",32,1995,1.15391230583191,0,1997,2
"511",32,1996,1.17765545845032,0,1997,2
"512",32,1997,1.33211851119995,1,1997,2
"513",33,1998,3.45481586456299,1,1998,2
"514",33,1999,3.30152797698975,1,1998,2
"515",33,2000,4.07939386367798,1,1998,2
"516",33,2001,4.53739070892334,1,1998,2
"517",33,2002,4.98222780227661,1,1998,2
"518",33,2003,5.29937076568604,1,1998,2
"519",33,2004,5.25426769256592,1,1998,2
"520",33,2005,5.41983652114868,1,1998,2
"521",33,2006,6.61771106719971,1,1998,2
"522",33,2007,6.69946718215942,0,1998,2
"523",33,2008,6.65667057037354,0,1998,2
"524",33,2009,6.65256881713867,0,1998,2
"525",33,2010,6.69328594207764,1,1998,2
"526",33,2011,6.77178812026978,0,1998,2
"527",33,2012,6.78778076171875,0,1998,2
"528",34,1992,1.25988042354584,0,1997,2
"529",34,1993,1.13320374488831,0,1997,2
"530",34,1994,1.10480427742004,0,1997,2
"531",34,1995,1.10557520389557,0,1997,2
"532",34,1996,1.04422330856323,0,1997,2
"533",34,1997,1.04357600212097,1,1997,2
"534",34,1998,1.20522201061249,1,1997,2
"535",34,1999,1.04108846187592,1,1997,2
"536",34,2000,1.05599880218506,1,1997,2
"537",34,2001,1.07930827140808,1,1997,2
"538",34,2002,1.11459302902222,1,1997,2
"539",34,2003,1.95099294185638,1,1997,2
"540",34,2004,2.61523389816284,1,1997,2
"541",34,2005,2.57164454460144,1,1997,2
"542",34,2006,2.61035919189453,1,1997,2
"543",34,2007,2.88093185424805,1,1997,2
"544",34,2008,2.79335808753967,1,1997,2
"545",35,1992,0.896599471569061,0,1997,2
"546",35,1993,0.903587639331818,0,1997,2
"547",35,1994,0.927402019500732,0,1997,2
"548",35,1995,0.938513934612274,0,1997,2
"549",35,1996,0.966744542121887,0,1997,2
"550",35,1997,1.05826091766357,1,1997,2
"551",35,1998,1.08106374740601,1,1997,2
"552",35,1999,1.11541938781738,1,1997,2
"553",35,2000,1.06238341331482,1,1997,2
"554",35,2001,2.58322978019714,1,1997,2
"555",35,2002,1.18842470645905,1,1997,2
"556",35,2003,3.05840015411377,1,1997,2
"557",35,2004,3.11519980430603,1,1997,2
"558",35,2005,2.8490560054779,1,1997,2
"559",35,2006,2.78596568107605,1,1997,2
"560",35,2007,2.79306721687317,1,1997,2
"561",35,2008,3.0072774887085,1,1997,2
"562",35,2009,2.75628399848938,1,1997,2
"563",35,2010,2.8370852470398,0,1997,2
"564",35,2011,2.70174098014832,0,1997,2
"565",35,2012,2.75176334381104,0,1997,2
"566",36,1992,3.3750159740448,0,1997,2
"567",36,1993,3.62639284133911,0,1997,2
"568",36,1994,3.66525936126709,0,1997,2
"569",36,1995,3.49689936637878,0,1997,2
"570",36,1996,3.457359790802,0,1997,2
"571",36,1997,3.91360187530518,1,1997,2
"572",36,1998,3.94289064407349,1,1997,2
"573",36,1999,4.0412392616272,1,1997,2
"574",36,2000,4.47993469238281,1,1997,2
"575",36,2001,4.55277824401855,1,1997,2
"576",36,2002,4.87612104415894,1,1997,2
"577",36,2003,5.03078460693359,0,1997,2
"578",36,2004,5.17425727844238,0,1997,2
"579",36,2005,5.18437004089355,0,1997,2
"580",36,2006,6.63454627990723,0,1997,2
"581",36,2007,6.68623542785645,0,1997,2
"582",36,2008,6.66570281982422,0,1997,2
"583",36,2009,6.70319032669067,0,1997,2
"584",36,2010,6.69761657714844,0,1997,2
"585",36,2011,6.75222778320312,0,1997,2
"586",36,2012,6.80166482925415,0,1997,2
"591",38,1992,0.78602546453476,0,2011,3
"592",38,1993,0.828771352767944,0,2011,3
"593",38,1994,0.945489883422852,0,2011,3
"594",38,1995,0.965770781040192,0,2011,3
"595",38,1996,0.85794872045517,0,2011,3
"596",38,1997,0.875468790531158,0,2011,3
"597",38,1998,0.861196100711823,0,2011,3
"598",38,1999,0.857506096363068,0,2011,3
"599",38,2000,1.22559523582458,0,2011,3
"600",38,2001,1.22559523582458,0,2011,3
"601",38,2002,1.13537454605103,0,2011,3
"602",38,2003,3.26988244056702,0,2011,3
"603",38,2004,3.27138566970825,0,2011,3
"604",38,2005,3.37856817245483,0,2011,3
"605",38,2006,3.61167359352112,0,2011,3
"606",38,2007,3.54644155502319,0,2011,3
"607",38,2008,2.66541600227356,0,2011,3
"608",38,2009,2.6907787322998,0,2011,3
"609",38,2010,2.71545553207397,0,2011,3
"610",38,2011,2.38236689567566,1,2011,3
"611",38,2012,2.31772422790527,1,2011,3
"615",39,1995,1.41537058353424,0,NA,0
"616",39,1996,1.64961373806,0,NA,0
"617",40,1997,2.98197340965271,0,2010,3
"618",40,1998,3.51158261299133,0,2010,3
"619",40,1999,3.508052110672,0,2010,3
"620",40,2000,3.98948574066162,0,2010,3
"621",40,2001,4.48388862609863,0,2010,3
"622",40,2002,4.75720310211182,0,2010,3
"623",40,2003,4.76586580276489,0,2010,3
"624",40,2004,5.29540872573853,0,2010,3
"625",40,2005,5.37459373474121,0,2010,3
"626",40,2006,6.44190359115601,0,2010,3
"627",40,2007,6.50045394897461,0,2010,3
"628",40,2008,6.46944665908813,0,2010,3
"629",40,2009,6.51766777038574,0,2010,3
"630",40,2010,6.46963357925415,1,2010,3
"631",40,2011,6.63891220092773,1,2010,3
"632",40,2012,6.28861236572266,1,2010,3
"636",41,1995,0.683294832706451,0,NA,0
"637",41,1996,0.655851364135742,0,NA,0
"638",41,1997,0.523587882518768,0,NA,0
"639",42,1998,3.47145342826843,0,2010,3
"640",42,1999,3.52598977088928,0,2010,3
"641",42,2000,3.74228382110596,0,2010,3
"642",42,2001,4.2592191696167,0,2010,3
"643",42,2002,4.41167736053467,0,2010,3
"644",42,2003,4.45198822021484,0,2010,3
"645",42,2004,4.58220100402832,0,2010,3
"646",42,2005,4.84370899200439,0,2010,3
"647",42,2006,6.37162733078003,0,2010,3
"648",42,2007,6.49667596817017,0,2010,3
"649",42,2008,6.50572109222412,0,2010,3
"650",42,2009,6.49651575088501,0,2010,3
"651",42,2010,6.49580001831055,1,2010,3
"652",42,2011,6.65603637695312,1,2010,3
"653",42,2012,6.60379266738892,1,2010,3
"654",43,1992,3.64660334587097,0,1997,2
"655",43,1993,3.9318380355835,0,1997,2
"656",43,1994,3.79083108901978,0,1997,2
"657",43,1995,3.79469299316406,0,1997,2
"658",43,1996,3.66166043281555,0,1997,2
"659",43,1997,3.61828207969666,1,1997,2
"660",43,1998,3.64469170570374,1,1997,2
"661",43,1999,3.53492498397827,1,1997,2
"662",43,2000,3.79439067840576,0,1997,2
"663",43,2001,4.52422618865967,0,1997,2
"664",43,2002,4.96182632446289,0,1997,2
"665",43,2003,5.00111532211304,0,1997,2
"666",43,2004,5.21857309341431,0,1997,2
"667",43,2005,5.38985300064087,0,1997,2
"668",43,2006,6.74154663085938,0,1997,2
"669",43,2007,6.82268571853638,0,1997,2
"670",43,2008,6.7708592414856,0,1997,2
"671",43,2009,6.76179265975952,0,1997,2
"672",43,2010,6.82512950897217,0,1997,2
"673",43,2011,6.89590358734131,0,1997,2
"674",43,2012,6.87604427337646,0,1997,2
"675",44,1992,0.32158362865448,0,1997,2
"676",44,1993,0.506667613983154,0,1997,2
"677",44,1994,0.725670337677002,0,1997,2
"678",44,1995,0.765109419822693,0,1997,2
"679",44,1996,0.736206710338593,0,1997,2
"680",44,1997,0.724157392978668,1,1997,2
"681",44,1998,0.725235402584076,1,1997,2
"682",44,1999,0.723452508449554,1,1997,2
"683",44,2000,0.696159243583679,1,1997,2
"684",44,2001,0.678221523761749,1,1997,2
"685",44,2002,0.659145355224609,1,1997,2
"686",44,2003,2.30406546592712,0,1997,2
"687",44,2004,1.92100822925568,0,1997,2
"688",44,2005,2.29160809516907,0,1997,2
"689",44,2006,2.11541533470154,0,1997,2
"690",44,2007,2.43462300300598,0,1997,2
"691",44,2008,1.99067068099976,0,1997,2
"692",44,2009,2.27012634277344,0,1997,2
"693",44,2010,2.55772352218628,1,1997,2
"694",44,2011,2.54639649391174,1,1997,2
"695",44,2012,2.74486422538757,1,1997,2
"696",45,1992,0.660514652729034,1,1992,1
"697",45,1993,0.768736720085144,1,1992,1
"698",45,1994,1.14750242233276,1,1992,1
"699",45,1995,1.14480578899384,0,1992,1
"700",45,1996,0.90740180015564,0,1992,1
"702",45,1998,0.826239049434662,0,1992,1
"703",45,1999,0.837396860122681,0,1992,1
"704",45,2000,1.0518946647644,0,1992,1
"705",45,2001,1.03100764751434,0,1992,1
"706",45,2002,0.792762935161591,0,1992,1
"707",45,2003,1.69919121265411,0,1992,1
"708",45,2004,2.79873728752136,0,1992,1
"709",45,2005,1.83322429656982,0,1992,1
"710",45,2006,1.95858860015869,0,1992,1
"711",45,2007,2.11061835289001,0,1992,1
"712",45,2008,2.0692572593689,0,1992,1
"713",45,2009,1.97164034843445,0,1992,1
"714",45,2010,1.90655934810638,1,1992,1
"715",45,2011,2.05291891098022,1,1992,1
"716",45,2012,1.92462229728699,1,1992,1
"717",46,1992,3.790447473526,0,1998,2
"718",46,1993,4.02905893325806,0,1998,2
"719",46,1994,4.00089979171753,0,1998,2
"720",46,1995,3.77286076545715,0,1998,2
"721",46,1996,3.8445188999176,0,1998,2
"722",46,1997,3.77682447433472,0,1998,2
"723",46,1998,4.20923519134521,1,1998,2
"724",46,1999,4.62102127075195,1,1998,2
"725",46,2000,4.6340537071228,1,1998,2
"726",46,2001,5.06331825256348,1,1998,2
"727",46,2002,5.12388944625854,1,1998,2
"728",46,2003,5.48304605484009,1,1998,2
"729",46,2004,5.51526880264282,1,1998,2
"730",46,2005,5.51903486251831,1,1998,2
"731",46,2006,6.71070241928101,0,1998,2
"732",46,2007,6.8041877746582,0,1998,2
"733",46,2008,6.78203058242798,0,1998,2
"734",46,2009,6.8957839012146,0,1998,2
"735",46,2010,6.84191703796387,0,1998,2
"736",46,2011,6.9120044708252,0,1998,2
"737",46,2012,7.03894424438477,0,1998,2
"738",47,1992,0.381260335445404,0,2010,3
"739",47,1993,0.392689883708954,0,2010,3
"740",47,1994,0.370506346225739,0,2010,3
"741",47,1995,0.389873027801514,0,2010,3
"742",47,1996,0.385945320129395,0,2010,3
"743",47,1997,0.369114577770233,0,2010,3
"744",47,1998,0.371900200843811,0,2010,3
"745",47,1999,0.390948414802551,0,2010,3
"746",47,2000,0.562397420406342,0,2010,3
"747",47,2001,0.463707715272903,0,2010,3
"748",47,2002,0.417463332414627,0,2010,3
"749",47,2003,1.52282345294952,0,2010,3
"750",47,2004,2.03789258003235,0,2010,3
"751",47,2005,1.75044131278992,0,2010,3
"752",47,2006,2.47257614135742,0,2010,3
"753",47,2007,2.36146593093872,0,2010,3
"754",47,2008,2.19392824172974,0,2010,3
"755",47,2009,2.46468496322632,0,2010,3
"756",47,2010,2.30121803283691,1,2010,3
"757",47,2011,1.98090803623199,1,2010,3
"758",47,2012,2.55731010437012,1,2010,3
"759",48,1992,0.939638078212738,0,NA,0
"760",48,1993,0.538011789321899,0,NA,0
"761",48,1994,0.50292044878006,0,NA,0
"762",48,1995,0.56132173538208,0,NA,0
"763",48,1996,0.545511186122894,0,NA,0
"764",48,1997,0.510825574398041,0,NA,0
"765",48,1998,0.498991191387177,0,NA,0
"766",48,1999,0.489235013723373,0,NA,0
"767",48,2000,0.475734263658524,0,NA,0
"768",48,2001,0.822127103805542,0,NA,0
"769",48,2002,0.594056308269501,0,NA,0
"770",48,2003,1.50197875499725,0,NA,0
"771",48,2004,1.67588293552399,0,NA,0
"772",48,2005,1.70646190643311,0,NA,0
"773",48,2006,1.96195328235626,0,NA,0
"774",48,2007,1.85306000709534,0,NA,0
"775",48,2008,2.18122410774231,0,NA,0
"776",49,1992,1.42577314376831,0,NA,0
"777",49,1993,1.66008162498474,0,NA,0
"778",49,1994,1.71906113624573,0,NA,0
"779",49,1995,1.45117700099945,0,NA,0
"780",49,1996,1.44729852676392,0,NA,0
"781",50,1997,3.40575695037842,1,1997,2
"782",50,1998,3.55420255661011,1,1997,2
"783",50,1999,3.75120806694031,1,1997,2
"784",50,2000,4.07959032058716,1,1997,2
"785",50,2001,4.29049301147461,1,1997,2
"786",50,2002,4.64632749557495,1,1997,2
"787",50,2003,5.23311758041382,0,1997,2
"788",50,2004,5.30531549453735,0,1997,2
"789",50,2005,5.49913787841797,0,1997,2
"790",50,2006,6.48233985900879,0,1997,2
"791",50,2007,6.50462532043457,0,1997,2
"792",50,2008,6.48381757736206,0,1997,2
"793",50,2009,6.52895498275757,0,1997,2
"794",50,2010,6.55532455444336,0,1997,2
"795",50,2011,6.59544706344604,0,1997,2
"796",50,2012,6.61736488342285,0,1997,2
"797",51,1992,1.65848541259766,0,NA,0
"798",51,1993,1.58521056175232,0,NA,0
"799",51,1994,1.36948728561401,0,NA,0
"800",51,1995,1.10450208187103,0,NA,0
"801",52,1996,3.43479323387146,0,1997,2
"802",52,1997,3.31736278533936,1,1997,2
"803",52,1998,3.39106297492981,1,1997,2
"804",52,1999,4.02767038345337,1,1997,2
"805",52,2000,3.76484417915344,1,1997,2
"806",52,2001,4.32388401031494,1,1997,2
"807",52,2002,4.63372898101807,1,1997,2
"808",52,2003,4.79739856719971,0,1997,2
"809",52,2004,5.2923641204834,0,1997,2
"810",52,2005,5.37100028991699,0,1997,2
"811",52,2006,6.5172848701477,0,1997,2
"812",52,2007,6.5508623123169,0,1997,2
"813",52,2008,6.45554351806641,0,1997,2
"814",52,2009,6.51755475997925,0,1997,2
"815",52,2010,6.41720294952393,0,1997,2
"816",52,2011,6.46243095397949,0,1997,2
"817",52,2012,6.40472841262817,0,1997,2
"818",53,1992,0.471865832805634,1,1992,1
"819",53,1993,0.560925543308258,1,1992,1
"820",53,1994,0.471823424100876,0,1992,1
"821",53,1995,0.498224198818207,0,1992,1
"822",53,1996,0.586878001689911,0,1992,1
"823",53,1997,0.440828800201416,0,1992,1
"824",53,1998,0.399957031011581,0,1992,1
"825",53,1999,0.413121461868286,0,1992,1
"826",53,2000,0.69734001159668,0,1992,1
"827",53,2001,0.717941880226135,0,1992,1
"828",53,2002,0.761037468910217,0,1992,1
"829",53,2003,1.53863513469696,0,1992,1
"830",53,2004,1.44644832611084,0,1992,1
"831",53,2005,1.52507674694061,0,1992,1
"832",53,2006,1.9317090511322,0,1992,1
"833",53,2007,2.08065438270569,0,1992,1
"834",53,2008,1.64939618110657,0,1992,1
"835",53,2009,2.20173120498657,0,1992,1
"836",53,2010,1.52750098705292,1,1992,1
"837",53,2011,1.69359970092773,1,1992,1
"838",53,2012,1.68642890453339,1,1992,1
"839",54,1992,2.79910898208618,1,1992,1
"840",54,1993,3.32890796661377,1,1992,1
"841",54,1994,3.40697479248047,1,1992,1
"842",54,1995,3.35141253471375,1,1992,1
"843",54,1996,3.28068017959595,1,1992,1
"844",54,1997,3.16380834579468,0,1992,1
"845",54,1998,3.47591733932495,0,1992,1
"846",54,1999,3.93395805358887,0,1992,1
"847",54,2000,4.10328006744385,0,1992,1
"848",54,2001,4.31409502029419,0,1992,1
"849",54,2002,4.67638301849365,0,1992,1
"850",54,2003,4.64673185348511,0,1992,1
"851",54,2004,4.95410299301147,0,1992,1
"852",54,2005,4.98752975463867,0,1992,1
"853",54,2006,6.50387382507324,0,1992,1
"854",54,2007,6.55368900299072,0,1992,1
"855",54,2008,6.55745553970337,0,1992,1
"856",54,2009,6.60766506195068,0,1992,1
"857",54,2010,6.63789558410645,1,1992,1
"858",54,2011,6.41008138656616,1,1992,1
"859",54,2012,6.25057315826416,1,1992,1
"860",55,1992,0.344377428293228,1,1992,1
"861",55,1993,0.132171794772148,1,1992,1
"862",55,1994,0.149531707167625,1,1992,1
"863",55,1995,0.314115345478058,0,1992,1
"864",55,1996,0.302280843257904,0,1992,1
"865",55,1997,0.302280843257904,1,1992,1
"866",55,1998,0.180381670594215,1,1992,1
"867",55,1999,0.180381670594215,0,1992,1
"868",55,2000,0.139262050390244,0,1992,1
"869",55,2001,0.139262050390244,0,1992,1
"870",55,2002,0.188052222132683,0,1992,1
"871",55,2003,0.916290760040283,0,1992,1
"872",55,2004,1.10591161251068,0,1992,1
"873",55,2005,1.0890429019928,0,1992,1
"874",55,2006,1.8510879278183,0,1992,1
"875",55,2007,1.92648589611053,0,1992,1
"876",55,2008,1.59846091270447,0,1992,1
"877",55,2009,1.62768852710724,0,1992,1
"878",55,2010,1.64125394821167,1,1992,1
"879",55,2011,2.06569647789001,1,1992,1
"880",55,2012,2.32899975776672,1,1992,1
"881",56,1992,0.48523011803627,1,1992,1
"882",56,1993,0.542267143726349,1,1992,1
"883",56,1994,0.527632772922516,1,1992,1
"884",56,1995,0.617639660835266,1,1992,1
"885",56,1996,0.618852436542511,1,1992,1
"886",56,1997,0.647090554237366,0,1992,1
"887",56,1998,0.647090554237366,0,1992,1
"888",56,1999,0.643136739730835,0,1992,1
"889",56,2000,0.897059321403503,0,1992,1
"890",56,2001,0.859403312206268,0,1992,1
"891",56,2002,0.923163652420044,0,1992,1
"892",56,2003,0.883721828460693,0,1992,1
"893",56,2004,1.54220521450043,0,1992,1
"894",56,2005,1.7358090877533,0,1992,1
"895",56,2006,2.02951812744141,0,1992,1
"896",56,2007,2.30027031898499,0,1992,1
"897",56,2008,2.17711353302002,0,1992,1
"898",56,2009,2.28908658027649,0,1992,1
"899",56,2010,2.74758386611938,1,1992,1
"900",56,2011,2.30590558052063,1,1992,1
"901",56,2012,2.79334306716919,1,1992,1
"902",57,1992,0.700315713882446,1,1992,1
"903",57,1993,0.631951630115509,1,1992,1
"904",57,1994,0.588289320468903,1,1992,1
"905",57,1995,0.574475705623627,0,1992,1
"906",57,1996,0.556464195251465,0,1992,1
"907",57,1997,0.569768190383911,1,1992,1
"908",57,1998,0.598289370536804,1,1992,1
"909",57,1999,0.616554737091064,1,1992,1
"910",57,2000,0.621517539024353,1,1992,1
"911",57,2001,0.626172602176666,1,1992,1
"912",57,2002,0.755113899707794,1,1992,1
"913",57,2003,1.76652157306671,0,1992,1
"914",57,2004,1.82136642932892,0,1992,1
"915",57,2005,2.50744795799255,0,1992,1
"916",57,2006,2.20581269264221,0,1992,1
"917",57,2007,2.0551769733429,0,1992,1
"918",57,2008,1.94746172428131,0,1992,1
"919",57,2009,2.05871415138245,0,1992,1
"920",57,2010,2.61125087738037,0,1992,1
"921",57,2011,2.14243745803833,0,1992,1
"922",57,2012,2.45877814292908,0,1992,1
"923",58,1992,4.05456113815308,1,1992,1
"924",58,1993,4.27208662033081,1,1992,1
"925",58,1994,4.32774591445923,1,1992,1
"926",58,1995,3.32770442962646,1,1992,1
"927",58,1996,3.12701153755188,1,1992,1
"928",58,1997,3.1035327911377,0,1992,1
"929",58,1998,3.32869553565979,0,1992,1
"930",58,1999,3.58938765525818,0,1992,1
"931",58,2000,3.74967694282532,0,1992,1
"932",58,2001,4.38480186462402,0,1992,1
"933",58,2002,4.49640798568726,0,1992,1
"934",58,2003,4.61664724349976,0,1992,1
"935",58,2004,4.95982360839844,0,1992,1
"936",58,2005,4.96005487442017,0,1992,1
"937",58,2006,6.43645858764648,0,1992,1
"938",58,2007,6.54493474960327,0,1992,1
"939",58,2008,6.54430723190308,0,1992,1
"940",58,2009,6.58547115325928,0,1992,1
"941",58,2010,6.51468706130981,1,1992,1
"942",58,2011,6.61735010147095,1,1992,1
"943",58,2012,6.65328645706177,1,1992,1
"944",59,1992,1.85456037521362,0,1997,2
"945",59,1993,1.71045064926147,0,1997,2
"946",59,1994,1.62552404403687,0,1997,2
"947",59,1995,1.04874038696289,0,1997,2
"948",59,1996,0.990244269371033,0,1997,2
"949",59,1997,1.10400319099426,1,1997,2
"950",59,1998,1.11114597320557,1,1997,2
"951",59,1999,1.11469841003418,1,1997,2
"952",59,2000,1.07859337329865,0,1997,2
"953",59,2001,1.17990159988403,0,1997,2
"954",59,2002,1.25433158874512,1,1997,2
"955",59,2003,2.41351675987244,1,1997,2
"956",59,2004,2.44964814186096,0,1997,2
"957",59,2005,2.4716362953186,0,1997,2
"958",59,2006,2.74900770187378,0,1997,2
"959",59,2007,3.17139983177185,0,1997,2
"960",59,2008,2.9922821521759,0,1997,2
"961",59,2009,2.97436261177063,0,1997,2
"962",59,2010,3.08131074905396,0,1997,2
"963",59,2011,2.65937685966492,0,1997,2
"964",59,2012,2.66615295410156,0,1997,2
"965",60,1992,3.09298467636108,0,1997,2
"966",60,1993,3.59892296791077,0,1997,2
"967",60,1995,3.50497627258301,0,1997,2
"968",60,1996,3.40717077255249,0,1997,2
"969",60,1997,3.38681650161743,1,1997,2
"970",60,1998,3.35407710075378,1,1997,2
"971",60,1999,3.56910824775696,1,1997,2
"972",60,2000,3.77677655220032,1,1997,2
"973",60,2001,4.1156964302063,1,1997,2
"974",60,2002,4.64713430404663,1,1997,2
"975",60,2003,4.83774852752686,1,1997,2
"976",60,2004,4.98365211486816,1,1997,2
"977",60,2005,5.16812610626221,1,1997,2
"978",60,2006,6.5628457069397,0,1997,2
"979",60,2007,6.61302709579468,0,1997,2
"980",60,2008,6.56354713439941,0,1997,2
"981",60,2009,6.65438604354858,0,1997,2
"983",60,2011,6.72467994689941,0,1997,2
"984",60,2012,6.74277544021606,0,1997,2
"985",61,1992,3.16817617416382,0,1997,2
"986",61,1993,3.66297125816345,0,1997,2
"987",61,1994,3.71083068847656,0,1997,2
"988",61,1995,3.61698198318481,0,1997,2
"989",61,1996,3.52762413024902,0,1997,2
"990",61,1997,3.48684906959534,1,1997,2
"991",61,1998,3.56410431861877,1,1997,2
"992",61,1999,3.71301412582397,0,1997,2
"993",61,2000,3.93720865249634,0,1997,2
"994",61,2001,4.48542165756226,0,1997,2
"995",61,2002,4.73063802719116,0,1997,2
"996",61,2003,4.89019346237183,0,1997,2
"997",61,2004,5.17980051040649,0,1997,2
"998",61,2005,5.32641267776489,0,1997,2
"999",61,2006,6.70355653762817,0,1997,2
"1000",61,2007,6.74189710617065,0,1997,2
"1001",61,2008,6.76455974578857,0,1997,2
"1002",61,2009,6.74915027618408,0,1997,2
"1003",61,2010,6.71005916595459,0,1997,2
"1004",61,2011,6.76209259033203,0,1997,2
"1005",61,2012,6.63362979888916,0,1997,2
"1006",62,1992,1.0411137342453,0,1997,2
"1007",62,1993,0.933483123779297,0,1997,2
"1008",62,1994,0.985535144805908,0,1997,2
"1009",62,1995,0.240631386637688,0,1997,2
"1010",62,1996,0.84307599067688,0,1997,2
"1011",62,1997,0.853592157363892,1,1997,2
"1012",62,1998,0.814377427101135,0,1997,2
"1013",62,1999,0.695759356021881,0,1997,2
"1014",62,2000,0.626398742198944,0,1997,2
"1015",62,2001,0.582256495952606,0,1997,2
"1016",62,2002,0.579175233840942,0,1997,2
"1017",62,2003,1.44821572303772,0,1997,2
"1018",62,2004,2.57318449020386,0,1997,2
"1019",62,2005,2.51239967346191,0,1997,2
"1020",62,2006,2.70233583450317,0,1997,2
"1021",62,2007,3.05186939239502,0,1997,2
"1022",62,2008,3.13632798194885,0,1997,2
"1023",62,2009,4.34001016616821,0,1997,2
"1024",62,2010,3.45971202850342,0,1997,2
"1025",62,2011,2.64470362663269,1,1997,2
"1026",62,2012,2.9707612991333,1,1997,2
"1027",63,1992,4.05615997314453,1,1992,1
"1028",63,1993,4.20711278915405,0,1992,1
"1029",63,1994,4.24660921096802,0,1992,1
"1030",63,1995,3.13945484161377,0,1992,1
"1031",63,1996,3.11049914360046,0,1992,1
"1032",63,1997,3.04108428955078,0,1992,1
"1033",63,1998,3.16241765022278,0,1992,1
"1034",63,1999,3.36597514152527,0,1992,1
"1035",63,2000,3.7023024559021,0,1992,1
"1036",63,2001,4.12033987045288,0,1992,1
"1037",63,2002,4.13742780685425,0,1992,1
"1038",63,2003,4.11266183853149,0,1992,1
"1039",63,2004,4.3186182975769,0,1992,1
"1040",63,2005,4.65015029907227,0,1992,1
"1041",63,2006,6.34930658340454,0,1992,1
"1042",63,2007,6.44001245498657,0,1992,1
"1043",63,2008,6.40097951889038,0,1992,1
"1044",63,2009,6.45149517059326,0,1992,1
"1045",63,2010,6.48387813568115,1,1992,1
"1046",63,2011,6.43704223632812,1,1992,1
"1047",63,2012,6.22305202484131,1,1992,1
"1048",64,1992,3.25264263153076,0,1997,2
"1049",64,1993,3.90362763404846,0,1997,2
"1050",64,1994,4.06064987182617,0,1997,2
"1051",64,1995,3.99886250495911,0,1997,2
"1052",64,1996,3.83270621299744,0,1997,2
"1053",64,1997,3.83115148544312,1,1997,2
"1054",64,1998,4.33004474639893,1,1997,2
"1055",64,1999,4.45387315750122,1,1997,2
"1056",64,2000,4.85426568984985,1,1997,2
"1057",64,2001,5.21127796173096,1,1997,2
"1058",64,2002,5.37862873077393,1,1997,2
"1059",64,2003,6.00760078430176,1,1997,2
"1060",64,2004,6.03082084655762,1,1997,2
"1061",64,2005,6.05349779129028,1,1997,2
"1062",64,2006,6.77612495422363,0,1997,2
"1063",64,2007,6.75824308395386,0,1997,2
"1064",64,2008,6.69824457168579,0,1997,2
"1065",64,2009,6.76809644699097,0,1997,2
"1066",64,2010,6.62972259521484,0,1997,2
"1067",64,2011,6.69239902496338,0,1997,2
"1068",64,2012,6.6921763420105,0,1997,2
"1069",65,1992,0.856776595115662,0,1997,2
"1070",65,1993,0.766219437122345,0,1997,2
"1071",65,1994,0.773189902305603,0,1997,2
"1072",65,1995,1.11240565776825,0,1997,2
"1073",65,1996,1.25137507915497,0,1997,2
"1074",65,1997,1.4337170124054,1,1997,2
"1075",65,1998,1.46119558811188,1,1997,2
"1076",65,1999,1.49055540561676,1,1997,2
"1077",65,2000,1.27971875667572,1,1997,2
"1079",65,2002,0.823986768722534,1,1997,2
"1080",65,2003,1.57635879516602,0,1997,2
"1081",65,2004,1.82893061637878,0,1997,2
"1082",65,2005,2.26673126220703,0,1997,2
"1083",65,2006,2.80300092697144,0,1997,2
"1084",65,2007,2.66147971153259,0,1997,2
"1085",65,2008,2.80704116821289,0,1997,2
"1086",65,2009,2.85856223106384,0,1997,2
"1087",65,2010,2.67006635665894,0,1997,2
"1088",65,2011,2.44899606704712,0,1997,2
"1089",65,2012,2.73616242408752,0,1997,2
"1090",66,1992,0.458746463060379,0,2010,3
"1091",66,1993,0.859671831130981,0,2010,3
"1092",66,1994,0.874830007553101,0,2010,3
"1093",66,1995,0.814615964889526,0,2010,3
"1094",66,1996,0.808457970619202,0,2010,3
"1095",66,1997,0.835277855396271,0,2010,3
"1096",66,1998,0.799942433834076,0,2010,3
"1097",66,1999,0.825318992137909,0,2010,3
"1098",66,2000,0.831022381782532,0,2010,3
"1099",66,2001,0.91906464099884,0,2010,3
"1100",66,2002,1.07770562171936,0,2010,3
"1101",66,2003,2.05873394012451,0,2010,3
"1102",66,2004,2.3875617980957,0,2010,3
"1103",66,2005,2.0512707233429,0,2010,3
"1104",66,2006,2.8597297668457,0,2010,3
"1105",66,2007,3.05355954170227,0,2010,3
"1106",66,2008,2.94090485572815,0,2010,3
"1107",66,2009,2.89299583435059,0,2010,3
"1108",66,2010,2.96037840843201,1,2010,3
"1109",66,2011,2.69386553764343,1,2010,3
"1110",66,2012,2.80423021316528,1,2010,3
"1111",67,1992,0.505630791187286,0,NA,0
"1112",67,1993,0.591364443302155,0,NA,0
"1113",67,1994,0.658615231513977,0,NA,0
"1114",67,1995,0.721032381057739,0,NA,0
"1115",67,1996,0.880111038684845,0,NA,0
"1116",67,1997,1.05922365188599,0,NA,0
"1117",67,1998,0.821721911430359,0,NA,0
"1118",67,1999,0.80755752325058,0,NA,0
"1119",67,2000,0.812267959117889,0,NA,0
"1120",67,2001,0.81831032037735,0,NA,0
"1121",67,2002,0.828504025936127,0,NA,0
"1122",67,2003,1.70622992515564,0,NA,0
"1123",67,2004,1.9855455160141,0,NA,0
"1124",67,2005,1.97861301898956,0,NA,0
"1125",67,2006,1.78686344623566,0,NA,0
"1126",67,2007,2.18220710754395,0,NA,0
"1127",67,2008,2.06959509849548,0,NA,0
"1128",68,1992,0.853238344192505,0,1997,2
"1129",68,1993,0.847297847270966,0,1997,2
"1130",68,1994,0.81630951166153,0,1997,2
"1131",68,1995,0.80866003036499,0,1997,2
"1132",68,1996,0.821948111057281,0,1997,2
"1133",68,1997,0.763105750083923,1,1997,2
"1134",68,1998,0.819621741771698,1,1997,2
"1135",68,1999,0.802379906177521,0,1997,2
"1136",68,2000,0.837541699409485,0,1997,2
"1137",68,2001,0.840150415897369,0,1997,2
"1138",68,2002,0.85149073600769,0,1997,2
"1139",68,2003,1.63296842575073,0,1997,2
"1140",68,2004,2.76289796829224,0,1997,2
"1141",68,2005,2.8357527256012,0,1997,2
"1142",68,2006,3.01727962493896,0,1997,2
"1143",68,2007,3.41427779197693,0,1997,2
"1144",68,2008,2.58303642272949,0,1997,2
"1145",68,2009,2.50483560562134,0,1997,2
"1146",68,2010,2.55067992210388,0,1997,2
"1147",68,2011,2.21583414077759,0,1997,2
"1148",68,2012,2.81646823883057,0,1997,2
"1149",69,1992,0.560305655002594,0,NA,0
"1150",69,1993,0.727832794189453,0,NA,0
"1151",69,1994,0.775820136070251,0,NA,0
"1152",69,1995,0.924463510513306,0,NA,0
"1153",69,1996,0.600773811340332,0,NA,0
"1154",69,1997,0.556600153446198,0,NA,0
"1155",69,1998,0.569933712482452,0,NA,0
"1156",69,1999,0.658599376678467,0,NA,0
"1157",69,2000,0.60250985622406,0,NA,0
"1158",69,2001,0.933562338352203,0,NA,0
"1159",69,2002,0.920888423919678,0,NA,0
"1160",69,2003,2.01073241233826,0,NA,0
"1161",69,2004,1.90941751003265,0,NA,0
"1162",69,2005,2.65030908584595,0,NA,0
"1163",69,2006,2.66919946670532,0,NA,0
"1164",69,2007,2.19550609588623,0,NA,0
"1165",69,2008,2.16072416305542,0,NA,0
"1166",70,1992,0.60179740190506,0,NA,0
"1167",70,1993,0.635871827602386,0,NA,0
"1168",70,1994,0.489235013723373,0,NA,0
"1169",70,1995,0.411251038312912,0,NA,0
"1170",70,1996,3.23468637466431,0,NA,0
"1171",70,1997,0.466011554002762,0,NA,0
"1172",70,1998,0.488714218139648,0,NA,0
"1173",70,1999,0.512811779975891,0,NA,0
"1174",70,2000,0.486226469278336,0,NA,0
"1175",70,2001,0.539982199668884,0,NA,0
"1176",70,2002,0.779667258262634,0,NA,0
"1177",70,2003,1.51085710525513,0,NA,0
"1178",70,2004,1.77806067466736,0,NA,0
"1179",70,2005,2.30258512496948,0,NA,0
"1180",70,2006,2.37916803359985,0,NA,0
"1181",70,2007,2.32876992225647,0,NA,0
"1182",70,2008,2.35907530784607,0,NA,0
"1183",71,1992,0.542132496833801,1,1992,1
"1184",71,1993,0.334847539663315,1,1992,1
"1185",71,1994,0.465953886508942,1,1992,1
"1186",71,1995,0.529132783412933,0,1992,1
"1187",71,1996,0.481290072202682,0,1992,1
"1188",71,1997,0.487127810716629,1,1992,1
"1189",71,1998,0.588963806629181,1,1992,1
"1190",71,1999,0.592503666877747,1,1992,1
"1191",71,2000,0.881368517875671,1,1992,1
"1192",71,2001,0.863009333610535,1,1992,1
"1193",71,2002,1.12950277328491,1,1992,1
"1194",71,2003,1.54505336284637,0,1992,1
"1195",71,2004,1.73433125019073,0,1992,1
"1196",71,2005,1.75437200069427,0,1992,1
"1197",71,2006,1.80738174915314,0,1992,1
"1198",71,2007,1.96474671363831,0,1992,1
"1199",71,2008,2.25777578353882,0,1992,1
"1200",71,2009,2.41986989974976,0,1992,1
"1201",71,2010,2.49543023109436,1,1992,1
"1202",71,2011,2.46661639213562,1,1992,1
"1203",71,2012,2.56992745399475,1,1992,1
"1204",72,2009,6.58347320556641,0,2010,3
"1205",72,2010,6.5885272026062,1,2010,3
"1206",72,2011,6.60610485076904,1,2010,3
"1207",72,2012,6.61086177825928,1,2010,3
"1208",73,1992,0.426536679267883,1,1992,1
"1209",73,1993,0.39853847026825,1,1992,1
"1210",73,1994,0.424529820680618,1,1992,1
"1211",73,1995,0.37099814414978,0,1992,1
"1212",73,1996,0.30823615193367,0,1992,1
"1213",73,1997,0.299067407846451,1,1992,1
"1214",73,1998,0.287366181612015,1,1992,1
"1215",73,1999,0.27918741106987,0,1992,1
"1216",73,2000,0.623697757720947,0,1992,1
"1217",73,2001,0.607285857200623,0,1992,1
"1218",73,2002,0.624827980995178,0,1992,1
"1219",73,2003,1.40948092937469,0,1992,1
"1220",73,2004,1.83830857276917,0,1992,1
"1221",73,2005,1.77510511875153,0,1992,1
"1222",73,2006,1.78493785858154,0,1992,1
"1223",73,2007,2.3332028388977,0,1992,1
"1224",73,2008,2.07078337669373,0,1992,1
"1225",73,2009,2.20381021499634,0,1992,1
"1226",73,2010,2.40542888641357,1,1992,1
"1227",73,2011,2.35512018203735,1,1992,1
"1228",73,2012,2.6551148891449,1,1992,1
"1229",74,1992,0.176592215895653,1,1992,1
"1230",74,1993,0.366462916135788,1,1992,1
"1231",74,1994,0.481266796588898,1,1992,1
"1232",74,1995,0.520413398742676,0,1992,1
"1233",74,1996,0.492690414190292,0,1992,1
"1234",74,1997,0.460372775793076,0,1992,1
"1235",74,1998,0.511464416980743,0,1992,1
"1236",74,1999,0.45868581533432,0,1992,1
"1237",74,2000,0.41070893406868,0,1992,1
"1238",74,2001,0.406968325376511,0,1992,1
"1239",74,2002,0.654441177845001,0,1992,1
"1240",74,2003,1.60369253158569,0,1992,1
"1241",74,2004,1.7127593755722,0,1992,1
"1242",74,2005,1.73775064945221,0,1992,1
"1243",74,2006,1.78543031215668,0,1992,1
"1244",74,2007,1.84747004508972,0,1992,1
"1245",74,2008,2.16377472877502,0,1992,1
"1246",74,2009,2.14417004585266,0,1992,1
"1247",74,2010,1.76076328754425,1,1992,1
"1248",74,2011,2.20435047149658,1,1992,1
"1249",74,2012,2.27688908576965,1,1992,1
"1250",75,1992,1.03859424591064,0,2011,3
"1251",75,1993,0.588508605957031,0,2011,3
"1252",75,1994,0.321583569049835,0,2011,3
"1253",75,1995,0.867313206195831,0,2011,3
"1254",75,1996,0.858471095561981,0,2011,3
"1255",75,1997,0.856369435787201,0,2011,3
"1256",75,1998,0.828429341316223,0,2011,3
"1257",75,1999,0.806442439556122,0,2011,3
"1258",75,2000,0.798034906387329,0,2011,3
"1259",75,2001,0.755210936069489,0,2011,3
"1260",75,2002,0.841243386268616,0,2011,3
"1261",75,2003,1.65979182720184,0,2011,3
"1262",75,2004,1.63457381725311,0,2011,3
"1263",75,2005,1.78415489196777,0,2011,3
"1264",75,2006,2.25415849685669,0,2011,3
"1265",75,2007,2.0439076423645,0,2011,3
"1266",75,2008,2.15913915634155,0,2011,3
"1267",75,2009,2.09665656089783,0,2011,3
"1268",75,2010,2.54623126983643,0,2011,3
"1269",75,2011,2.13784289360046,1,2011,3
"1270",75,2012,2.40707778930664,1,2011,3
"1271",76,1992,0.54189920425415,1,1992,1
"1272",76,1993,0.78369265794754,1,1992,1
"1273",76,1994,0.559725940227509,1,1992,1
"1274",76,1995,0.585268020629883,0,1992,1
"1275",76,1996,0.50324410200119,0,1992,1
"1276",76,1997,0.436999797821045,1,1992,1
"1277",76,1998,0.858435988426208,0,1992,1
"1278",76,1999,0.403261601924896,0,1992,1
"1279",76,2000,0.345021456480026,0,1992,1
"1280",76,2001,0.623849093914032,0,1992,1
"1281",76,2002,0.404057681560516,0,1992,1
"1282",76,2003,1.39183449745178,0,1992,1
"1283",76,2004,1.82566106319427,0,1992,1
"1284",76,2005,2.14006614685059,0,1992,1
"1285",76,2006,2.16289734840393,0,1992,1
"1286",76,2007,1.92190253734589,0,1992,1
"1287",76,2008,2.02540349960327,0,1992,1
"1288",76,2009,2.01683902740479,0,1992,1
"1289",76,2010,2.24141764640808,1,1992,1
"1290",76,2011,2.49538803100586,1,1992,1
"1291",76,2012,2.34306526184082,1,1992,1
"1309",78,2009,6.52090215682983,0,2010,3
"1310",78,2010,6.52305221557617,1,2010,3
"1311",78,2011,6.50232315063477,1,2010,3
"1312",78,2012,6.44876050949097,1,2010,3
"1313",79,2009,6.59818744659424,0,2010,3
"1314",79,2010,6.58944463729858,1,2010,3
"1315",79,2011,6.6074275970459,1,2010,3
"1316",79,2012,6.60328769683838,1,2010,3
"1317",80,1992,0.733969151973724,0,NA,0
"1318",80,1993,0.733969151973724,0,NA,0
"1319",80,1994,0.733969151973724,0,NA,0
"1320",80,1995,0.725670337677002,0,NA,0
"1321",80,1996,0.725670337677002,0,NA,0
"1322",80,1997,0.741104423999786,0,NA,0
"1323",80,1998,0.776025354862213,0,NA,0
"1324",80,1999,0.750579178333282,0,NA,0
"1325",80,2000,0.752829790115356,0,NA,0
"1326",80,2001,0.762990713119507,0,NA,0
"1327",80,2002,1.04120135307312,0,NA,0
"1328",80,2003,1.99381363391876,0,NA,0
"1329",80,2004,1.99043524265289,0,NA,0
"1330",80,2005,2.00562405586243,0,NA,0
"1331",80,2006,2.938227891922,0,NA,0
"1332",80,2007,3.01121044158936,0,NA,0
"1333",80,2008,2.72306299209595,0,NA,0
"1334",81,1992,0.930996894836426,0,1997,2
"1335",81,1993,0.957264840602875,0,1997,2
"1336",81,1994,0.862638056278229,0,1997,2
"1337",81,1995,0.883373916149139,0,1997,2
"1338",81,1996,0.865989983081818,0,1997,2
"1339",81,1997,0.845760583877563,1,1997,2
"1340",81,1998,0.826896727085114,1,1997,2
"1341",81,1999,0.849539160728455,1,1997,2
"1342",81,2000,1.13039708137512,1,1997,2
"1343",81,2001,1.17919278144836,1,1997,2
"1344",81,2002,1.20571041107178,1,1997,2
"1345",81,2003,1.92686200141907,1,1997,2
"1346",81,2004,2.60756945610046,1,1997,2
"1347",81,2005,2.77282309532166,1,1997,2
"1348",81,2006,2.8635401725769,1,1997,2
"1349",81,2007,2.56118297576904,1,1997,2
"1350",81,2008,2.58978891372681,1,1997,2
"1351",82,1992,0.9683758020401,0,1997,2
"1352",82,1993,1.02304601669312,0,1997,2
"1353",82,1994,1.04280459880829,0,1997,2
"1354",82,1995,1.31808614730835,0,1997,2
"1355",82,1996,1.37018120288849,0,1997,2
"1356",82,1997,1.46456813812256,1,1997,2
"1357",82,1998,1.05674254894257,1,1997,2
"1358",82,1999,1.08556640148163,1,1997,2
"1359",82,2000,1.12840664386749,1,1997,2
"1360",82,2001,1.17038190364838,1,1997,2
"1361",82,2002,1.21394288539886,1,1997,2
"1362",82,2003,1.95081424713135,0,1997,2
"1363",82,2004,2.19385194778442,0,1997,2
"1364",82,2005,2.26727509498596,0,1997,2
"1365",82,2006,2.59807276725769,0,1997,2
"1366",82,2007,2.61373949050903,0,1997,2
"1367",82,2008,2.30757260322571,0,1997,2
"1368",82,2009,2.2764003276825,0,1997,2
"1369",82,2010,3.4873263835907,0,1997,2
"1370",82,2011,2.36780476570129,0,1997,2
"1371",82,2012,2.28359389305115,0,1997,2
"1373",83,1993,0.622152864933014,1,1992,1
"1374",83,1994,0.660838901996613,1,1992,1
"1376",83,1996,0.621795952320099,0,1992,1
"1377",83,1997,0.570834398269653,0,1992,1
"1378",83,1998,0.594016551971436,0,1992,1
"1379",83,1999,0.58358496427536,0,1992,1
"1380",83,2000,0.543795585632324,0,1992,1
"1381",83,2001,0.567377805709839,0,1992,1
"1382",83,2002,0.760940313339233,0,1992,1
"1383",83,2003,1.44886767864227,0,1992,1
"1384",83,2004,1.68744659423828,0,1992,1
"1385",83,2005,2.06074953079224,0,1992,1
"1386",83,2006,2.94250559806824,0,1992,1
"1387",83,2007,2.9083902835846,0,1992,1
"1388",83,2008,2.61140584945679,0,1992,1
"1389",83,2009,2.43828511238098,0,1992,1
"1390",83,2010,2.72509860992432,1,1992,1
"1391",83,2011,2.27283978462219,1,1992,1
"1392",83,2012,2.75984263420105,1,1992,1
"1393",84,1992,0.457129061222076,1,1992,1
"1394",84,1993,0.659052968025208,1,1992,1
"1395",84,1994,0.549791634082794,1,1992,1
"1396",84,1995,0.532565593719482,0,1992,1
"1397",84,1996,0.553385198116302,0,1992,1
"1398",84,1997,0.520743072032928,0,1992,1
"1399",84,1998,0.428618431091309,0,1992,1
"1400",84,1999,0.467340528964996,0,1992,1
"1401",84,2000,0.764972984790802,0,1992,1
"1402",84,2001,0.470537126064301,0,1992,1
"1403",84,2002,0.517215430736542,0,1992,1
"1404",84,2003,1.46495640277863,0,1992,1
"1405",84,2004,2.34322786331177,0,1992,1
"1406",84,2005,2.40378904342651,0,1992,1
"1407",84,2006,1.97014510631561,0,1992,1
"1408",84,2007,2.05989146232605,0,1992,1
"1409",84,2008,1.73323214054108,0,1992,1
"1410",84,2009,5.23130893707275,0,1992,1
"1411",84,2010,2.10630512237549,1,1992,1
"1412",84,2011,1.95949029922485,1,1992,1
"1413",84,2012,2.17807817459106,1,1992,1
"1414",85,1992,0.620445370674133,0,1997,2
"1415",85,1993,0.617215514183044,0,1997,2
"1416",85,1994,0.646141171455383,0,1997,2
"1417",85,1995,0.655367255210876,0,1997,2
"1418",85,1996,0.902163326740265,0,1997,2
"1419",85,1997,0.646385431289673,1,1997,2
"1420",85,1998,0.634675443172455,1,1997,2
"1421",85,1999,0.643344342708588,1,1997,2
"1422",85,2000,0.666560769081116,0,1997,2
"1423",85,2001,0.655522048473358,0,1997,2
"1424",85,2002,0.82455974817276,0,1997,2
"1425",85,2003,1.79606628417969,0,1997,2
"1426",85,2004,1.53716707229614,0,1997,2
"1427",85,2005,1.59783232212067,0,1997,2
"1428",85,2006,1.59794354438782,0,1997,2
"1429",85,2007,2.14398002624512,0,1997,2
"1430",85,2008,2.40199589729309,0,1997,2
"1431",85,2009,2.66853475570679,0,1997,2
"1432",85,2010,2.9022810459137,1,1997,2
"1433",85,2011,2.34645581245422,0,1997,2
"1434",85,2012,2.86409664154053,0,1997,2
"1435",86,1992,0.765467882156372,1,1992,1
"1436",86,1993,0.731521129608154,1,1992,1
"1437",86,1994,0.716957807540894,1,1992,1
"1438",86,1995,0.82667863368988,0,1992,1
"1439",86,1996,0.863772690296173,0,1992,1
"1440",86,1997,2.61274003982544,0,1992,1
"1441",86,1998,0.785986185073853,0,1992,1
"1442",86,1999,0.776977121829987,0,1992,1
"1443",86,2000,0.771108686923981,0,1992,1
"1444",86,2001,0.795146346092224,0,1992,1
"1445",86,2002,0.857316732406616,0,1992,1
"1446",86,2003,2.38043713569641,0,1992,1
"1447",86,2004,1.89711999893188,0,1992,1
"1448",86,2005,2.62884521484375,0,1992,1
"1449",86,2006,2.65617847442627,0,1992,1
"1450",86,2007,2.53323912620544,0,1992,1
"1451",86,2008,2.90185904502869,0,1992,1
"1452",86,2009,2.91788959503174,0,1992,1
"1453",86,2010,2.83372688293457,1,1992,1
"1454",86,2011,2.70663070678711,1,1992,1
"1455",86,2012,2.68451976776123,1,1992,1
"1464",90,1992,0.595242977142334,0,NA,0
"1465",90,1993,1.02328252792358,0,NA,0
"1466",90,1994,0.702524304389954,0,NA,0
"1467",90,1995,0.747955322265625,0,NA,0
"1468",90,1996,0.835579335689545,0,NA,0
"1469",90,1997,0.733178377151489,0,NA,0
"1470",90,1998,0.742493093013763,0,NA,0
"1471",90,1999,0.757446229457855,0,NA,0
"1472",90,2000,0.725235521793365,0,NA,0
"1473",90,2001,0.688096642494202,0,NA,0
"1474",90,2002,0.718465030193329,0,NA,0
"1475",90,2003,1.48247826099396,0,NA,0
"1476",90,2004,1.77639293670654,0,NA,0
"1477",90,2005,1.77973020076752,0,NA,0
"1478",90,2006,2.1485378742218,0,NA,0
"1479",90,2007,2.27591681480408,0,NA,0
"1480",90,2008,2.41802334785461,0,NA,0
"1481",90,2009,2.55060195922852,0,NA,0
"1482",90,2010,2.73816323280334,0,NA,0
"1483",90,2011,1.86993265151978,0,NA,0
"1484",90,2012,2.02698445320129,0,NA,0
"1485",91,1992,0.526193618774414,0,NA,0
"1486",91,1993,0.412743449211121,0,NA,0
"1487",91,1994,0.265703201293945,0,NA,0
"1488",91,1995,0.230177566409111,0,NA,0
"1489",91,1996,0.233614817261696,0,NA,0
"1490",91,1997,0.193538144230843,0,NA,0
"1491",91,1998,1.43486654758453,0,NA,0
"1492",91,1999,0.46397864818573,0,NA,0
"1493",91,2000,0.480972647666931,0,NA,0
"1494",91,2001,0.775623321533203,0,NA,0
"1495",91,2002,1.07476103305817,0,NA,0
"1496",91,2003,2.00901198387146,0,NA,0
"1497",91,2004,1.81776309013367,0,NA,0
"1498",91,2005,1.77590072154999,0,NA,0
"1499",91,2006,1.57211196422577,0,NA,0
"1500",91,2007,2.56370115280151,0,NA,0
"1501",91,2008,2.24536371231079,0,NA,0
"1503",92,1993,0.927340507507324,0,1997,2
"1504",92,1994,0.927340507507324,0,1997,2
"1505",92,1995,0.95444256067276,0,1997,2
"1506",92,1996,0.980829298496246,0,1997,2
"1507",92,1997,1.00424468517303,1,1997,2
"1508",92,1998,1.06943070888519,1,1997,2
"1509",92,1999,1.0595782995224,1,1997,2
"1510",92,2000,1.07368290424347,1,1997,2
"1511",92,2001,1.0967001914978,1,1997,2
"1512",92,2002,1.17490100860596,1,1997,2
"1513",92,2003,1.8985641002655,1,1997,2
"1514",92,2004,1.93361282348633,1,1997,2
"1515",92,2005,1.86942923069,1,1997,2
"1516",92,2006,2.21994233131409,1,1997,2
"1517",92,2007,3.80868053436279,1,1997,2
"1518",92,2008,3.16758251190186,1,1997,2
"1519",92,2009,3.21603083610535,1,1997,2
"1520",92,2010,3.10095047950745,0,1997,2
"1521",92,2011,3.06501197814941,0,1997,2
"1522",92,2012,3.05508661270142,0,1997,2
"1523",93,1992,0.99367743730545,0,1997,2
"1524",93,1993,1.02426469326019,0,1997,2
"1525",93,1994,1.03759813308716,0,1997,2
"1526",93,1995,1.09608387947083,0,1997,2
"1527",93,1996,0.975131273269653,0,1997,2
"1528",93,1997,0.979890763759613,1,1997,2
"1529",93,1998,0.995013892650604,1,1997,2
"1530",93,1999,1.00458335876465,1,1997,2
"1531",93,2000,0.992892146110535,1,1997,2
"1532",93,2001,0.910448491573334,1,1997,2
"1533",93,2002,1.02515387535095,1,1997,2
"1534",93,2003,2.43611645698547,1,1997,2
"1535",93,2004,2.07567501068115,1,1997,2
"1537",93,2006,2.41578602790833,1,1997,2
"1538",93,2007,2.85290813446045,1,1997,2
"1539",93,2008,2.84848999977112,1,1997,2
"1540",93,2009,3.3155026435852,1,1997,2
"1541",93,2010,3.71278500556946,0,1997,2
"1542",93,2011,2.93119382858276,0,1997,2
"1543",93,2012,2.37848353385925,0,1997,2
"1561",95,2009,6.51109552383423,0,NA,0
"1562",95,2010,6.53523921966553,0,NA,0
"1563",95,2011,6.57242631912231,0,NA,0
"1564",95,2012,6.31833362579346,0,NA,0
"1565",97,1992,0.412883877754211,0,2010,3
"1566",97,1993,0.608589768409729,0,2010,3
"1567",97,1994,0.621154129505157,0,2010,3
"1568",97,1995,0.547193288803101,0,2010,3
"1569",97,1996,0.528844177722931,0,2010,3
"1570",97,1997,0.528844177722931,0,2010,3
"1571",97,1998,0.470003634691238,0,2010,3
"1572",97,1999,0.536986410617828,0,2010,3
"1573",97,2000,0.52263218164444,0,2010,3
"1574",97,2001,0.584591746330261,0,2010,3
"1575",97,2002,0.578628778457642,0,2010,3
"1576",97,2003,1.38510465621948,0,2010,3
"1577",97,2004,1.58928608894348,0,2010,3
"1578",97,2005,1.63892412185669,0,2010,3
"1579",97,2006,1.58642053604126,0,2010,3
"1580",97,2007,1.77566254138947,0,2010,3
"1581",97,2008,1.77566254138947,0,2010,3
"1582",97,2009,2.2487165927887,0,2010,3
"1583",97,2010,2.19788980484009,1,2010,3
"1584",97,2011,2.2659957408905,1,2010,3
"1585",97,2012,2.72976875305176,1,2010,3
"1589",98,1995,3.76285815238953,0,1997,2
"1590",98,1996,3.64279222488403,0,1997,2
"1591",98,1997,3.5077428817749,1,1997,2
"1592",98,1998,3.35410237312317,1,1997,2
"1593",98,1999,3.9040961265564,1,1997,2
"1594",98,2000,4.18137407302856,1,1997,2
"1595",98,2001,4.38412237167358,1,1997,2
"1596",98,2002,4.77155113220215,1,1997,2
"1597",98,2003,5.00351762771606,0,1997,2
"1598",98,2004,5.33185243606567,0,1997,2
"1599",98,2005,5.45813798904419,0,1997,2
"1600",98,2006,6.66028356552124,0,1997,2
"1601",98,2007,6.75061178207397,0,1997,2
"1602",98,2008,6.69940948486328,0,1997,2
"1603",98,2009,6.74573087692261,0,1997,2
"1604",98,2010,6.7549409866333,0,1997,2
"1605",98,2011,6.73589944839478,0,1997,2
"1606",98,2012,6.66937494277954,0,1997,2
"1607",99,1992,0.328895419836044,0,2010,3
"1608",99,1993,0.573883771896362,0,2010,3
"1609",99,1994,0.424883216619492,0,2010,3
"1610",99,1995,0.460664689540863,0,2010,3
"1611",99,1996,-0.242946162819862,0,2010,3
"1612",99,1997,0.462623506784439,0,2010,3
"1613",99,1998,0.498991191387177,0,2010,3
"1614",99,1999,0.505028486251831,0,2010,3
"1615",99,2000,0.524171888828278,0,2010,3
"1616",99,2001,0.507001459598541,0,2010,3
"1617",99,2002,0.531639993190765,0,2010,3
"1618",99,2003,1.67444276809692,0,2010,3
"1619",99,2004,2.06965351104736,0,2010,3
"1620",99,2005,1.55785059928894,0,2010,3
"1621",99,2006,1.43666470050812,0,2010,3
"1622",99,2007,1.66311812400818,0,2010,3
"1623",99,2008,1.95367217063904,0,2010,3
"1624",99,2009,2.95006227493286,0,2010,3
"1625",99,2010,2.76678895950317,1,2010,3
"1626",99,2011,2.05204248428345,1,2010,3
"1627",99,2012,2.10131239891052,1,2010,3
"1629",100,1993,0.819597065448761,0,1997,2
"1630",100,1994,0.858737468719482,0,1997,2
"1632",100,1996,0.885246157646179,0,1997,2
"1633",100,1997,0.698480546474457,1,1997,2
"1634",100,1998,0.728457152843475,1,1997,2
"1635",100,1999,0.75364750623703,1,1997,2
"1636",100,2000,0.732526361942291,1,1997,2
"1637",100,2001,0.864618718624115,1,1997,2
"1638",100,2002,0.874962508678436,1,1997,2
"1639",100,2003,1.49490606784821,1,1997,2
"1640",100,2004,1.88755536079407,1,1997,2
"1641",100,2005,1.87440896034241,1,1997,2
"1642",100,2006,2.14810299873352,0,1997,2
"1643",100,2007,2.19777727127075,0,1997,2
"1644",100,2008,2.48741602897644,0,1997,2
"1645",100,2009,2.20176529884338,0,1997,2
"1646",100,2010,2.34131193161011,1,1997,2
"1647",100,2011,2.36961340904236,1,1997,2
"1648",100,2012,2.93786287307739,1,1997,2
"1649",101,1992,0.73357617855072,0,1997,2
"1650",101,1993,0.678758442401886,0,1997,2
"1651",101,1994,0.63047605752945,0,1997,2
"1652",101,1995,0.631951630115509,0,1997,2
"1653",101,1996,0.63398015499115,0,1997,2
"1654",101,1997,0.558372795581818,1,1997,2
"1655",101,1998,0.611654102802277,1,1997,2
"1656",101,1999,0.574285984039307,1,1997,2
"1657",101,2000,0.639801204204559,1,1997,2
"1658",101,2001,0.601685643196106,1,1997,2
"1659",101,2002,0.644572556018829,0,1997,2
"1660",101,2003,1.44270849227905,0,1997,2
"1661",101,2004,1.63587117195129,0,1997,2
"1662",101,2005,1.76029622554779,0,1997,2
"1663",101,2006,2.4411609172821,0,1997,2
"1664",101,2007,2.54110288619995,0,1997,2
"1665",101,2008,2.22821140289307,0,1997,2
"1666",102,1992,3.34957504272461,1,1992,1
"1667",102,1993,3.6384608745575,1,1992,1
"1668",102,1994,3.6348557472229,0,1992,1
"1669",102,1995,3.49175477027893,0,1992,1
"1670",102,1996,3.39051961898804,0,1992,1
"1671",102,1997,3.51068544387817,1,1992,1
"1672",102,1998,3.57543110847473,1,1992,1
"1673",102,1999,4.00116300582886,1,1992,1
"1674",102,2000,4.14274883270264,1,1992,1
"1675",102,2001,4.33327531814575,1,1992,1
"1676",102,2002,4.76017808914185,1,1992,1
"1677",102,2003,5.02992343902588,1,1992,1
"1678",102,2004,5.39075899124146,1,1992,1
"1679",102,2005,5.39604902267456,1,1992,1
"1680",102,2006,6.66288328170776,0,1992,1
"1681",102,2007,6.75139999389648,0,1992,1
"1682",102,2008,6.7501859664917,0,1992,1
"1683",102,2009,6.79021835327148,0,1992,1
"1684",102,2010,6.74352073669434,1,1992,1
"1685",102,2011,6.86309719085693,1,1992,1
"1686",102,2012,6.77092170715332,1,1992,1
"1687",103,1992,4.32521152496338,0,1997,2
"1688",103,1993,4.45964193344116,0,1997,2
"1689",103,1994,4.53857851028442,0,1997,2
"1690",103,1995,3.55511498451233,0,1997,2
"1691",103,1996,3.44170928001404,0,1997,2
"1692",103,1997,3.21668529510498,1,1997,2
"1693",103,1998,3.3590099811554,1,1997,2
"1694",103,1999,3.58574724197388,1,1997,2
"1695",103,2000,3.94014883041382,1,1997,2
"1696",103,2001,4.39900588989258,0,1997,2
"1697",103,2002,4.6632661819458,0,1997,2
"1698",103,2003,4.92587995529175,0,1997,2
"1699",103,2004,5.22074842453003,0,1997,2
"1700",103,2005,5.11877202987671,0,1997,2
"1701",103,2006,6.49323749542236,0,1997,2
"1702",103,2007,6.55366563796997,0,1997,2
"1703",103,2008,6.48639583587646,0,1997,2
"1704",103,2009,6.51285219192505,0,1997,2
"1705",103,2010,6.50154781341553,0,1997,2
"1706",103,2011,6.56187343597412,0,1997,2
"1707",103,2012,6.46153783798218,0,1997,2
"1708",104,1992,0.218608379364014,1,1992,1
"1709",104,1993,0.410980224609375,1,1992,1
"1710",104,1994,0.737696409225464,1,1992,1
"1711",104,1995,0.794810831546783,0,1992,1
"1712",104,1996,0.806689262390137,0,1992,1
"1713",104,1997,0.80221825838089,1,1992,1
"1714",104,1998,0.927381455898285,1,1992,1
"1715",104,1999,0.619896709918976,0,1992,1
"1716",104,2000,0.517368674278259,0,1992,1
"1717",104,2001,0.3609699010849,0,1992,1
"1718",104,2002,0.597837030887604,0,1992,1
"1719",104,2003,0.634878277778625,0,1992,1
"1720",104,2004,1.70619833469391,0,1992,1
"1721",104,2005,2.10062336921692,0,1992,1
"1722",104,2006,2.55933213233948,0,1992,1
"1723",104,2007,2.58157134056091,0,1992,1
"1724",104,2008,2.11038851737976,0,1992,1
"1725",104,2009,2.12285757064819,0,1992,1
"1726",104,2010,2.42259430885315,1,1992,1
"1727",104,2011,2.17709231376648,1,1992,1
"1728",104,2012,2.07488250732422,1,1992,1
"1732",105,1995,0.856663644313812,0,NA,0
"1733",105,1996,0.844464957714081,0,NA,0
"1734",106,1997,3.30611896514893,1,1997,2
"1735",106,1998,3.47873091697693,1,1997,2
"1736",106,1999,3.63268065452576,1,1997,2
"1737",106,2000,3.8961181640625,1,1997,2
"1738",106,2001,4.41349172592163,1,1997,2
"1739",106,2002,4.84723615646362,1,1997,2
"1740",106,2003,4.65862369537354,1,1997,2
"1741",106,2004,4.89519882202148,1,1997,2
"1742",106,2005,5.14212799072266,1,1997,2
"1743",106,2006,6.60219955444336,1,1997,2
"1744",106,2007,6.68384265899658,1,1997,2
"1745",106,2008,6.62510919570923,1,1997,2
"1746",106,2009,6.68521165847778,1,1997,2
"1747",106,2010,6.6364688873291,0,1997,2
"1748",106,2011,6.67015266418457,0,1997,2
"1749",106,2012,6.72994709014893,0,1997,2
"1750",107,1992,0.635388314723969,1,1992,1
"1751",107,1993,0.586463093757629,1,1992,1
"1752",107,1994,0.605136334896088,1,1992,1
"1753",107,1995,0.728653907775879,0,1992,1
"1754",107,1996,0.670101881027222,0,1992,1
"1755",107,1997,0.667706668376923,1,1992,1
"1756",107,1998,0.746524155139923,1,1992,1
"1757",107,1999,0.71535736322403,1,1992,1
"1758",107,2000,0.73443740606308,1,1992,1
"1759",107,2001,0.730930805206299,1,1992,1
"1760",107,2002,0.734201967716217,1,1992,1
"1761",107,2003,1.7917594909668,0,1992,1
"1762",107,2004,2.21431016921997,0,1992,1
"1763",107,2005,2.28738903999329,0,1992,1
"1764",107,2006,2.13750529289246,0,1992,1
"1765",107,2007,2.07915544509888,0,1992,1
"1766",107,2008,1.99252903461456,0,1992,1
"1767",107,2009,2.42012286186218,0,1992,1
"1768",107,2010,2.5582377910614,1,1992,1
"1769",107,2011,2.38459825515747,1,1992,1
"1770",107,2012,2.85401272773743,1,1992,1
"1771",108,1992,0.323439240455627,1,1992,1
"1772",108,1993,0.387878745794296,1,1992,1
"1773",108,1994,0.254892319440842,1,1992,1
"1774",108,1995,0.696252763271332,0,1992,1
"1775",108,1996,0.406496614217758,0,1992,1
"1776",108,1997,0.298344761133194,0,1992,1
"1777",108,1998,0.304112583398819,0,1992,1
"1778",108,1999,0.309156358242035,0,1992,1
"1779",108,2000,0.289132386445999,0,1992,1
"1780",108,2001,0.265703201293945,0,1992,1
"1781",108,2002,0.316265434026718,0,1992,1
"1782",108,2003,1.01021301746368,0,1992,1
"1783",108,2004,1.06400680541992,0,1992,1
"1784",108,2005,2.36967134475708,0,1992,1
"1785",108,2006,2.64886140823364,0,1992,1
"1786",108,2007,2.89756655693054,0,1992,1
"1787",108,2008,1.91386210918427,0,1992,1
"1788",108,2009,2.08133602142334,0,1992,1
"1789",108,2010,2.26941871643066,1,1992,1
"1790",108,2011,2.12708425521851,1,1992,1
"1791",108,2012,2.41500926017761,1,1992,1
"1792",109,1992,1.46136546134949,0,NA,0
"1793",109,1993,0.938448548316956,0,NA,0
"1794",109,1994,1.13138782978058,0,NA,0
"1795",109,1995,1.10761213302612,0,NA,0
"1796",109,1996,1.00069570541382,0,NA,0
"1797",110,1997,2.92261910438538,1,1997,2
"1798",110,1998,3.52146553993225,1,1997,2
"1799",110,1999,3.80581188201904,1,1997,2
"1800",110,2000,4.08988189697266,1,1997,2
"1801",110,2001,4.73175048828125,1,1997,2
"1802",110,2002,4.93897867202759,1,1997,2
"1803",110,2003,4.89139652252197,1,1997,2
"1804",110,2004,5.13457727432251,1,1997,2
"1805",110,2005,5.49887132644653,1,1997,2
"1806",110,2006,6.71065092086792,0,1997,2
"1807",110,2007,6.73117065429688,0,1997,2
"1808",110,2008,6.66298580169678,0,1997,2
"1809",110,2009,6.70601844787598,0,1997,2
"1810",110,2010,6.73697376251221,0,1997,2
"1811",110,2011,6.72485017776489,0,1997,2
"1812",110,2012,6.68759918212891,0,1997,2
"1813",111,1992,4.07084941864014,0,1997,2
"1814",111,1993,4.53816509246826,0,1997,2
"1815",111,1994,4.31782388687134,0,1997,2
"1816",111,1995,3.3864529132843,0,1997,2
"1817",111,1996,3.20550632476807,0,1997,2
"1818",111,1997,3.12628555297852,1,1997,2
"1819",111,1998,3.19680237770081,1,1997,2
"1820",111,1999,3.4816403388977,1,1997,2
"1821",111,2000,3.77255272865295,1,1997,2
"1822",111,2001,4.38629293441772,1,1997,2
"1823",111,2002,4.58292055130005,1,1997,2
"1824",111,2003,4.49783277511597,1,1997,2
"1825",111,2004,4.84338617324829,1,1997,2
"1826",111,2005,4.94710302352905,1,1997,2
"1827",111,2006,6.42548942565918,1,1997,2
"1828",111,2007,6.49106407165527,1,1997,2
"1829",111,2008,6.49199724197388,1,1997,2
"1830",111,2009,6.53912210464478,0,1997,2
"1831",111,2010,6.54332160949707,1,1997,2
"1832",111,2011,6.57810115814209,1,1997,2
"1833",111,2012,6.48125219345093,1,1997,2
"1834",112,1992,0.52280181646347,1,1992,1
"1835",112,1993,0.539982199668884,1,1992,1
"1836",112,1994,0.433745861053467,1,1992,1
"1837",112,1995,0.396009922027588,0,1992,1
"1838",112,1996,0.35667496919632,0,1992,1
"1839",112,1997,0.30340787768364,0,1992,1
"1840",112,1998,0.352355301380157,0,1992,1
"1841",112,1999,0.32158362865448,0,1992,1
"1842",112,2000,0.33647221326828,0,1992,1
"1843",112,2001,0.401307046413422,0,1992,1
"1844",112,2002,0.574489653110504,0,1992,1
"1845",112,2003,1.83775532245636,0,1992,1
"1846",112,2004,1.72993505001068,0,1992,1
"1847",112,2005,2.39067506790161,0,1992,1
"1848",112,2006,2.36899948120117,0,1992,1
"1849",112,2007,2.37699961662292,0,1992,1
"1850",112,2008,2.63063049316406,0,1992,1
"1851",112,2009,2.66437530517578,0,1992,1
"1852",112,2010,2.39441752433777,1,1992,1
"1853",112,2011,2.40808820724487,1,1992,1
"1854",112,2012,2.41403484344482,1,1992,1
"1855",113,1992,1.21541452407837,0,1997,2
"1856",113,1993,1.17686450481415,0,1997,2
"1857",113,1994,1.17327380180359,0,1997,2
"1858",113,1995,1.16967022418976,0,1997,2
"1859",113,1996,1.15878081321716,0,1997,2
"1860",113,1997,1.19478785991669,1,1997,2
"1861",113,1998,1.19595909118652,1,1997,2
"1862",113,1999,1.1982421875,1,1997,2
"1863",113,2000,1.23547148704529,1,1997,2
"1864",113,2001,1.22977340221405,1,1997,2
"1865",113,2002,1.27205610275269,1,1997,2
"1866",113,2003,1.95809018611908,1,1997,2
"1867",113,2004,2.14234471321106,1,1997,2
"1868",113,2005,2.13648629188538,1,1997,2
"1869",113,2006,2.50876307487488,1,1997,2
"1870",113,2007,2.48336052894592,1,1997,2
"1871",113,2008,2.68894267082214,1,1997,2
"1872",114,1992,4.15064287185669,1,1992,1
"1873",114,1993,4.38317108154297,0,1992,1
"1874",114,1994,4.36138963699341,0,1992,1
"1875",114,1995,3.42743253707886,0,1992,1
"1876",114,1996,3.31069040298462,0,1992,1
"1877",114,1997,3.18532204627991,0,1992,1
"1878",114,1998,3.38537979125977,0,1992,1
"1879",114,1999,3.62516665458679,0,1992,1
"1880",114,2000,3.86237025260925,0,1992,1
"1881",114,2001,4.18979263305664,0,1992,1
"1882",114,2002,4.69975996017456,0,1992,1
"1883",114,2003,4.84335851669312,0,1992,1
"1884",114,2004,4.93818807601929,0,1992,1
"1885",114,2005,5.04013013839722,0,1992,1
"1886",114,2006,6.37788772583008,0,1992,1
"1887",114,2007,6.40823078155518,0,1992,1
"1888",114,2008,6.37272548675537,0,1992,1
"1889",114,2009,6.41827535629272,0,1992,1
"1890",114,2010,6.41748476028442,1,1992,1
"1891",114,2011,6.32765007019043,1,1992,1
"1892",114,2012,6.22097015380859,1,1992,1
"1893",115,1992,3.17094230651855,0,1997,2
"1894",115,1993,3.52702140808105,0,1997,2
"1895",115,1994,3.68862390518188,0,1997,2
"1896",115,1995,3.61132407188416,0,1997,2
"1897",115,1996,3.49790525436401,0,1997,2
"1898",115,1997,3.38142895698547,1,1997,2
"1899",115,1998,3.45308804512024,1,1997,2
"1900",115,1999,3.53135085105896,1,1997,2
"1901",115,2000,4.16910409927368,1,1997,2
"1902",115,2001,4.58161115646362,1,1997,2
"1903",115,2002,4.74185514450073,1,1997,2
"1904",115,2003,4.78405857086182,1,1997,2
"1905",115,2004,4.93766069412231,0,1997,2
"1906",115,2005,5.22267723083496,0,1997,2
"1907",115,2006,6.5734167098999,0,1997,2
"1908",115,2007,6.66170930862427,0,1997,2
"1909",115,2008,6.55771112442017,0,1997,2
"1910",115,2009,6.69510269165039,0,1997,2
"1911",115,2010,6.64709377288818,0,1997,2
"1912",115,2011,6.66016864776611,0,1997,2
"1913",115,2012,6.51673460006714,0,1997,2
"1914",116,1992,4.07488822937012,1,1992,1
"1915",116,1993,4.27975225448608,0,1992,1
"1916",116,1994,4.31991004943848,0,1992,1
"1917",116,1995,3.32863354682922,0,1992,1
"1918",116,1996,2.9714732170105,0,1992,1
"1919",116,1997,3.12602615356445,0,1992,1
"1920",116,1998,3.33710980415344,0,1992,1
"1921",116,1999,3.64379835128784,0,1992,1
"1922",116,2000,3.83987927436829,0,1992,1
"1923",116,2001,4.35362243652344,0,1992,1
"1924",116,2002,4.57069826126099,0,1992,1
"1925",116,2003,4.68435907363892,0,1992,1
"1926",116,2004,4.86498880386353,0,1992,1
"1927",116,2005,4.9536395072937,0,1992,1
"1928",116,2006,6.37595796585083,0,1992,1
"1929",116,2007,6.4380578994751,0,1992,1
"1930",116,2008,6.36067485809326,0,1992,1
"1931",116,2009,6.45623064041138,0,1992,1
"1932",116,2010,6.47446441650391,1,1992,1
"1933",116,2011,6.44565677642822,1,1992,1
"1934",116,2012,6.45665502548218,1,1992,1
"1935",117,1992,0.299792140722275,0,1997,2
"1936",117,1993,0.885519087314606,0,1997,2
"1937",117,1994,0.837198138237,0,1997,2
"1938",117,1995,1.10742843151093,0,1997,2
"1939",117,1996,1.08067882061005,0,1997,2
"1940",117,1997,1.08067882061005,1,1997,2
"1941",117,1998,1.06001210212708,1,1997,2
"1942",117,1999,1.07862412929535,0,1997,2
"1943",117,2000,1.07030999660492,0,1997,2
"1944",117,2001,1.09523344039917,0,1997,2
"1945",117,2002,1.09247732162476,0,1997,2
"1946",117,2003,1.92471730709076,0,1997,2
"1947",117,2004,1.92213904857635,0,1997,2
"1948",117,2005,1.96055245399475,0,1997,2
"1949",117,2006,2.05140471458435,0,1997,2
"1950",117,2007,2.3053822517395,0,1997,2
"1951",117,2008,2.49558711051941,0,1997,2
"1952",117,2009,2.4970166683197,0,1997,2
"1953",117,2010,2.59841895103455,1,1997,2
"1954",117,2011,2.6725549697876,1,1997,2
"1955",117,2012,2.66178250312805,1,1997,2
"1956",118,1992,3.21399545669556,0,1997,2
"1957",118,1993,3.36684799194336,0,1997,2
"1958",118,1994,3.62163615226746,0,1997,2
"1959",118,1995,3.50620651245117,0,1997,2
"1960",118,1996,3.42324542999268,0,1997,2
"1961",118,1997,3.36889457702637,1,1997,2
"1962",118,1998,3.42772245407104,1,1997,2
"1963",118,1999,3.83261156082153,1,1997,2
"1964",118,2000,4.10249757766724,1,1997,2
"1965",118,2001,4.32847833633423,1,1997,2
"1966",118,2002,4.67558908462524,1,1997,2
"1967",118,2003,5.0125560760498,0,1997,2
"1968",118,2004,5.20711374282837,0,1997,2
"1969",118,2005,5.18852376937866,0,1997,2
"1970",118,2006,6.67781925201416,0,1997,2
"1971",118,2007,6.6889910697937,0,1997,2
"1972",118,2008,6.62945365905762,0,1997,2
"1973",118,2009,6.67898035049438,0,1997,2
"1974",118,2010,6.72434616088867,1,1997,2
"1975",118,2011,6.73324632644653,1,1997,2
"1976",118,2012,6.7689380645752,1,1997,2
"1994",120,1992,0.891598165035248,0,1997,2
"1995",120,1993,0.842359602451324,0,1997,2
"1996",120,1994,0.89436537027359,0,1997,2
"1997",120,1995,0.828183472156525,0,1997,2
"1998",120,1996,0.854127407073975,0,1997,2
"1999",120,1997,0.713015496730804,1,1997,2
"2000",120,1998,0.755802750587463,1,1997,2
"2001",120,1999,0.75055330991745,1,1997,2
"2002",120,2000,0.758098185062408,1,1997,2
"2003",120,2001,0.78805935382843,1,1997,2
"2004",120,2002,0.830069541931152,1,1997,2
"2005",120,2003,1.86845207214355,0,1997,2
"2006",120,2004,1.90793085098267,0,1997,2
"2007",120,2005,1.89983367919922,0,1997,2
"2008",120,2006,2.15680742263794,0,1997,2
"2009",120,2007,2.81449007987976,0,1997,2
"2010",120,2008,2.74826717376709,0,1997,2
"2011",121,2009,6.62296056747437,1,2009,2
"2012",121,2010,6.62462282180786,0,2009,2
"2013",121,2011,6.59806871414185,0,2009,2
"2014",121,2012,6.54295635223389,0,2009,2
"2015",122,1992,3.21500635147095,1,1992,1
"2017",122,1994,3.74751043319702,0,1992,1
"2018",122,1995,3.69253897666931,0,1992,1
"2019",122,1996,3.55109977722168,0,1992,1
"2020",122,1997,3.47878789901733,1,1992,1
"2021",122,1998,3.77689337730408,1,1992,1
"2022",122,1999,3.92313528060913,1,1992,1
"2023",122,2000,4.29740476608276,1,1992,1
"2024",122,2001,4.42271900177002,1,1992,1
"2025",122,2002,4.70627117156982,1,1992,1
"2026",122,2003,4.68529462814331,1,1992,1
"2027",122,2004,5.03153514862061,1,1992,1
"2028",122,2005,5.10078573226929,1,1992,1
"2029",122,2006,6.59861326217651,0,1992,1
"2030",122,2007,6.73219633102417,0,1992,1
"2031",122,2008,6.73773765563965,0,1992,1
"2032",122,2009,6.8134446144104,0,1992,1
"2033",122,2010,6.83727741241455,0,1992,1
"2034",122,2011,6.87613296508789,0,1992,1
"2035",122,2012,6.86034107208252,0,1992,1
"2036",123,1992,1.27046251296997,0,1997,2
"2037",123,1993,1.3862943649292,0,1997,2
"2038",123,1994,1.25573480129242,0,1997,2
"2039",123,1995,1.22204566001892,0,1997,2
"2040",123,1996,1.23676264286041,0,1997,2
"2041",123,1997,1.30776965618134,1,1997,2
"2042",123,1998,2.0517086982727,1,1997,2
"2043",123,1999,1.86755585670471,1,1997,2
"2044",123,2000,1.74430537223816,1,1997,2
"2045",123,2001,3.35751271247864,1,1997,2
"2046",123,2002,3.6942937374115,1,1997,2
"2047",123,2003,4.21614503860474,1,1997,2
"2048",123,2004,2.70769357681274,1,1997,2
"2049",123,2005,3.08682107925415,1,1997,2
"2050",123,2006,2.93813037872314,1,1997,2
"2051",123,2007,3.14502859115601,1,1997,2
"2052",123,2008,2.67194509506226,1,1997,2
"2053",124,1992,0.117959134280682,0,2010,3
"2054",124,1993,0.561179459095001,0,2010,3
"2055",124,1994,0.574774384498596,0,2010,3
"2056",124,1995,0.453597575426102,0,2010,3
"2057",124,1996,1.84840655326843,0,2010,3
"2058",124,1997,0.759105205535889,0,2010,3
"2059",124,1998,0.753062784671783,0,2010,3
"2060",124,1999,0.597836971282959,0,2010,3
"2061",124,2000,0.545741856098175,0,2010,3
"2062",124,2001,0.784487307071686,0,2010,3
"2063",124,2002,0.823998689651489,0,2010,3
"2064",124,2003,1.36649179458618,0,2010,3
"2065",124,2004,1.38496196269989,0,2010,3
"2066",124,2005,1.29462718963623,0,2010,3
"2067",124,2006,1.63943421840668,0,2010,3
"2068",124,2007,2.01289534568787,0,2010,3
"2069",124,2008,2.30136036872864,0,2010,3
"2070",124,2009,2.28891181945801,0,2010,3
"2071",124,2010,2.07731294631958,1,2010,3
"2072",124,2011,2.40877962112427,1,2010,3
"2073",124,2012,2.58938336372375,1,2010,3
"2074",125,1992,0.469582676887512,1,1992,1
"2075",125,1993,0.583146274089813,1,1992,1
"2076",125,1994,0.603638887405396,1,1992,1
"2077",125,1995,0.625894963741302,0,1992,1
"2078",125,1996,0.594987452030182,0,1992,1
"2079",125,1997,0.95698493719101,0,1992,1
"2080",125,1998,0.912279486656189,0,1992,1
"2081",125,1999,1.20876896381378,0,1992,1
"2082",125,2000,1.27499961853027,0,1992,1
"2083",125,2001,1.22340595722198,0,1992,1
"2084",125,2002,1.34911239147186,0,1992,1
"2085",125,2003,1.64490807056427,0,1992,1
"2086",125,2004,2.47253322601318,0,1992,1
"2087",125,2005,1.60493004322052,0,1992,1
"2088",125,2006,1.65013682842255,0,1992,1
"2089",125,2007,2.41264939308167,0,1992,1
"2090",125,2008,2.51112103462219,0,1992,1
"2091",125,2009,2.33090281486511,0,1992,1
"2092",125,2010,3.34221982955933,1,1992,1
"2093",125,2011,2.056960105896,1,1992,1
"2094",125,2012,2.02909827232361,1,1992,1
"2095",126,1992,-0.0512933060526848,1,1992,1
"2096",126,1993,0.213093176484108,1,1992,1
"2097",126,1994,0.568830788135529,1,1992,1
"2098",126,1995,0.559615790843964,0,1992,1
"2099",126,1996,0.547193288803101,0,1992,1
"2100",126,1997,0.42648446559906,0,1992,1
"2101",126,1998,0.41744127869606,0,1992,1
"2102",126,1999,0.419340431690216,0,1992,1
"2103",126,2000,0.375587970018387,0,1992,1
"2104",126,2001,0.421594470739365,0,1992,1
"2105",126,2002,0.459905564785004,0,1992,1
"2106",126,2003,1.19320070743561,0,1992,1
"2107",126,2004,1.17327380180359,0,1992,1
"2108",126,2005,1.26596450805664,0,1992,1
"2109",126,2006,1.39146530628204,0,1992,1
"2110",126,2007,2.04010486602783,0,1992,1
"2111",126,2008,2.12396907806396,0,1992,1
"2112",126,2009,2.09333062171936,0,1992,1
"2113",126,2010,2.02224898338318,1,1992,1
"2114",126,2011,2.29915452003479,1,1992,1
"2115",126,2012,2.31840467453003,1,1992,1
"2116",127,1992,-0.0573250688612461,0,2010,3
"2117",127,1993,0.269748598337173,0,2010,3
"2118",127,1994,0.573261082172394,0,2010,3
"2119",127,1995,0.312307089567184,0,2010,3
"2120",127,1996,0.352077186107635,0,2010,3
"2121",127,1997,0.281722843647003,0,2010,3
"2122",127,1998,0.379249274730682,0,2010,3
"2123",127,1999,0.530312478542328,0,2010,3
"2124",127,2000,0.540626227855682,0,2010,3
"2125",127,2001,0.731148302555084,0,2010,3
"2126",127,2002,0.731148302555084,0,2010,3
"2127",127,2003,1.46408450603485,0,2010,3
"2128",127,2004,1.50316882133484,0,2010,3
"2129",127,2005,1.32929623126984,0,2010,3
"2130",127,2006,1.513218998909,0,2010,3
"2131",127,2007,1.94500148296356,0,2010,3
"2132",127,2008,1.78052508831024,0,2010,3
"2133",127,2009,1.68739950656891,0,2010,3
"2134",127,2010,1.85085582733154,1,2010,3
"2135",127,2011,2.06345200538635,1,2010,3
"2136",127,2012,1.85123419761658,1,2010,3
"2137",128,1992,0.141728177666664,1,1992,1
"2138",128,1993,0.275259584188461,1,1992,1
"2139",128,1994,0.334807008504868,1,1992,1
"2140",128,1995,0.371738016605377,0,1992,1
"2141",128,1996,0.391996920108795,0,1992,1
"2142",128,1997,0.312848210334778,0,1992,1
"2143",128,1998,0.333010017871857,0,1992,1
"2144",128,1999,0.339867830276489,0,1992,1
"2145",128,2000,0.262364238500595,0,1992,1
"2146",128,2001,0.247534945607185,0,1992,1
"2147",128,2002,0.257616519927979,0,1992,1
"2148",128,2003,1.21934592723846,0,1992,1
"2149",128,2004,1.31996071338654,0,1992,1
"2150",128,2005,1.85136413574219,0,1992,1
"2151",128,2006,1.90699470043182,0,1992,1
"2152",128,2007,2.66145801544189,0,1992,1
"2153",128,2008,2.64475107192993,0,1992,1
"2154",128,2009,2.30258512496948,0,1992,1
"2155",128,2010,2.51100826263428,1,1992,1
"2156",128,2011,2.60869574546814,1,1992,1
"2157",128,2012,3.00828862190247,1,1992,1
"2158",129,1992,0.8354212641716,0,NA,0
"2159",129,1993,0.839561998844147,0,NA,0
"2160",129,1994,0.846116542816162,0,NA,0
"2161",129,1995,1.01999425888062,0,NA,0
"2162",129,1996,0.956782102584839,0,NA,0
"2163",129,1997,0.945810198783875,0,NA,0
"2164",129,1998,0.967743992805481,0,NA,0
"2165",129,1999,0.958583652973175,0,NA,0
"2166",129,2000,1.07158362865448,0,NA,0
"2167",129,2001,1.09092903137207,0,NA,0
"2168",129,2002,1.08431494235992,0,NA,0
"2169",129,2003,1.89481842517853,0,NA,0
"2170",129,2004,1.96701741218567,0,NA,0
"2171",129,2005,2.39769220352173,0,NA,0
"2172",129,2006,2.2788097858429,0,NA,0
"2173",129,2007,2.32365369796753,0,NA,0
"2174",129,2008,2.2887716293335,0,NA,0
"2175",129,2009,2.77053451538086,0,NA,0
"2176",129,2010,2.75017642974854,0,NA,0
"2177",129,2011,2.1843581199646,0,NA,0
"2178",129,2012,2.71461987495422,0,NA,0
"2179",130,1992,0.410148978233337,1,1992,1
"2180",130,1993,0.391280472278595,1,1992,1
"2181",130,1994,0.345361202955246,1,1992,1
"2182",130,1995,0.492160260677338,0,1992,1
"2183",130,1996,0.530461668968201,0,1992,1
"2184",130,1997,0.527632713317871,1,1992,1
"2185",130,1998,0.52695494890213,1,1992,1
"2186",130,1999,0.497366428375244,0,1992,1
"2187",130,2000,0.493503421545029,0,1992,1
"2188",130,2001,0.483639448881149,0,1992,1
"2189",130,2002,0.676722228527069,0,1992,1
"2190",130,2003,1.69187259674072,0,1992,1
"2191",130,2004,2.1678409576416,0,1992,1
"2192",130,2005,2.29896402359009,0,1992,1
"2193",130,2006,2.16456866264343,0,1992,1
"2194",130,2007,2.14902234077454,0,1992,1
"2195",130,2008,2.45790195465088,0,1992,1
"2196",130,2009,2.5355167388916,0,1992,1
"2197",130,2010,2.64335703849792,1,1992,1
"2198",130,2011,2.41381072998047,1,1992,1
"2199",130,2012,2.80587935447693,1,1992,1
"2200",131,1996,3.14876079559326,0,2010,3
"2201",131,1997,3.21614837646484,0,2010,3
"2202",131,1998,3.22346520423889,0,2010,3
"2203",131,1999,3.62155032157898,0,2010,3
"2204",131,2000,3.87370204925537,0,2010,3
"2205",131,2001,4.33105850219727,0,2010,3
"2206",131,2002,4.60751914978027,0,2010,3
"2207",131,2003,4.65254068374634,0,2010,3
"2208",131,2004,5.00037813186646,0,2010,3
"2209",131,2005,5.0501594543457,0,2010,3
"2210",131,2006,6.44490814208984,0,2010,3
"2211",131,2007,6.48653221130371,0,2010,3
"2212",131,2008,6.43240261077881,0,2010,3
"2213",131,2009,6.49418067932129,0,2010,3
"2214",131,2010,6.51899766921997,1,2010,3
"2215",131,2011,6.51819705963135,1,2010,3
"2216",131,2012,6.4341287612915,1,2010,3
"2217",132,1992,0.343962877988815,0,1997,2
"2218",132,1993,0.387765526771545,0,1997,2
"2219",132,1994,0.450069397687912,0,1997,2
"2220",132,1995,0.529969751834869,0,1997,2
"2221",132,1996,0.597837030887604,0,1997,2
"2222",132,1997,0.538332283496857,1,1997,2
"2223",132,1998,0.570979535579681,1,1997,2
"2224",132,1999,0.585494220256805,1,1997,2
"2225",132,2000,0.624085187911987,1,1997,2
"2226",132,2001,0.717129170894623,1,1997,2
"2227",132,2002,0.641701638698578,1,1997,2
"2228",132,2003,1.66648936271667,0,1997,2
"2229",132,2004,1.89664053916931,0,1997,2
"2230",132,2005,1.9255667924881,0,1997,2
"2231",132,2006,2.14465737342834,0,1997,2
"2232",132,2007,2.23836064338684,0,1997,2
"2233",132,2008,2.52405595779419,0,1997,2
"2234",132,2009,2.42579102516174,0,1997,2
"2235",132,2010,2.58013343811035,1,1997,2
"2236",132,2011,2.59941625595093,1,1997,2
"2237",132,2012,2.930584192276,1,1997,2
"2238",133,1992,3.98956489562988,1,1992,1
"2239",133,1993,4.34443998336792,0,1992,1
"2240",133,1994,4.32681655883789,0,1992,1
"2241",133,1995,3.46970367431641,0,1992,1
"2242",133,1996,3.28217196464539,0,1992,1
"2243",133,1997,3.17837810516357,0,1992,1
"2244",133,1998,3.38299632072449,0,1992,1
"2245",133,1999,3.61062240600586,0,1992,1
"2246",133,2000,3.96578764915466,0,1992,1
"2247",133,2001,4.27384233474731,0,1992,1
"2248",133,2002,4.78475475311279,0,1992,1
"2249",133,2003,4.38693141937256,0,1992,1
"2250",133,2004,5.02127933502197,0,1992,1
"2251",133,2005,5.11658716201782,0,1992,1
"2252",133,2006,6.43135738372803,0,1992,1
"2253",133,2007,6.49970197677612,0,1992,1
"2254",133,2008,6.4505934715271,0,1992,1
"2255",133,2009,6.48070049285889,0,1992,1
"2256",133,2010,6.49315738677979,1,1992,1
"2257",133,2011,6.56142091751099,1,1992,1
"2258",133,2012,6.4785737991333,1,1992,1
"2263",135,1992,1.52658009529114,0,2011,3
"2264",135,1993,1.63375866413116,0,2011,3
"2265",135,1994,1.49978971481323,0,2011,3
"2266",135,1995,1.29959750175476,0,2011,3
"2267",135,1996,1.12619519233704,0,2011,3
"2268",135,1997,1.20622754096985,0,2011,3
"2269",135,1998,1.23167538642883,0,2011,3
"2270",135,1999,1.21944272518158,0,2011,3
"2271",135,2000,1.29181349277496,0,2011,3
"2272",135,2001,1.27252888679504,0,2011,3
"2273",135,2002,1.27684581279755,0,2011,3
"2274",135,2003,2.30697107315063,0,2011,3
"2275",135,2004,2.73408198356628,0,2011,3
"2276",135,2005,4.34694004058838,0,2011,3
"2277",135,2006,4.47547197341919,0,2011,3
"2278",135,2007,2.69322967529297,0,2011,3
"2279",135,2008,2.60022783279419,0,2011,3
"2280",135,2009,2.9014675617218,0,2011,3
"2281",135,2010,3.16434597969055,0,2011,3
"2282",135,2011,2.75466442108154,1,2011,3
"2283",135,2012,2.81051993370056,1,2011,3
"2284",136,1992,0.413680642843246,0,2011,3
"2285",136,1993,0.387830138206482,0,2011,3
"2286",136,1994,0.441702008247375,0,2011,3
"2287",136,1995,0.621282637119293,0,2011,3
"2288",136,1996,0.672170519828796,0,2011,3
"2289",136,1997,0.476245284080505,0,2011,3
"2290",136,1998,0.471994549036026,0,2011,3
"2291",136,1999,0.602175414562225,0,2011,3
"2292",136,2000,0.606532692909241,0,2011,3
"2293",136,2001,0.86681067943573,0,2011,3
"2294",136,2002,0.625705897808075,0,2011,3
"2295",136,2003,0.638556182384491,0,2011,3
"2296",136,2004,1.26212871074677,0,2011,3
"2297",136,2005,1.87245941162109,0,2011,3
"2298",136,2006,2.40583539009094,0,2011,3
"2299",136,2007,2.32800674438477,0,2011,3
"2300",136,2008,2.23727989196777,0,2011,3
"2301",136,2009,2.5460045337677,0,2011,3
"2302",136,2010,2.68294429779053,0,2011,3
"2303",136,2011,1.91760408878326,1,2011,3
"2304",136,2012,1.87230479717255,1,2011,3
"2305",137,1992,-0.0144780222326517,0,NA,0
"2306",137,1993,-0.255933403968811,0,NA,0
"2307",137,1994,0.343771517276764,0,NA,0
"2308",137,1995,0.51082569360733,0,NA,0
"2309",137,1996,0.458181947469711,0,NA,0
"2310",137,1997,0.37494957447052,0,NA,0
"2311",137,1998,0.461432904005051,0,NA,0
"2312",137,1999,0.496698170900345,0,NA,0
"2313",137,2000,0.490944296121597,0,NA,0
"2314",137,2001,0.72638589143753,0,NA,0
"2315",137,2002,1.08668375015259,0,NA,0
"2316",137,2003,1.52939522266388,0,NA,0
"2317",137,2004,2.03722834587097,0,NA,0
"2318",137,2005,2.04240965843201,0,NA,0
"2319",137,2006,1.7981493473053,0,NA,0
"2320",137,2007,1.69773054122925,0,NA,0
"2321",137,2008,2.46181535720825,0,NA,0
"2322",137,2009,2.48040056228638,0,NA,0
"2323",137,2010,2.28312921524048,0,NA,0
"2324",137,2011,2.05896306037903,0,NA,0
"2325",137,2012,2.38411164283752,0,NA,0
"2326",138,1992,0.816140413284302,0,1997,2
"2327",138,1993,0.732707321643829,0,1997,2
"2328",138,1994,0.737652361392975,0,1997,2
"2329",138,1995,0.680801391601562,0,1997,2
"2330",138,1996,0.631062626838684,0,1997,2
"2331",138,1997,0.686955213546753,1,1997,2
"2332",138,1998,0.683258295059204,1,1997,2
"2333",138,1999,0.707799434661865,1,1997,2
"2334",138,2000,0.771264910697937,1,1997,2
"2335",138,2001,0.760041415691376,1,1997,2
"2336",138,2002,0.755400359630585,1,1997,2
"2337",138,2003,1.46057724952698,1,1997,2
"2338",138,2004,1.57566356658936,1,1997,2
"2339",138,2005,2.17167949676514,1,1997,2
"2340",138,2006,2.91604685783386,1,1997,2
"2341",138,2007,2.83153963088989,1,1997,2
"2342",138,2008,2.38356757164001,1,1997,2
"2343",139,1992,0.436041474342346,0,2010,3
"2344",139,1993,0.23180165886879,0,2010,3
"2345",139,1994,0.435924291610718,0,2010,3
"2346",139,1995,0.549242615699768,0,2010,3
"2347",139,1996,0.562118947505951,0,2010,3
"2348",139,1997,0.441365033388138,0,2010,3
"2349",139,1998,0.389286577701569,0,2010,3
"2350",139,1999,0.372239470481873,0,2010,3
"2351",139,2000,0.384888738393784,0,2010,3
"2352",139,2001,0.330006748437881,0,2010,3
"2353",139,2002,0.576846718788147,0,2010,3
"2354",139,2003,1.3862943649292,0,2010,3
"2355",139,2004,1.82628655433655,0,2010,3
"2356",139,2005,1.64841401576996,0,2010,3
"2357",139,2006,2.13588166236877,0,2010,3
"2358",139,2007,2.31700658798218,0,2010,3
"2359",139,2008,1.96656227111816,0,2010,3
"2360",139,2009,1.86886191368103,0,2010,3
"2361",139,2010,1.99352824687958,1,2010,3
"2362",139,2011,2.00927209854126,1,2010,3
"2363",139,2012,2.0591459274292,1,2010,3
"2364",140,1992,3.18042016029358,1,1992,1
"2365",140,1993,3.60506129264832,1,1992,1
"2366",140,1994,3.72297143936157,0,1992,1
"2367",140,1995,3.59399509429932,0,1992,1
"2368",140,1996,3.58759498596191,0,1992,1
"2369",140,1997,3.52892374992371,1,1992,1
"2370",140,1998,3.76033186912537,1,1992,1
"2371",140,1999,4.07926845550537,1,1992,1
"2372",140,2000,4.42781925201416,1,1992,1
"2373",140,2001,4.75022506713867,1,1992,1
"2374",140,2002,5.12929487228394,0,1992,1
"2375",140,2003,5.28837013244629,0,1992,1
"2376",140,2004,5.23179912567139,0,1992,1
"2377",140,2005,5.48867845535278,0,1992,1
"2378",140,2006,6.72585487365723,0,1992,1
"2379",140,2007,6.79877233505249,0,1992,1
"2380",140,2008,6.81868648529053,0,1992,1
"2381",140,2009,6.86893367767334,0,1992,1
"2382",140,2010,6.90760231018066,0,1992,1
"2383",140,2011,6.87801456451416,0,1992,1
"2384",140,2012,6.89051008224487,0,1992,1
"2385",141,1992,0.566514551639557,1,1992,1
"2386",141,1993,0.643289923667908,1,1992,1
"2387",141,1994,0.708260893821716,0,1992,1
"2388",141,1995,0.888047456741333,0,1992,1
"2389",141,1996,0.998528778553009,0,1992,1
"2390",141,1997,1.02467691898346,0,1992,1
"2391",141,1998,1.23946976661682,0,1992,1
"2392",141,1999,0.804372787475586,0,1992,1
"2393",141,2000,0.786330282688141,0,1992,1
"2394",141,2001,1.04898703098297,0,1992,1
"2395",141,2002,1.1327897310257,0,1992,1
"2396",141,2003,2.01052188873291,0,1992,1
"2397",141,2004,1.85911166667938,0,1992,1
"2398",141,2005,1.78222906589508,0,1992,1
"2399",141,2006,2.12204337120056,0,1992,1
"2400",141,2007,2.38577032089233,0,1992,1
"2401",141,2008,2.1535496711731,0,1992,1
"2402",141,2009,2.15798592567444,0,1992,1
"2403",141,2010,2.26809883117676,1,1992,1
"2404",141,2011,2.16072416305542,1,1992,1
"2405",141,2012,2.57654070854187,1,1992,1
"2406",142,1992,0.772611379623413,0,2011,3
"2407",142,1993,-0.0279635693877935,0,2011,3
"2408",142,1994,0.144075036048889,0,2011,3
"2409",142,1995,0.132446989417076,0,2011,3
"2410",142,1996,0.227463126182556,0,2011,3
"2411",142,1997,0.273858636617661,0,2011,3
"2412",142,1998,0.728486478328705,0,2011,3
"2413",142,1999,0.768784582614899,0,2011,3
"2414",142,2000,0.784180760383606,0,2011,3
"2415",142,2001,0.745790898799896,0,2011,3
"2416",142,2002,0.863002359867096,0,2011,3
"2417",142,2003,1.57146835327148,0,2011,3
"2418",142,2004,1.73020160198212,0,2011,3
"2419",142,2005,1.7381067276001,0,2011,3
"2420",142,2006,1.83022582530975,0,2011,3
"2421",142,2007,1.86673593521118,0,2011,3
"2422",142,2008,2.2361958026886,0,2011,3
"2423",142,2009,2.21416211128235,0,2011,3
"2424",142,2010,2.05815291404724,0,2011,3
"2425",142,2011,2.22837138175964,1,2011,3
"2426",142,2012,2.56194233894348,1,2011,3
"2427",143,1992,0.873010218143463,0,1997,2
"2428",143,1993,0.594578921794891,0,1997,2
"2429",143,1994,0.702363789081573,0,1997,2
"2430",143,1995,0.838732540607452,0,1997,2
"2431",143,1996,0.74233740568161,0,1997,2
"2432",143,1997,0.74607926607132,1,1997,2
"2433",143,1998,0.839665830135345,1,1997,2
"2434",143,1999,0.87811815738678,1,1997,2
"2435",143,2000,0.914419770240784,1,1997,2
"2436",143,2001,1.16222095489502,1,1997,2
"2437",143,2002,1.17403602600098,1,1997,2
"2438",143,2003,1.91601395606995,0,1997,2
"2439",143,2004,1.98740351200104,0,1997,2
"2440",143,2005,2.30529403686523,0,1997,2
"2441",143,2006,2.24937605857849,0,1997,2
"2442",143,2007,2.47759389877319,0,1997,2
"2443",143,2008,2.3043966293335,0,1997,2
"2444",143,2009,2.41200232505798,0,1997,2
"2445",143,2010,2.92065620422363,1,1997,2
"2446",143,2011,2.2325611114502,1,1997,2
"2447",143,2012,2.60697317123413,1,1997,2
"2448",144,1992,4.0056586265564,1,1992,1
"2449",144,1993,4.20355653762817,0,1992,1
"2450",144,1994,1.98804879188538,0,1992,1
"2451",144,1995,3.19736909866333,0,1992,1
"2452",144,1996,3.01138043403625,0,1992,1
"2453",144,1997,2.96122884750366,0,1992,1
"2454",144,1998,3.00824165344238,0,1992,1
"2455",144,1999,3.28099894523621,0,1992,1
"2456",144,2000,3.74331641197205,0,1992,1
"2457",144,2001,3.67443203926086,0,1992,1
"2458",144,2002,4.43845081329346,0,1992,1
"2459",144,2003,4.23250484466553,0,1992,1
"2460",144,2004,4.69603109359741,0,1992,1
"2461",144,2005,4.89171504974365,0,1992,1
"2462",144,2006,6.47950601577759,0,1992,1
"2463",144,2007,6.54766845703125,0,1992,1
"2464",144,2008,6.50917530059814,0,1992,1
"2465",144,2009,6.56347990036011,0,1992,1
"2466",144,2010,6.52044534683228,1,1992,1
"2467",144,2011,6.51331901550293,1,1992,1
"2468",144,2012,6.26618051528931,1,1992,1
"2469",145,1992,0.789168834686279,0,1997,2
"2470",145,1993,0.853707313537598,0,1997,2
"2471",145,1994,1.10964059829712,0,1997,2
"2472",145,1995,1.01142299175262,0,1997,2
"2473",145,1996,0.959476113319397,0,1997,2
"2474",145,1997,1.02221441268921,1,1997,2
"2475",145,1998,0.9854696393013,1,1997,2
"2476",145,1999,-0.180488348007202,1,1997,2
"2477",145,2000,1.22754597663879,1,1997,2
"2478",145,2001,1.19856739044189,1,1997,2
"2479",145,2002,1.19143903255463,1,1997,2
"2480",145,2003,1.41553890705109,0,1997,2
"2481",145,2004,2.01099491119385,0,1997,2
"2482",145,2005,2.55888843536377,0,1997,2
"2483",145,2006,2.75551676750183,0,1997,2
"2484",145,2007,3.28691577911377,0,1997,2
"2485",145,2008,2.76808452606201,0,1997,2
"2486",145,2009,3.03694629669189,0,1997,2
"2487",145,2010,3.43490099906921,0,1997,2
"2488",145,2011,2.12228178977966,0,1997,2
"2489",145,2012,3.15143465995789,0,1997,2
"2490",146,1992,0.0845573544502258,1,1992,1
"2491",146,1993,0.302280843257904,1,1992,1
"2492",146,1994,0.462623506784439,0,1992,1
"2493",146,1995,0.868088603019714,0,1992,1
"2494",146,1996,0.81630951166153,0,1992,1
"2495",146,1997,0.118861168622971,0,1992,1
"2496",146,1998,0.138304635882378,0,1992,1
"2497",146,1999,0.422272264957428,0,1992,1
"2498",146,2000,0.424157202243805,0,1992,1
"2499",146,2001,0.405465096235275,0,1992,1
"2500",146,2002,0.674455046653748,0,1992,1
"2501",146,2003,0.410020917654037,0,1992,1
"2502",146,2004,1.16943836212158,0,1992,1
"2503",146,2005,2.04917144775391,0,1992,1
"2504",146,2006,2.18491673469543,0,1992,1
"2505",146,2007,2.31448459625244,0,1992,1
"2506",146,2008,2.40288686752319,0,1992,1
"2507",146,2009,2.31348443031311,0,1992,1
"2508",146,2010,2.17306065559387,1,1992,1
"2509",146,2011,2.24727153778076,1,1992,1
"2510",146,2012,2.65961670875549,1,1992,1
"2511",147,1992,0.754763126373291,1,1992,1
"2512",147,1993,0.522167861461639,1,1992,1
"2513",147,1994,0.615185678005219,1,1992,1
"2514",147,1995,0.783637523651123,0,1992,1
"2515",147,1996,0.812727332115173,0,1992,1
"2516",147,1997,0.799121797084808,1,1992,1
"2517",147,1998,0.838263690471649,1,1992,1
"2518",147,1999,0.860861003398895,0,1992,1
"2519",147,2000,1.13918817043304,0,1992,1
"2520",147,2001,1.00694513320923,0,1992,1
"2521",147,2002,0.869884371757507,0,1992,1
"2522",147,2003,2.3389527797699,0,1992,1
"2523",147,2004,2.82443451881409,0,1992,1
"2524",147,2005,2.65692090988159,0,1992,1
"2525",147,2006,2.63178110122681,0,1992,1
"2526",147,2007,2.6352276802063,0,1992,1
"2527",147,2008,2.69420528411865,0,1992,1
"2528",147,2009,2.95952653884888,0,1992,1
"2529",147,2010,3.21713137626648,1,1992,1
"2530",147,2011,2.69081783294678,1,1992,1
"2531",147,2012,2.87256193161011,1,1992,1
"2532",148,1992,0.2367904484272,0,2010,3
"2533",148,1993,-0.0836724638938904,0,2010,3
"2534",148,1994,0.108990289270878,0,2010,3
"2535",148,1995,0.487514525651932,0,2010,3
"2536",148,1996,0.389270424842834,0,2010,3
"2537",148,1997,0.320471912622452,0,2010,3
"2538",148,1998,0.313545614480972,0,2010,3
"2539",148,1999,0.223143547773361,0,2010,3
"2540",148,2000,0.145953923463821,0,2010,3
"2541",148,2001,0.376477539539337,0,2010,3
"2542",148,2002,0.645415723323822,0,2010,3
"2543",148,2003,2.66892552375793,0,2010,3
"2544",148,2004,1.60216510295868,0,2010,3
"2545",148,2005,1.6225528717041,0,2010,3
"2546",148,2006,1.71281635761261,0,2010,3
"2547",148,2007,2.78809285163879,0,2010,3
"2548",148,2008,2.52041029930115,0,2010,3
"2549",148,2009,2.00216388702393,0,2010,3
"2550",148,2010,2.57547521591187,1,2010,3
"2551",148,2011,2.03085231781006,1,2010,3
"2552",148,2012,3.29173874855042,1,2010,3
"2553",149,1992,0.474739253520966,0,1997,2
"2554",149,1993,0.392393052577972,0,1997,2
"2555",149,1994,0.497580409049988,0,1997,2
"2556",149,1995,0.616186201572418,0,1997,2
"2557",149,1996,0.706305205821991,0,1997,2
"2558",149,1997,0.64269345998764,1,1997,2
"2559",149,1998,0.656582534313202,1,1997,2
"2560",149,1999,0.847853600978851,1,1997,2
"2561",149,2000,0.730651617050171,1,1997,2
"2562",149,2001,0.930206179618835,1,1997,2
"2563",149,2002,0.963270902633667,1,1997,2
"2564",149,2003,1.24199092388153,0,1997,2
"2565",149,2004,2.20628190040588,0,1997,2
"2566",149,2005,2.17857933044434,0,1997,2
"2567",149,2006,1.95840048789978,0,1997,2
"2569",149,2008,2.25885534286499,0,1997,2
"2570",149,2009,2.30624127388,0,1997,2
"2571",149,2010,2.35027003288269,0,1997,2
"2572",149,2011,2.38151240348816,0,1997,2
"2573",149,2012,2.31933188438416,0,1997,2
"2574",150,1992,0.563469350337982,0,2010,3
"2575",150,1993,0.605384171009064,0,2010,3
"2576",150,1994,0.535316646099091,0,2010,3
"2577",150,1995,0.51082569360733,0,2010,3
"2578",150,1996,0.513539373874664,0,2010,3
"2579",150,1997,0.517514646053314,0,2010,3
"2580",150,1998,0.550046324729919,0,2010,3
"2581",150,1999,0.502793431282043,0,2010,3
"2582",150,2000,0.554366409778595,0,2010,3
"2583",150,2001,0.513412952423096,0,2010,3
"2584",150,2002,0.813218533992767,0,2010,3
"2585",150,2003,1.58332681655884,0,2010,3
"2586",150,2004,1.87850522994995,0,2010,3
"2587",150,2005,1.96290767192841,0,2010,3
"2590",150,2008,2.49472665786743,0,2010,3
"2591",150,2009,2.64780735969543,0,2010,3
"2592",150,2010,2.74609708786011,1,2010,3
"2593",150,2011,2.26383590698242,1,2010,3
"2594",150,2012,2.71065783500671,1,2010,3
"2595",151,1992,3.38695001602173,0,1997,2
"2596",151,1993,3.78934359550476,0,1997,2
"2597",151,1994,3.90669393539429,0,1997,2
"2598",151,1995,3.68231153488159,0,1997,2
"2599",151,1996,3.53811979293823,0,1997,2
"2600",151,1997,3.49948859214783,1,1997,2
"2601",151,1998,3.51695132255554,1,1997,2
"2602",151,1999,3.49550795555115,1,1997,2
"2603",151,2000,4.2078709602356,1,1997,2
"2604",151,2001,4.55254411697388,1,1997,2
"2605",151,2002,4.82995796203613,1,1997,2
"2606",151,2003,5.58990144729614,1,1997,2
"2607",151,2004,5.43581962585449,1,1997,2
"2608",151,2005,5.37840032577515,1,1997,2
"2609",151,2006,6.54032135009766,1,1997,2
"2610",151,2007,6.60942268371582,1,1997,2
"2611",151,2008,6.54491949081421,1,1997,2
"2612",151,2009,6.62070274353027,1,1997,2
"2613",151,2010,6.63543558120728,0,1997,2
"2614",151,2011,6.70577001571655,0,1997,2
"2615",151,2012,6.5465989112854,0,1997,2
"2616",152,1992,0.602824568748474,1,1992,1
"2617",152,1993,0.552259564399719,1,1992,1
"2618",152,1994,0.510825574398041,1,1992,1
"2619",152,1995,0.528525173664093,0,1992,1
"2620",152,1996,0.704718351364136,0,1992,1
"2621",152,1997,0.703871130943298,1,1992,1
"2622",152,1998,0.547575175762177,1,1992,1
"2623",152,1999,0.94646155834198,0,1992,1
"2624",152,2000,0.856115221977234,0,1992,1
"2625",152,2001,0.836548507213593,0,1992,1
"2626",152,2002,1.23523938655853,0,1992,1
"2627",152,2003,1.74319291114807,0,1992,1
"2628",152,2004,1.65140211582184,0,1992,1
"2629",152,2005,2.0636932849884,0,1992,1
"2630",152,2006,2.45993375778198,0,1992,1
"2631",152,2007,2.89979410171509,0,1992,1
"2632",152,2008,2.42764377593994,0,1992,1
"2633",152,2009,2.53126382827759,0,1992,1
"2634",152,2010,2.90717887878418,1,1992,1
"2635",152,2011,2.01578998565674,0,1992,1
"2636",152,2012,2.59665131568909,0,1992,1
"2637",153,1992,1.89042413234711,0,NA,0
"2638",153,1993,0.820363700389862,0,NA,0
"2639",153,1994,0.6931471824646,0,NA,0
"2640",153,1995,0.936825335025787,0,NA,0
"2641",153,1996,0.938902199268341,0,NA,0
"2642",153,1997,1.12131702899933,0,NA,0
"2647",155,1992,1.12367951869965,0,1997,2
"2648",155,1993,1.14020621776581,0,1997,2
"2649",155,1994,1.07233715057373,0,1997,2
"2650",155,1995,0.927547931671143,0,1997,2
"2651",155,1996,0.936149537563324,0,1997,2
"2652",155,1997,0.851878225803375,1,1997,2
"2653",155,1998,0.825757384300232,1,1997,2
"2654",155,1999,0.844900667667389,1,1997,2
"2655",155,2000,0.897598564624786,1,1997,2
"2656",155,2001,0.861611664295197,1,1997,2
"2657",155,2002,0.954098999500275,0,1997,2
"2658",155,2003,1.8362113237381,0,1997,2
"2659",155,2004,2.81792545318604,0,1997,2
"2660",155,2005,2.40404653549194,0,1997,2
"2661",155,2006,2.28252983093262,0,1997,2
"2662",155,2007,2.55320048332214,0,1997,2
"2663",155,2008,2.83108234405518,0,1997,2
"2664",155,2009,2.81533026695251,0,1997,2
"2665",155,2010,3.19659996032715,0,1997,2
"2666",155,2011,2.87394499778748,1,1997,2
"2667",155,2012,2.96789908409119,1,1997,2
"2668",156,1992,4.17880392074585,0,2010,3
"2669",156,1993,4.38806438446045,0,2010,3
"2670",156,1994,4.39395475387573,0,2010,3
"2671",156,1995,3.33966684341431,0,2010,3
"2672",156,1996,3.2419695854187,0,2010,3
"2673",156,1997,3.11482119560242,0,2010,3
"2674",156,1998,3.35832118988037,0,2010,3
"2675",156,1999,3.65002822875977,0,2010,3
"2676",156,2000,3.93904328346252,0,2010,3
"2677",156,2001,4.43728733062744,0,2010,3
"2678",156,2002,4.7016544342041,0,2010,3
"2679",156,2003,4.85438776016235,0,2010,3
"2680",156,2004,4.6398983001709,0,2010,3
"2681",156,2005,5.11606216430664,0,2010,3
"2682",156,2006,6.45279550552368,0,2010,3
"2683",156,2007,6.53411531448364,0,2010,3
"2684",156,2008,6.50005578994751,0,2010,3
"2685",156,2009,6.55009174346924,0,2010,3
"2686",156,2010,6.56725740432739,1,2010,3
"2687",156,2011,6.53902864456177,1,2010,3
"2688",156,2012,6.25082397460938,1,2010,3
"2689",157,1992,0.225646674633026,0,2010,3
"2690",157,1993,0.624154329299927,0,2010,3
"2691",157,1994,0.763883769512177,0,2010,3
"2692",157,1995,0.809486150741577,0,2010,3
"2693",157,1996,0.818077743053436,0,2010,3
"2694",157,1997,0.755667567253113,0,2010,3
"2695",157,1998,0.779620826244354,0,2010,3
"2696",157,1999,0.797231376171112,0,2010,3
"2697",157,2000,0.761284947395325,0,2010,3
"2698",157,2001,0.930641889572144,0,2010,3
"2699",157,2002,0.858226954936981,0,2010,3
"2700",157,2003,1.51621973514557,0,2010,3
"2701",157,2004,1.60418856143951,0,2010,3
"2702",157,2005,1.60425651073456,0,2010,3
"2703",157,2006,1.58933675289154,0,2010,3
"2705",157,2008,2.52008628845215,0,2010,3
"2706",157,2009,2.39651703834534,0,2010,3
"2707",157,2010,2.51365613937378,1,2010,3
"2708",157,2011,2.19583463668823,1,2010,3
"2709",157,2012,2.58713340759277,1,2010,3
"2710",158,1992,0.6832515001297,0,1997,2
"2711",158,1993,0.801169335842133,0,1997,2
"2712",158,1994,0.806591749191284,0,1997,2
"2713",158,1995,0.861863076686859,0,1997,2
"2714",158,1996,0.819258630275726,0,1997,2
"2715",158,1997,0.919528722763062,1,1997,2
"2716",158,1998,0.905479848384857,1,1997,2
"2717",158,1999,0.916290760040283,1,1997,2
"2718",158,2000,0.776096224784851,1,1997,2
"2719",158,2001,0.819898903369904,1,1997,2
"2720",158,2002,0.953430235385895,1,1997,2
"2721",158,2003,1.32460081577301,1,1997,2
"2722",158,2004,1.95184481143951,1,1997,2
"2723",158,2005,2.17735242843628,1,1997,2
"2724",158,2006,2.25348234176636,1,1997,2
"2725",158,2007,2.5098352432251,0,1997,2
"2726",158,2008,2.39510846138,0,1997,2
"2727",158,2009,2.63113021850586,0,1997,2
"2728",158,2010,2.46080899238586,1,1997,2
"2729",158,2011,2.46307754516602,0,1997,2
"2730",158,2012,2.1956615447998,0,1997,2
"2731",159,1992,1.23167538642883,0,NA,0
"2732",159,1993,1.21496200561523,0,NA,0
"2733",159,1994,1.17890334129333,0,NA,0
"2734",159,1995,1.23305404186249,0,NA,0
"2735",160,1992,1.0007289648056,0,1997,2
"2736",160,1993,1.74434661865234,0,1997,2
"2737",160,1994,1.09417760372162,0,1997,2
"2738",160,1995,1.07059931755066,0,1997,2
"2739",160,1996,1.1247695684433,0,1997,2
"2740",160,1997,1.25420165061951,1,1997,2
"2741",160,1998,1.24861812591553,1,1997,2
"2742",160,1999,1.27117037773132,1,1997,2
"2743",160,2000,1.2811815738678,0,1997,2
"2744",160,2001,2.75648760795593,0,1997,2
"2745",160,2002,2.27212595939636,0,1997,2
"2746",160,2003,3.29216718673706,0,1997,2
"2747",160,2004,2.48218560218811,0,1997,2
"2748",160,2005,3.08241963386536,0,1997,2
"2749",160,2006,3.14941740036011,0,1997,2
"2750",160,2007,3.16741108894348,0,1997,2
"2751",160,2008,3.89222455024719,0,1997,2
"2752",160,2009,3.72727036476135,0,1997,2
"2753",160,2010,3.46547102928162,1,1997,2
"2754",160,2011,2.93857383728027,1,1997,2
"2755",160,2012,3.08851408958435,1,1997,2
"2757",161,1993,3.68353080749512,0,1997,2
"2758",161,1994,3.79940104484558,0,1997,2
"2759",161,1995,3.57182288169861,0,1997,2
"2760",161,1996,3.40814995765686,0,1997,2
"2761",161,1997,3.23803973197937,1,1997,2
"2762",161,1998,3.59580636024475,1,1997,2
"2763",161,1999,4.12498760223389,1,1997,2
"2764",161,2000,4.61085891723633,1,1997,2
"2765",161,2001,5.07062864303589,1,1997,2
"2766",161,2002,5.3874363899231,1,1997,2
"2767",161,2003,5.47000122070312,1,1997,2
"2768",161,2004,5.6074481010437,1,1997,2
"2769",161,2005,5.69236326217651,1,1997,2
"2770",161,2006,6.85378551483154,1,1997,2
"2771",161,2007,6.95561122894287,1,1997,2
"2772",161,2008,6.91018438339233,1,1997,2
"2773",161,2009,7.00397777557373,1,1997,2
"2774",161,2010,7.02122020721436,0,1997,2
"2775",161,2011,7.02884912490845,0,1997,2
"2776",161,2012,7.01204824447632,0,1997,2
"2777",162,1992,0.558139562606812,0,2010,3
"2778",162,1993,0.473681926727295,0,2010,3
"2779",162,1994,0.506883919239044,0,2010,3
"2780",162,1995,0.555759608745575,0,2010,3
"2781",162,1996,0.5281081199646,0,2010,3
"2782",162,1997,0.508469939231873,0,2010,3
"2783",162,1998,0.531477689743042,0,2010,3
"2784",162,1999,0.536183536052704,0,2010,3
"2785",162,2000,0.553385198116302,0,2010,3
"2786",162,2001,0.518430233001709,0,2010,3
"2787",162,2002,0.538615584373474,0,2010,3
"2788",162,2003,1.80042636394501,0,2010,3
"2789",162,2004,1.44469428062439,0,2010,3
"2790",162,2005,2.35402917861938,0,2010,3
"2791",162,2006,2.35372853279114,0,2010,3
"2792",162,2007,2.30630111694336,0,2010,3
"2793",162,2008,2.30630111694336,0,2010,3
"2794",162,2009,2.53697466850281,0,2010,3
"2795",162,2010,2.90435695648193,1,2010,3
"2796",162,2011,2.01809120178223,1,2010,3
"2797",162,2012,2.44762897491455,1,2010,3
"2798",163,1992,4.13310241699219,0,1997,2
"2799",163,1993,4.66481733322144,0,1997,2
"2800",163,1994,4.52482986450195,0,1997,2
"2801",163,1995,4.0422682762146,0,1997,2
"2802",163,1996,3.85966277122498,0,1997,2
"2803",163,1997,3.83183550834656,1,1997,2
"2804",163,1998,4.25377225875854,0,1997,2
"2805",163,1999,4.51396751403809,0,1997,2
"2806",163,2000,4.86356782913208,0,1997,2
"2807",163,2001,5.45067977905273,0,1997,2
"2808",163,2002,5.6398286819458,1,1997,2
"2809",163,2003,5.77455759048462,1,1997,2
"2810",163,2004,6.21061325073242,1,1997,2
"2811",163,2005,6.0636625289917,1,1997,2
"2812",163,2006,6.94001913070679,1,1997,2
"2813",163,2007,7.03308820724487,1,1997,2
"2814",163,2008,6.92959833145142,1,1997,2
"2815",163,2009,6.86254262924194,1,1997,2
"2816",163,2010,6.99897861480713,0,1997,2
"2817",163,2011,6.99307060241699,0,1997,2
"2818",163,2012,6.95608472824097,0,1997,2
"2819",164,1992,2.14803433418274,0,1997,2
"2820",164,1993,1.75923633575439,0,1997,2
"2821",164,1994,1.7054750919342,0,1997,2
"2822",164,1995,1.29636967182159,0,1997,2
"2823",164,1996,1.29717004299164,0,1997,2
"2824",164,1997,1.30208313465118,1,1997,2
"2825",165,1998,3.70175170898438,1,1998,2
"2826",165,1999,3.40337181091309,1,1998,2
"2827",165,2000,4.10496997833252,1,1998,2
"2828",165,2001,4.66559171676636,1,1998,2
"2829",165,2002,4.92585039138794,1,1998,2
"2830",165,2003,4.93778896331787,1,1998,2
"2831",165,2004,5.19121360778809,1,1998,2
"2832",165,2005,5.53628301620483,1,1998,2
"2833",165,2006,6.68680620193481,1,1998,2
"2834",165,2007,6.78784227371216,1,1998,2
"2835",165,2008,6.75899362564087,1,1998,2
"2836",165,2009,6.83617401123047,1,1998,2
"2837",165,2010,6.80528402328491,0,1998,2
"2838",165,2011,6.89151620864868,0,1998,2
"2839",165,2012,6.80963325500488,0,1998,2
"2840",166,1992,0.0989950969815254,0,2010,3
"2841",166,1993,0.321900010108948,0,2010,3
"2842",166,1994,0.324049711227417,0,2010,3
"2843",166,1995,0.489746123552322,0,2010,3
"2844",166,1996,0.668454587459564,0,2010,3
"2845",166,1997,0.571591973304749,0,2010,3
"2846",166,1998,0.539982199668884,0,2010,3
"2847",166,1999,0.540955364704132,0,2010,3
"2848",166,2000,0.765602290630341,0,2010,3
"2849",166,2001,0.726858198642731,0,2010,3
"2850",166,2002,0.801331758499146,0,2010,3
"2851",166,2003,1.91413414478302,0,2010,3
"2852",166,2004,1.5856271982193,0,2010,3
"2853",166,2005,2.14193511009216,0,2010,3
"2854",166,2006,1.99083399772644,0,2010,3
"2855",166,2007,2.15585780143738,0,2010,3
"2856",166,2008,2.20262694358826,0,2010,3
"2857",166,2009,2.51345562934875,0,2010,3
"2858",166,2010,2.15034604072571,1,2010,3
"2859",166,2011,1.89195203781128,1,2010,3
"2860",166,2012,1.81878817081451,1,2010,3
"2861",167,1992,3.70944356918335,0,1997,2
"2862",167,1993,4.07082462310791,0,1997,2
"2863",167,1994,4.13639640808105,0,1997,2
"2864",167,1995,3.95826816558838,0,1997,2
"2865",167,1996,3.55804657936096,0,1997,2
"2866",167,1997,3.94643974304199,1,1997,2
"2867",167,1998,4.12103509902954,1,1997,2
"2868",167,1999,4.7125096321106,1,1997,2
"2869",167,2000,4.74330186843872,1,1997,2
"2870",167,2001,5.1209831237793,1,1997,2
"2871",167,2002,5.47067403793335,1,1997,2
"2872",167,2003,5.41839361190796,1,1997,2
"2873",167,2004,5.77638864517212,1,1997,2
"2874",167,2005,5.72377729415894,1,1997,2
"2875",167,2006,6.57734060287476,0,1997,2
"2876",167,2007,6.5629096031189,0,1997,2
"2877",167,2008,6.60651445388794,0,1997,2
"2878",167,2009,6.59553480148315,0,1997,2
"2879",167,2010,6.5494532585144,1,1997,2
"2880",167,2011,6.63704109191895,1,1997,2
"2881",167,2012,6.69928693771362,1,1997,2
"2882",168,1992,3.99874567985535,1,1992,1
"2883",168,1993,4.1796350479126,0,1992,1
"2884",168,1994,4.25947093963623,0,1992,1
"2885",168,1995,3.19599223136902,0,1992,1
"2886",168,1996,3.03336906433105,0,1992,1
"2887",168,1997,2.96120595932007,0,1992,1
"2888",168,1998,2.96396517753601,0,1992,1
"2889",168,1999,3.36080384254456,0,1992,1
"2890",168,2000,3.67428183555603,0,1992,1
"2891",168,2001,3.99704360961914,0,1992,1
"2892",168,2002,4.50664663314819,0,1992,1
"2893",168,2003,4.67878007888794,0,1992,1
"2894",168,2004,4.82888269424438,0,1992,1
"2895",168,2005,4.80942010879517,0,1992,1
"2896",168,2006,6.40099477767944,0,1992,1
"2897",168,2007,6.45472955703735,0,1992,1
"2898",168,2008,6.44757127761841,0,1992,1
"2899",168,2009,6.50907850265503,0,1992,1
"2900",168,2010,6.51209783554077,1,1992,1
"2901",168,2011,6.54874753952026,1,1992,1
"2902",168,2012,6.49538946151733,1,1992,1
"2903",169,1992,0.0277795847505331,0,2010,3
"2904",169,1993,0.0833815932273865,0,2010,3
"2905",169,1994,0.46103498339653,0,2010,3
"2906",169,1995,0.154150649905205,0,2010,3
"2907",169,1996,0.318828791379929,0,2010,3
"2908",169,1997,0.304660379886627,0,2010,3
"2909",169,1998,0.0653827786445618,0,2010,3
"2910",169,1999,0.051959689706564,0,2010,3
"2911",169,2000,-0.0389572605490685,0,2010,3
"2912",169,2001,0.00520837586373091,0,2010,3
"2913",169,2002,0.0719383880496025,0,2010,3
"2914",169,2003,0.990754902362823,0,2010,3
"2915",169,2004,0.989862203598022,0,2010,3
"2916",169,2005,0.966088473796844,0,2010,3
"2917",169,2006,1.25330460071564,0,2010,3
"2918",169,2007,1.50129580497742,0,2010,3
"2919",169,2008,1.28120422363281,0,2010,3
"2920",169,2009,1.30994057655334,0,2010,3
"2921",169,2010,1.66579079627991,1,2010,3
"2922",169,2011,1.92198801040649,1,2010,3
"2923",169,2012,2.75910544395447,1,2010,3
"2924",170,1992,4.07584095001221,0,1997,2
"2925",170,1993,4.15796089172363,0,1997,2
"2926",170,1994,4.30809164047241,0,1997,2
"2927",170,1995,4.09970140457153,0,1997,2
"2928",170,1996,6.2621545791626,0,1997,2
"2929",170,1997,3.97738552093506,1,1997,2
"2930",170,1998,4.47113847732544,1,1997,2
"2931",170,1999,4.53907871246338,1,1997,2
"2932",170,2000,5.02805042266846,1,1997,2
"2933",170,2001,5.65453052520752,1,1997,2
"2934",170,2002,5.88797855377197,1,1997,2
"2935",170,2003,6.02129888534546,1,1997,2
"2936",170,2004,5.84843492507935,1,1997,2
"2937",170,2005,5.75840854644775,1,1997,2
"2938",170,2006,6.85491371154785,1,1997,2
"2939",170,2007,6.92629814147949,1,1997,2
"2940",170,2008,6.89702844619751,1,1997,2
"2941",170,2009,6.95811653137207,1,1997,2
"2942",170,2010,6.93542814254761,0,1997,2
"2943",170,2011,6.9967565536499,0,1997,2
"2944",170,2012,7.0193362236023,0,1997,2
"2945",171,1992,1.36219680309296,0,1997,2
"2946",171,1993,1.30047845840454,0,1997,2
"2947",171,1994,1.27245926856995,0,1997,2
"2948",171,1995,1.44001984596252,0,1997,2
"2949",171,1996,1.45831298828125,0,1997,2
"2950",171,1997,1.62490212917328,1,1997,2
"2951",171,1998,1.90036141872406,1,1997,2
"2952",171,1999,1.78087794780731,1,1997,2
"2953",171,2000,1.74296927452087,1,1997,2
"2954",171,2001,1.65560007095337,1,1997,2
"2955",171,2002,1.52266263961792,0,1997,2
"2956",171,2003,2.0308096408844,0,1997,2
"2957",171,2004,2.50268030166626,0,1997,2
"2958",171,2005,2.39322233200073,0,1997,2
"2959",171,2006,2.97304081916809,0,1997,2
"2960",171,2007,3.13994359970093,0,1997,2
"2961",171,2008,3.38610768318176,0,1997,2
"2962",171,2009,3.26699686050415,0,1997,2
"2964",171,2011,2.53609657287598,1,1997,2
"2965",171,2012,2.7951295375824,1,1997,2
"2966",172,1992,0.384994298219681,0,2011,3
"2967",172,1993,0.384994298219681,0,2011,3
"2968",172,1994,0.430444031953812,0,2011,3
"2969",172,1995,0.551863789558411,0,2011,3
"2970",172,1996,0.510825574398041,0,2011,3
"2971",172,1997,0.402979522943497,0,2011,3
"2972",172,1998,0.464113861322403,0,2011,3
"2973",172,1999,0.409233212471008,0,2011,3
"2974",172,2000,0.385397523641586,0,2011,3
"2975",172,2001,0.39140510559082,0,2011,3
"2976",172,2002,0.383627444505692,0,2011,3
"2977",172,2003,1.51555526256561,0,2011,3
"2978",172,2004,1.62925326824188,0,2011,3
"2979",172,2005,2.10083794593811,0,2011,3
"2980",172,2006,1.82227206230164,0,2011,3
"2981",172,2007,2.15340185165405,0,2011,3
"2982",172,2008,2.23858904838562,0,2011,3
"2983",172,2009,2.3672022819519,0,2011,3
"2985",172,2011,2.03723978996277,1,2011,3
"2986",172,2012,2.42852640151978,1,2011,3
"2987",173,1992,4.11598873138428,1,1992,1
"2988",173,1993,3.46868872642517,1,1992,1
"2989",173,1994,3.57623076438904,0,1992,1
"2990",173,1995,3.4667820930481,0,1992,1
"2991",173,1996,3.34303569793701,0,1992,1
"2992",173,1997,3.41787362098694,0,1992,1
"2993",173,1998,3.59789085388184,1,1992,1
"2994",173,1999,3.79423999786377,1,1992,1
"2995",173,2000,4.06966972351074,1,1992,1
"2996",173,2001,4.50971937179565,1,1992,1
"2997",173,2002,4.64023923873901,0,1992,1
"2998",173,2003,4.71703815460205,0,1992,1
"2999",173,2004,4.95524835586548,0,1992,1
"3000",173,2005,4.96322965621948,0,1992,1
"3001",173,2006,6.57080698013306,0,1992,1
"3002",173,2007,6.62736797332764,0,1992,1
"3003",173,2008,6.6518383026123,0,1992,1
"3004",173,2009,6.66141843795776,0,1992,1
"3005",173,2010,6.68328666687012,0,1992,1
"3006",173,2011,6.72204351425171,0,1992,1
"3007",173,2012,6.47405958175659,0,1992,1
"3008",174,1992,-0.0855658277869225,0,2010,3
"3009",174,1993,0.572701036930084,0,2010,3
"3010",174,1994,0.0216614790260792,0,2010,3
"3011",174,1995,0.0119762420654297,0,2010,3
"3012",174,1996,0.120846204459667,0,2010,3
"3013",174,1997,0.0773611217737198,0,2010,3
"3014",174,1998,-0.00114876427687705,0,2010,3
"3015",174,1999,-0.0591888837516308,0,2010,3
"3016",174,2000,-0.096460297703743,0,2010,3
"3017",174,2001,0.710144817829132,0,2010,3
"3018",174,2002,0.722461581230164,0,2010,3
"3019",174,2003,1.16240203380585,0,2010,3
"3020",174,2004,1.15405380725861,0,2010,3
"3021",174,2005,1.13639581203461,0,2010,3
"3022",174,2006,1.91463959217072,0,2010,3
"3023",174,2007,2.26545786857605,0,2010,3
"3024",174,2008,2.40422248840332,0,2010,3
"3025",174,2009,2.60215401649475,0,2010,3
"3026",174,2010,2.23288249969482,1,2010,3
"3027",174,2011,1.82199943065643,1,2010,3
"3028",174,2012,2.36320972442627,1,2010,3
"3029",175,1992,1.74958455562592,0,NA,0
"3030",175,1993,1.96589028835297,0,NA,0
"3031",175,1994,1.68385672569275,0,NA,0
"3032",175,1995,1.31885313987732,0,NA,0
"3033",176,1996,3.09430861473083,0,1997,2
"3034",176,1997,3.52289056777954,1,1997,2
"3035",176,1998,3.59145855903625,1,1997,2
"3036",176,1999,3.84049844741821,1,1997,2
"3037",176,2000,4.11906385421753,0,1997,2
"3038",176,2001,4.54889297485352,0,1997,2
"3039",176,2002,5.06270456314087,0,1997,2
"3040",176,2003,5.5493745803833,0,1997,2
"3041",176,2004,5.63349294662476,1,1997,2
"3042",176,2005,5.67512130737305,1,1997,2
"3043",176,2006,6.80196046829224,1,1997,2
"3044",176,2007,6.86829280853271,1,1997,2
"3045",176,2008,6.76216506958008,0,1997,2
"3046",176,2009,6.80405902862549,0,1997,2
"3047",176,2010,6.81398391723633,0,1997,2
"3048",176,2011,6.85516405105591,0,1997,2
"3049",176,2012,6.86229038238525,0,1997,2
"3050",177,1992,1.12242293357849,0,1998,2
"3051",177,1993,1.13752770423889,0,1998,2
"3052",177,1994,1.33437430858612,0,1998,2
"3053",177,1995,1.49195599555969,0,1998,2
"3054",177,1996,1.54730618000031,0,1998,2
"3055",177,1997,1.60702538490295,0,1998,2
"3056",177,1998,1.64028263092041,1,1998,2
"3057",177,1999,1.70749914646149,1,1998,2
"3058",177,2000,1.72450721263885,1,1998,2
"3059",177,2001,2.60445189476013,1,1998,2
"3060",177,2002,2.9381537437439,1,1998,2
"3061",177,2003,3.66564655303955,1,1998,2
"3062",177,2004,3.5892825126648,0,1998,2
"3063",177,2005,3.56504487991333,0,1998,2
"3064",177,2006,3.72894835472107,0,1998,2
"3065",177,2007,3.75378561019897,0,1998,2
"3066",177,2008,2.84216952323914,0,1998,2
"3067",177,2009,2.7724437713623,0,1998,2
"3068",177,2010,3.17776441574097,0,1998,2
"3069",177,2011,2.713787317276,0,1998,2
"3070",177,2012,3.81907248497009,0,1998,2
"3071",178,1992,0.119451105594635,0,2010,3
"3072",178,1993,0.295946598052979,0,2010,3
"3073",178,1994,0.796413421630859,0,2010,3
"3074",178,1995,1.12767934799194,0,2010,3
"3075",178,1996,1.37032091617584,0,2010,3
"3076",178,1997,1.51192939281464,0,2010,3
"3077",178,1998,0.678008079528809,0,2010,3
"3078",178,1999,0.658955812454224,0,2010,3
"3079",178,2000,0.688138842582703,0,2010,3
"3080",178,2001,0.741300046443939,0,2010,3
"3081",178,2002,0.757685780525208,0,2010,3
"3082",178,2003,1.77885603904724,0,2010,3
"3083",178,2004,2.0623471736908,0,2010,3
"3084",178,2005,2.00861549377441,0,2010,3
"3085",178,2006,2.11152982711792,0,2010,3
"3086",178,2007,2.45893120765686,0,2010,3
"3087",178,2008,2.58683657646179,0,2010,3
"3088",178,2009,2.62391209602356,0,2010,3
"3089",178,2010,2.54058384895325,1,2010,3
"3090",178,2011,2.2184567451477,1,2010,3
"3091",178,2012,2.50706219673157,1,2010,3
"3092",179,1992,2.90671968460083,0,2010,3
"3093",179,1993,3.56359362602234,0,2010,3
"3094",179,1994,3.45635771751404,0,2010,3
"3095",179,1995,3.38511371612549,0,2010,3
"3096",179,1996,3.20505619049072,0,2010,3
"3097",179,1997,3.14597916603088,0,2010,3
"3098",179,1998,3.34248375892639,0,2010,3
"3099",179,1999,3.44219303131104,0,2010,3
"3100",179,2000,3.78389120101929,0,2010,3
"3101",179,2001,4.10311603546143,0,2010,3
"3102",179,2002,4.54882669448853,0,2010,3
"3103",179,2003,4.61473703384399,0,2010,3
"3104",179,2004,4.63695240020752,0,2010,3
"3105",179,2005,4.93237686157227,0,2010,3
"3106",179,2006,6.56657552719116,0,2010,3
"3107",179,2007,6.6208028793335,0,2010,3
"3108",179,2008,6.63603973388672,0,2010,3
"3109",179,2009,6.6487078666687,0,2010,3
"3110",179,2010,6.74098348617554,1,2010,3
"3111",179,2011,6.76374387741089,1,2010,3
"3112",179,2012,6.57322120666504,1,2010,3
"3113",180,1992,0.944461584091187,0,NA,0
"3114",180,1993,1.05274188518524,0,NA,0
"3115",180,1994,1.02515387535095,0,NA,0
"3116",180,1995,1.00854802131653,0,NA,0
"3117",180,1996,1.08866202831268,0,NA,0
"3118",180,1997,1.10866260528564,0,NA,0
"3125",182,1998,2.74949479103088,0,2010,3
"3126",182,1999,3.8852550983429,0,2010,3
"3127",182,2000,4.08253812789917,0,2010,3
"3128",182,2001,4.35354566574097,0,2010,3
"3129",182,2002,4.76771545410156,0,2010,3
"3130",182,2003,4.78558397293091,0,2010,3
"3131",182,2004,4.99820709228516,0,2010,3
"3132",182,2005,5.28769063949585,0,2010,3
"3133",182,2006,6.41050481796265,0,2010,3
"3134",182,2007,6.50887393951416,0,2010,3
"3135",182,2008,6.43695449829102,0,2010,3
"3136",182,2009,6.42447090148926,0,2010,3
"3137",182,2010,6.4447455406189,1,2010,3
"3138",182,2011,6.51950311660767,1,2010,3
"3139",182,2012,5.92286491394043,1,2010,3
"3140",183,1992,3.96492838859558,1,1992,1
"3141",183,1993,4.13674592971802,0,1992,1
"3142",183,1994,4.22673416137695,0,1992,1
"3143",183,1995,3.32182502746582,0,1992,1
"3144",183,1996,3.15953660011292,0,1992,1
"3145",183,1997,3.07926607131958,0,1992,1
"3146",183,1998,3.21143364906311,0,1992,1
"3147",183,1999,3.40881586074829,0,1992,1
"3148",183,2000,3.84030175209045,0,1992,1
"3149",183,2001,4.29254293441772,0,1992,1
"3150",183,2002,4.4978175163269,0,1992,1
"3151",183,2003,4.68841457366943,0,1992,1
"3152",183,2004,4.95894289016724,0,1992,1
"3153",183,2005,4.94031715393066,0,1992,1
"3154",183,2006,6.49986743927002,0,1992,1
"3155",183,2007,6.57483577728271,0,1992,1
"3156",183,2008,6.54312419891357,0,1992,1
"3157",183,2009,6.6016435623169,0,1992,1
"3158",183,2010,6.61890172958374,1,1992,1
"3159",183,2011,6.67167472839355,1,1992,1
"3160",183,2012,6.51384210586548,1,1992,1
"3162",184,1993,0.632809519767761,1,1992,1
"3163",184,1994,0.656191468238831,0,1992,1
"3164",184,1995,0.606429994106293,0,1992,1
"3165",184,1996,0.942902266979218,0,1992,1
"3166",184,1997,0.935218751430511,1,1992,1
"3167",184,1998,0.927815198898315,1,1992,1
"3168",184,1999,0.842823624610901,0,1992,1
"3169",184,2000,0.822204351425171,0,1992,1
"3170",184,2001,0.803571045398712,0,1992,1
"3171",184,2002,0.798507750034332,0,1992,1
"3172",184,2003,1.57517325878143,0,1992,1
"3173",184,2004,1.65852749347687,0,1992,1
"3174",184,2005,1.73359715938568,0,1992,1
"3175",184,2006,1.73146724700928,0,1992,1
"3176",184,2007,2.04463219642639,0,1992,1
"3177",184,2008,2.01700615882874,0,1992,1
"3178",184,2009,1.98490428924561,0,1992,1
"3179",184,2010,2.24094676971436,1,1992,1
"3180",184,2011,2.45774626731873,1,1992,1
"3181",184,2012,2.61033463478088,1,1992,1
"3182",185,1992,0.532906711101532,0,1997,2
"3183",185,1993,0.557451486587524,0,1997,2
"3184",185,1994,0.613874018192291,0,1997,2
"3185",185,1995,0.572519183158875,0,1997,2
"3186",185,1996,0.567225277423859,0,1997,2
"3187",185,1997,0.567225277423859,1,1997,2
"3188",185,1998,0.628985226154327,1,1997,2
"3189",185,1999,0.620259523391724,1,1997,2
"3190",185,2000,0.604511141777039,1,1997,2
"3191",185,2001,0.641559839248657,1,1997,2
"3192",185,2002,0.731508016586304,1,1997,2
"3193",185,2003,0.721815049648285,0,1997,2
"3194",185,2004,1.62051224708557,0,1997,2
"3195",185,2005,1.84407079219818,0,1997,2
"3196",185,2006,1.98247981071472,0,1997,2
"3197",185,2007,1.92739260196686,0,1997,2
"3198",185,2008,1.90469992160797,0,1997,2
"3200",185,2010,2.53852200508118,1,1997,2
"3201",185,2011,2.39355683326721,0,1997,2
"3202",185,2012,2.26853466033936,0,1997,2
"3203",186,1992,2.62300229072571,1,1992,1
"3204",186,1993,3.22614359855652,1,1992,1
"3205",186,1994,3.63625812530518,0,1992,1
"3206",186,1995,3.36141228675842,0,1992,1
"3207",186,1996,3.29398775100708,0,1992,1
"3208",186,1997,3.28458714485168,1,1992,1
"3209",186,1998,3.81269669532776,0,1992,1
"3210",186,1999,4.37336874008179,0,1992,1
"3211",186,2000,4.5723762512207,0,1992,1
"3212",186,2001,4.95557641983032,0,1992,1
"3213",186,2002,5.0408501625061,0,1992,1
"3214",186,2003,5.03516864776611,0,1992,1
"3215",186,2004,5.59673166275024,0,1992,1
"3216",186,2005,5.58577919006348,0,1992,1
"3217",186,2006,6.76472997665405,0,1992,1
"3218",186,2007,6.78640127182007,0,1992,1
"3219",186,2008,6.7202959060669,0,1992,1
"3220",186,2009,6.83425760269165,0,1992,1
"3221",186,2010,6.87878513336182,1,1992,1
"3222",186,2011,6.8675045967102,1,1992,1
"3223",186,2012,6.86961507797241,1,1992,1
"3224",187,1992,0.257920980453491,1,1992,1
"3225",187,1993,0.178502798080444,1,1992,1
"3226",187,1994,0.219019860029221,1,1992,1
"3227",187,1995,0.40272918343544,0,1992,1
"3228",187,1996,0.306402564048767,0,1992,1
"3229",187,1997,0.272177904844284,0,1992,1
"3230",187,1998,0.292272686958313,0,1992,1
"3231",187,1999,0.295795768499374,0,1992,1
"3232",187,2000,0.293295830488205,0,1992,1
"3233",187,2001,0.284126073122025,0,1992,1
"3234",187,2002,0.316233962774277,0,1992,1
"3235",187,2003,1.05231404304504,0,1992,1
"3236",187,2004,1.04634380340576,0,1992,1
"3237",187,2005,1.62021708488464,0,1992,1
"3238",187,2006,1.63344287872314,0,1992,1
"3239",187,2007,1.76441395282745,0,1992,1
"3240",187,2008,1.72700774669647,0,1992,1
"3241",187,2009,2.00463342666626,0,1992,1
"3242",187,2010,2.9130322933197,0,1992,1
"3243",187,2011,2.51189279556274,1,1992,1
"3244",187,2012,2.96038603782654,1,1992,1
"3250",189,1993,0.311651229858398,1,1992,1
"3251",189,1994,0.315778732299805,1,1992,1
"3253",189,1996,0.405174523591995,0,1992,1
"3254",189,1997,0.293532460927963,0,1992,1
"3255",189,1998,0.259742677211761,0,1992,1
"3256",189,1999,0.25449413061142,0,1992,1
"3257",189,2000,0.277973264455795,0,1992,1
"3258",189,2001,0.23335175216198,0,1992,1
"3259",189,2002,0.605993986129761,0,1992,1
"3260",189,2003,2.00696754455566,0,1992,1
"3261",189,2004,1.89065265655518,0,1992,1
"3262",189,2005,2.42528033256531,0,1992,1
"3263",189,2006,2.351149559021,0,1992,1
"3264",189,2007,2.30336737632751,0,1992,1
"3265",189,2008,2.24108862876892,0,1992,1
"3266",189,2009,2.40285181999207,0,1992,1
"3267",189,2010,2.49227547645569,1,1992,1
"3268",189,2011,1.81108868122101,1,1992,1
"3269",189,2012,2.46196436882019,1,1992,1
"3270",190,1992,3.52592372894287,0,1997,2
"3272",190,1994,3.86605262756348,0,1997,2
"3273",190,1995,3.83067560195923,0,1997,2
"3274",190,1996,3.69737696647644,0,1997,2
"3275",190,1997,3.62877559661865,1,1997,2
"3276",190,1998,3.90122652053833,1,1997,2
"3277",190,1999,3.94946718215942,1,1997,2
"3278",190,2000,4.36424732208252,1,1997,2
"3279",190,2001,4.65900468826294,1,1997,2
"3280",190,2002,4.84570026397705,1,1997,2
"3281",190,2003,4.95825862884521,1,1997,2
"3282",190,2004,5.29358339309692,1,1997,2
"3283",190,2005,5.30937719345093,1,1997,2
"3284",190,2006,6.73254108428955,0,1997,2
"3285",190,2007,6.79508018493652,0,1997,2
"3286",190,2008,6.78655862808228,0,1997,2
"3287",190,2009,6.83828973770142,0,1997,2
"3288",190,2010,6.86317777633667,0,1997,2
"3289",190,2011,6.81069135665894,0,1997,2
"3290",190,2012,6.72090673446655,0,1997,2
"3294",191,1995,1.63117790222168,0,NA,0
"3295",191,1996,1.55427479743958,0,NA,0
"3301",193,1992,0.14086726307869,1,1992,1
"3302",193,1993,0.212390676140785,1,1992,1
"3303",193,1994,0.276576489210129,1,1992,1
"3304",193,1995,0.420969218015671,1,1992,1
"3305",193,1996,0.461515188217163,1,1992,1
"3306",193,1997,0.479450553655624,0,1992,1
"3307",193,1998,0.505749464035034,0,1992,1
"3308",193,1999,0.694390118122101,0,1992,1
"3309",193,2000,0.460911244153976,0,1992,1
"3310",193,2001,0.439435601234436,0,1992,1
"3311",193,2002,0.849769949913025,0,1992,1
"3312",193,2003,1.62984037399292,0,1992,1
"3313",193,2004,1.75893497467041,0,1992,1
"3314",193,2005,1.96195328235626,0,1992,1
"3315",193,2006,2.1428017616272,0,1992,1
"3316",193,2007,2.00842523574829,0,1992,1
"3317",193,2008,2.07733845710754,0,1992,1
"3318",193,2009,2.08345866203308,0,1992,1
"3319",193,2010,2.15825390815735,1,1992,1
"3320",193,2011,2.4498188495636,1,1992,1
"3321",193,2012,2.8140082359314,1,1992,1
"3322",194,1992,0.849082052707672,0,1997,2
"3323",194,1993,0.948195338249207,0,1997,2
"3324",194,1994,0.984610021114349,0,1997,2
"3325",194,1995,1.01125693321228,0,1997,2
"3326",194,1996,0.977359712123871,0,1997,2
"3327",194,1997,1.05355584621429,1,1997,2
"3328",194,1998,1.0986123085022,1,1997,2
"3329",194,1999,1.11923158168793,0,1997,2
"3330",194,2000,1.08180522918701,0,1997,2
"3331",194,2001,2.42948317527771,0,1997,2
"3332",194,2002,2.71054100990295,1,1997,2
"3333",194,2003,3.13463711738586,0,1997,2
"3334",194,2004,3.24080109596252,0,1997,2
"3335",194,2005,2.98769521713257,0,1997,2
"3336",194,2006,2.94630074501038,0,1997,2
"3337",194,2007,2.6468665599823,0,1997,2
"3338",194,2008,2.65707588195801,0,1997,2
"3339",194,2009,2.83393049240112,0,1997,2
"3341",194,2011,2.5367648601532,0,1997,2
"3342",194,2012,2.48161315917969,0,1997,2
"3343",195,1992,0.763252377510071,0,1997,2
"3344",195,1993,1.19625079631805,0,1997,2
"3345",195,1994,0.895671427249908,0,1997,2
"3346",195,1995,1.13393974304199,0,1997,2
"3347",195,1996,1.14258170127869,0,1997,2
"3348",195,1997,1.1434577703476,1,1997,2
"3349",195,1998,1.16994988918304,1,1997,2
"3350",195,1999,1.17524552345276,1,1997,2
"3351",195,2000,1.20485031604767,1,1997,2
"3352",195,2001,1.19692432880402,1,1997,2
"3353",195,2002,1.19690573215485,1,1997,2
"3354",195,2003,2.07108044624329,1,1997,2
"3355",195,2004,2.22090697288513,0,1997,2
"3356",195,2005,2.11273956298828,0,1997,2
"3357",195,2006,2.49271082878113,0,1997,2
"3358",195,2007,2.76053714752197,0,1997,2
"3359",195,2008,2.8459324836731,0,1997,2
"3360",195,2009,3.13261556625366,0,1997,2
"3361",195,2010,3.12839436531067,0,1997,2
"3362",195,2011,2.44926047325134,0,1997,2
"3363",195,2012,2.93549728393555,0,1997,2
"3367",197,1995,3.53155064582825,0,2010,3
"3368",197,1996,3.46823287010193,0,2010,3
"3369",197,1997,3.33731389045715,0,2010,3
"3370",197,1998,3.71589231491089,0,2010,3
"3371",197,1999,3.86856245994568,0,2010,3
"3372",197,2000,4.10322904586792,0,2010,3
"3373",197,2001,4.56081628799438,0,2010,3
"3374",197,2002,4.93419933319092,0,2010,3
"3375",197,2003,5.08626461029053,0,2010,3
"3376",197,2004,5.20964336395264,0,2010,3
"3377",197,2005,5.27950859069824,0,2010,3
"3378",197,2006,6.5140495300293,0,2010,3
"3379",197,2007,6.56668853759766,0,2010,3
"3380",197,2008,6.51020812988281,0,2010,3
"3381",197,2009,6.55050659179688,0,2010,3
"3382",197,2010,6.54131174087524,1,2010,3
"3383",197,2012,6.45445966720581,1,2010,3
"3405",199,1992,3.66661262512207,0,1997,2
"3406",199,1993,3.9916615486145,0,1997,2
"3407",199,1994,4.14826107025146,0,1997,2
"3408",199,1995,3.85019636154175,0,1997,2
"3409",199,1996,3.44502449035645,0,1997,2
"3410",199,1997,3.37067699432373,1,1997,2
"3411",199,1998,4.0168948173523,0,1997,2
"3412",199,1999,3.93251299858093,0,1997,2
"3413",199,2000,5.00813674926758,0,1997,2
"3414",199,2001,5.74303913116455,0,1997,2
"3415",199,2002,5.88694095611572,0,1997,2
"3416",199,2003,6.1419529914856,0,1997,2
"3417",199,2004,5.71033096313477,0,1997,2
"3418",199,2005,6.26155138015747,0,1997,2
"3419",199,2006,6.92540407180786,0,1997,2
"3420",199,2007,6.90934419631958,0,1997,2
"3421",199,2008,6.87083768844604,0,1997,2
"3422",199,2009,6.89819955825806,0,1997,2
"3423",199,2010,6.83511161804199,0,1997,2
"3424",199,2011,6.9295802116394,0,1997,2
"3425",199,2012,6.89938974380493,0,1997,2
"3427",200,1993,0.362348645925522,0,NA,0
"3428",200,1994,0.44573900103569,0,NA,0
"3430",200,1996,0.4631307721138,0,NA,0
"3431",200,1997,0.720175862312317,0,NA,0
"3432",200,1998,0.843429386615753,0,NA,0
"3433",200,1999,0.655209362506866,0,NA,0
"3434",200,2000,0.607418596744537,0,NA,0
"3435",200,2001,0.663714468479156,0,NA,0
"3436",200,2002,0.641187489032745,0,NA,0
"3437",200,2003,1.61609125137329,0,NA,0
"3438",200,2004,1.90449512004852,0,NA,0
"3439",200,2005,2.47339200973511,0,NA,0
"3440",200,2006,2.33635449409485,0,NA,0
"3441",200,2007,2.30899119377136,0,NA,0
"3442",200,2008,1.99510049819946,0,NA,0
"3443",201,1992,3.00938963890076,1,1992,1
"3444",201,1993,3.87763357162476,1,1992,1
"3445",201,1994,3.91921281814575,1,1992,1
"3446",201,1995,3.72447276115417,1,1992,1
"3447",201,1996,3.59619641304016,1,1992,1
"3448",201,1997,3.50150632858276,0,1992,1
"3449",201,1998,4.13843154907227,0,1992,1
"3450",201,1999,4.45001316070557,0,1992,1
"3451",201,2000,4.52944898605347,0,1992,1
"3452",201,2001,4.95025491714478,0,1992,1
"3453",201,2002,5.05838251113892,0,1992,1
"3454",201,2003,5.63036060333252,0,1992,1
"3455",201,2004,5.59457588195801,0,1992,1
"3456",201,2005,5.6146674156189,0,1992,1
"3457",201,2006,6.31571865081787,0,1992,1
"3458",201,2007,6.21983814239502,0,1992,1
"3459",201,2008,6.13885259628296,0,1992,1
"3460",201,2009,6.2859959602356,0,1992,1
"3461",201,2010,6.23548698425293,1,1992,1
"3462",201,2011,6.31741333007812,1,1992,1
"3463",201,2012,6.34823083877563,1,1992,1
"3464",202,1992,4.10245323181152,1,1992,1
"3465",202,1993,4.32418823242188,0,1992,1
"3466",202,1994,4.33895683288574,0,1992,1
"3467",202,1995,3.25655221939087,0,1992,1
"3468",202,1996,3.15465235710144,0,1992,1
"3469",202,1997,3.02624773979187,0,1992,1
"3470",202,1998,3.35859179496765,0,1992,1
"3471",202,1999,3.63019156455994,0,1992,1
"3472",202,2000,4.39154386520386,0,1992,1
"3473",202,2001,4.58423089981079,0,1992,1
"3474",202,2002,4.97144508361816,0,1992,1
"3475",202,2003,4.92098569869995,0,1992,1
"3476",202,2004,5.03752374649048,0,1992,1
"3477",202,2005,5.17256355285645,0,1992,1
"3478",202,2006,6.54144334793091,0,1992,1
"3479",202,2007,6.59795188903809,0,1992,1
"3480",202,2008,6.53448390960693,0,1992,1
"3481",202,2009,6.57852125167847,0,1992,1
"3482",202,2010,6.57866144180298,1,1992,1
"3483",202,2011,6.54231309890747,1,1992,1
"3484",202,2012,6.46001100540161,1,1992,1
"3485",203,1992,0.920825958251953,0,NA,0
"3486",203,1993,0.884685337543488,0,NA,0
"3487",203,1994,1.00552189350128,0,NA,0
"3488",203,1995,0.883721828460693,0,NA,0
"3489",203,1996,0.916290760040283,0,NA,0
"3490",203,1997,1.01764321327209,0,NA,0
"3491",203,1998,1.02165126800537,0,NA,0
"3492",203,1999,1.01832342147827,0,NA,0
"3493",203,2000,1.16165030002594,0,NA,0
"3494",203,2001,1.17520987987518,0,NA,0
"3495",203,2002,1.25122570991516,0,NA,0
"3496",203,2003,1.3700338602066,0,NA,0
"3497",203,2004,2.16666984558105,0,NA,0
"3498",203,2005,2.23582196235657,0,NA,0
"3499",203,2006,2.29000639915466,0,NA,0
"3500",203,2007,2.35916590690613,0,NA,0
"3501",203,2008,2.23395657539368,0,NA,0
"3502",204,1992,0.570994138717651,0,1997,2
"3503",204,1993,0.665712475776672,0,1997,2
"3504",204,1994,0.664268791675568,0,1997,2
"3505",204,1995,0.625734508037567,0,1997,2
"3506",204,1996,0.620826542377472,0,1997,2
"3507",204,1997,0.639484882354736,1,1997,2
"3508",204,1998,0.661164164543152,1,1997,2
"3509",204,1999,0.675019800662994,0,1997,2
"3510",204,2000,0.687212467193604,0,1997,2
"3511",204,2001,0.886731863021851,0,1997,2
"3512",204,2002,0.625843524932861,0,1997,2
"3513",204,2003,1.75350677967072,0,1997,2
"3514",204,2004,2.19803142547607,0,1997,2
"3515",204,2005,2.31203031539917,0,1997,2
"3516",204,2006,2.3107578754425,0,1997,2
"3517",204,2007,2.33574986457825,0,1997,2
"3518",204,2008,2.53926301002502,0,1997,2
"3519",204,2009,2.75781536102295,0,1997,2
"3520",204,2010,2.94019389152527,1,1997,2
"3521",204,2011,2.52194786071777,1,1997,2
"3522",204,2012,2.93016314506531,1,1997,2
"3523",205,1992,0.794810831546783,0,1997,2
"3524",205,1993,0.722240090370178,0,1997,2
"3525",205,1994,0.706421673297882,0,1997,2
"3526",205,1995,0.824015438556671,0,1997,2
"3527",205,1996,0.831912934780121,0,1997,2
"3528",205,1997,0.837772369384766,1,1997,2
"3529",205,1998,0.872670114040375,1,1997,2
"3530",205,1999,0.868107318878174,0,1997,2
"3531",205,2000,1.11225163936615,0,1997,2
"3532",205,2001,1.14451885223389,0,1997,2
"3533",205,2002,1.0826598405838,0,1997,2
"3534",205,2003,1.84722292423248,0,1997,2
"3535",205,2004,2.61453366279602,0,1997,2
"3536",205,2005,1.97016561031342,0,1997,2
"3537",205,2006,2.5416796207428,0,1997,2
"3538",205,2007,2.5471498966217,0,1997,2
"3539",205,2008,2.67688322067261,0,1997,2
"3540",205,2009,2.56789326667786,0,1997,2
"3541",205,2010,2.61195707321167,1,1997,2
"3542",205,2011,2.71223711967468,1,1997,2
"3543",205,2012,2.9019877910614,1,1997,2
"3544",206,1992,1.59690833091736,0,NA,0
"3545",206,1993,1.6323755979538,0,NA,0
"3546",206,1994,1.52168273925781,0,NA,0
"3547",206,1995,1.37635338306427,0,NA,0
"3548",207,1996,3.44531512260437,0,1997,2
"3549",207,1997,3.5029079914093,1,1997,2
"3550",207,1998,3.63084864616394,1,1997,2
"3551",207,1999,3.81871843338013,1,1997,2
"3552",207,2000,4.13985776901245,1,1997,2
"3553",207,2001,4.91040563583374,1,1997,2
"3554",207,2002,5.14582300186157,0,1997,2
"3555",207,2003,5.23461532592773,0,1997,2
"3556",207,2004,5.51141881942749,0,1997,2
"3557",207,2005,5.5710883140564,0,1997,2
"3558",207,2006,6.71011686325073,0,1997,2
"3559",207,2007,6.74450826644897,0,1997,2
"3560",207,2008,6.6763391494751,0,1997,2
"3561",207,2009,6.66884136199951,0,1997,2
"3562",207,2010,6.63997936248779,0,1997,2
"3563",207,2011,6.69546175003052,0,1997,2
"3564",207,2012,6.68477296829224,0,1997,2
"3565",208,1992,3.2431800365448,0,2011,3
"3566",208,1993,3.47355151176453,0,2011,3
"3567",208,1994,3.57025814056396,0,2011,3
"3568",208,1995,3.4434654712677,0,2011,3
"3569",208,1996,3.25876235961914,0,2011,3
"3570",208,1997,3.19708395004272,0,2011,3
"3571",208,1998,3.39317274093628,0,2011,3
"3572",208,1999,3.73542308807373,0,2011,3
"3573",208,2000,3.93324899673462,0,2011,3
"3574",208,2001,4.17873382568359,0,2011,3
"3575",208,2002,4.62259483337402,0,2011,3
"3576",208,2003,4.85910844802856,0,2011,3
"3577",208,2004,4.87914371490479,0,2011,3
"3578",208,2005,5.12006998062134,0,2011,3
"3579",208,2006,6.45166254043579,0,2011,3
"3580",208,2007,6.55646753311157,0,2011,3
"3581",208,2008,6.41663932800293,0,2011,3
"3582",208,2009,6.5391116142273,0,2011,3
"3583",208,2010,6.57767963409424,0,2011,3
"3584",208,2011,6.58888626098633,1,2011,3
"3585",208,2012,6.30271673202515,1,2011,3
"3590",210,1992,3.3943293094635,0,1997,2
"3591",210,1993,3.72892451286316,0,1997,2
"3592",210,1994,3.84790182113647,0,1997,2
"3593",210,1995,3.74405407905579,0,1997,2
"3594",210,1996,3.59242486953735,0,1997,2
"3595",210,1997,3.5204119682312,1,1997,2
"3596",210,1998,3.60669636726379,1,1997,2
"3597",210,1999,3.95857334136963,0,1997,2
"3598",210,2000,4.21995162963867,0,1997,2
"3599",210,2001,4.67715311050415,0,1997,2
"3600",210,2002,4.93605852127075,0,1997,2
"3601",210,2003,5.12552070617676,0,1997,2
"3602",210,2004,5.27918815612793,0,1997,2
"3603",210,2005,5.39344263076782,0,1997,2
"3604",210,2006,6.65668296813965,0,1997,2
"3605",210,2007,6.71837568283081,0,1997,2
"3606",210,2008,6.68403434753418,0,1997,2
"3607",210,2009,6.73856019973755,0,1997,2
"3608",210,2010,6.75774955749512,0,1997,2
"3609",210,2011,6.7393045425415,0,1997,2
"3610",210,2012,6.68509674072266,0,1997,2
"3611",211,1992,3.81159496307373,0,1997,2
"3612",211,1993,3.77186489105225,0,1997,2
"3613",211,1994,3.73732948303223,0,1997,2
"3614",211,1995,3.61892557144165,0,1997,2
"3615",211,1996,3.48880386352539,0,1997,2
"3616",211,1997,3.44760131835938,1,1997,2
"3617",211,1998,3.68351125717163,1,1997,2
"3618",211,1999,3.80102634429932,1,1997,2
"3619",211,2000,4.27505731582642,1,1997,2
"3620",211,2001,4.94652271270752,1,1997,2
"3621",211,2002,5.09369802474976,1,1997,2
"3622",211,2003,5.76363801956177,1,1997,2
"3623",211,2004,5.61560153961182,1,1997,2
"3624",211,2005,5.84564590454102,1,1997,2
"3625",211,2006,6.85989189147949,1,1997,2
"3626",211,2007,6.90685939788818,1,1997,2
"3627",211,2008,6.80655717849731,1,1997,2
"3628",211,2009,6.83124351501465,1,1997,2
"3629",211,2010,6.9837212562561,0,1997,2
"3630",211,2011,6.8472318649292,0,1997,2
"3631",211,2012,6.85183429718018,0,1997,2
"3632",212,1992,3.32609272003174,0,1998,2
"3633",212,1993,4.03123664855957,0,1998,2
"3634",212,1994,4.04787969589233,0,1998,2
"3635",212,1995,3.76895189285278,0,1998,2
"3636",212,1996,3.54842233657837,0,1998,2
"3637",212,1997,3.97797274589539,0,1998,2
"3638",212,1998,4.05051946640015,1,1998,2
"3639",212,1999,4.49063396453857,1,1998,2
"3640",212,2000,4.65203237533569,1,1998,2
"3641",212,2001,5.13525867462158,1,1998,2
"3642",212,2002,5.45596885681152,0,1998,2
"3643",212,2003,5.75650119781494,0,1998,2
"3644",212,2004,5.80053281784058,0,1998,2
"3645",212,2005,5.64981603622437,0,1998,2
"3646",212,2006,6.70384502410889,1,1998,2
"3647",212,2007,6.80834913253784,1,1998,2
"3648",212,2008,6.78665637969971,1,1998,2
"3649",212,2009,6.86272668838501,1,1998,2
"3650",212,2010,6.85254287719727,0,1998,2
"3651",212,2011,6.78440856933594,0,1998,2
"3652",212,2012,6.86763620376587,0,1998,2
"3653",213,1992,4.1979718208313,0,1997,2
"3654",213,1993,4.43349838256836,0,1997,2
"3655",213,1994,4.43692064285278,0,1997,2
"3656",213,1995,3.40411615371704,0,1997,2
"3657",213,1996,3.25817227363586,0,1997,2
"3658",213,1997,3.22344899177551,1,1997,2
"3659",213,1998,3.44073271751404,1,1997,2
"3660",213,1999,3.35114598274231,1,1997,2
"3661",213,2000,3.9314272403717,1,1997,2
"3662",213,2001,4.49185419082642,1,1997,2
"3663",213,2002,4.70006227493286,1,1997,2
"3664",213,2003,4.67891025543213,1,1997,2
"3665",213,2004,4.84585475921631,1,1997,2
"3666",213,2005,5.05155563354492,1,1997,2
"3667",213,2006,6.51110124588013,1,1997,2
"3668",213,2007,6.58657693862915,1,1997,2
"3669",213,2008,6.55175399780273,1,1997,2
"3670",213,2009,6.58083391189575,0,1997,2
"3671",213,2010,6.59317016601562,1,1997,2
"3672",213,2011,6.66149425506592,1,1997,2
"3673",213,2012,6.62676239013672,1,1997,2
"3674",214,1992,0.899860203266144,0,1997,2
"3675",214,1993,0.943038165569305,0,1997,2
"3676",214,1994,0.964440107345581,0,1997,2
"3677",214,1995,0.921607911586761,0,1997,2
"3678",214,1996,0.856776595115662,0,1997,2
"3679",214,1997,0.861896693706512,1,1997,2
"3680",214,1998,1.00623893737793,1,1997,2
"3681",214,1999,1.00086784362793,0,1997,2
"3682",214,2000,1.00913727283478,0,1997,2
"3683",214,2001,1.09102439880371,0,1997,2
"3684",214,2002,1.44742166996002,0,1997,2
"3685",214,2003,2.24621057510376,0,1997,2
"3686",214,2004,2.55871152877808,0,1997,2
"3687",214,2005,2.41414952278137,0,1997,2
"3688",214,2006,2.66393089294434,0,1997,2
"3689",214,2007,2.92479658126831,0,1997,2
"3690",214,2008,2.77665662765503,0,1997,2
"3691",214,2009,2.83832430839539,0,1997,2
"3692",214,2010,3.0525426864624,0,1997,2
"3693",214,2011,2.60939645767212,0,1997,2
"3694",214,2012,2.64842915534973,0,1997,2
"3700",217,1993,3.70322751998901,0,1997,2
"3701",217,1994,3.75418591499329,0,1997,2
"3702",217,1995,3.68490552902222,0,1997,2
"3703",217,1996,3.47839498519897,0,1997,2
"3704",217,1997,3.4688150882721,1,1997,2
"3705",217,1998,3.54379487037659,1,1997,2
"3706",217,1999,3.75407314300537,1,1997,2
"3707",217,2000,4.13546752929688,1,1997,2
"3708",217,2001,4.67947912216187,1,1997,2
"3709",217,2002,4.86884689331055,1,1997,2
"3710",217,2003,4.94336318969727,1,1997,2
"3711",217,2004,5.27352476119995,0,1997,2
"3712",217,2005,5.43576049804688,0,1997,2
"3713",217,2006,6.63683414459229,0,1997,2
"3714",217,2007,6.64001560211182,0,1997,2
"3715",217,2008,6.62912034988403,0,1997,2
"3716",217,2009,6.67014169692993,0,1997,2
"3717",217,2010,6.64189004898071,0,1997,2
"3718",217,2011,6.61781930923462,0,1997,2
"3719",217,2012,6.56786918640137,0,1997,2
"3723",218,1995,1.32002604007721,0,NA,0
"3724",218,1996,1.39215350151062,0,NA,0
"3725",219,1997,3.19340372085571,1,1997,2
"3726",219,1998,3.94951725006104,1,1997,2
"3727",219,1999,3.74273538589478,1,1997,2
"3728",219,2000,4.12970733642578,1,1997,2
"3729",219,2001,4.73741769790649,1,1997,2
"3730",219,2002,4.87052059173584,1,1997,2
"3731",219,2003,5.13002157211304,0,1997,2
"3732",219,2004,5.58814382553101,0,1997,2
"3733",219,2005,5.62183713912964,0,1997,2
"3734",219,2006,6.80588293075562,0,1997,2
"3735",219,2007,6.82560348510742,1,1997,2
"3736",219,2008,6.7775616645813,1,1997,2
"3737",219,2009,6.83582735061646,1,1997,2
"3738",219,2010,6.83949184417725,0,1997,2
"3739",219,2011,6.87075471878052,0,1997,2
"3740",219,2012,6.89593744277954,0,1997,2
"3741",220,1992,4.10988473892212,0,2010,3
"3742",220,1993,4.26574468612671,0,2010,3
"3743",220,1994,4.30101585388184,0,2010,3
"3744",220,1995,3.32789468765259,0,2010,3
"3745",220,1996,3.22194004058838,0,2010,3
"3746",220,1997,2.95151257514954,0,2010,3
"3747",220,1998,3.39535188674927,0,2010,3
"3748",220,1999,3.47911095619202,0,2010,3
"3749",220,2000,3.79817318916321,0,2010,3
"3750",220,2001,4.32434892654419,0,2010,3
"3751",220,2002,4.55290222167969,0,2010,3
"3752",220,2003,4.37703847885132,0,2010,3
"3753",220,2004,4.72551155090332,0,2010,3
"3754",220,2005,4.78451251983643,0,2010,3
"3755",220,2006,6.36657333374023,0,2010,3
"3756",220,2007,6.42917156219482,0,2010,3
"3757",220,2008,6.38724756240845,0,2010,3
"3758",220,2009,6.44708585739136,0,2010,3
"3759",220,2010,6.47265100479126,1,2010,3
"3760",220,2011,6.53934288024902,1,2010,3
"3761",220,2012,6.41884994506836,1,2010,3
"3763",221,1993,0.54522705078125,0,NA,0
"3764",221,1994,0.573800384998322,0,NA,0
"3765",221,1995,0.78845739364624,0,NA,0
"3766",221,1996,0.835463464260101,0,NA,0
"3767",221,1997,0.855666160583496,0,NA,0
"3768",222,1992,0.633343696594238,0,2011,3
"3769",222,1993,0.890373766422272,0,2011,3
"3770",222,1994,0.838840126991272,0,2011,3
"3771",222,1995,0.812150478363037,0,2011,3
"3772",222,1996,0.787954926490784,0,2011,3
"3773",222,1997,0.754030823707581,0,2011,3
"3774",222,1998,0.781347036361694,0,2011,3
"3775",222,1999,0.806162238121033,0,2011,3
"3776",222,2000,0.821903884410858,0,2011,3
"3777",222,2001,0.790521383285522,0,2011,3
"3778",222,2002,0.902560532093048,0,2011,3
"3779",222,2003,2.37730860710144,0,2011,3
"3780",222,2004,1.90296638011932,0,2011,3
"3781",222,2005,1.96869015693665,0,2011,3
"3782",222,2006,2.05585360527039,0,2011,3
"3783",222,2007,2.20117664337158,0,2011,3
"3784",222,2008,2.41954302787781,0,2011,3
"3785",222,2009,2.34607028961182,0,2011,3
"3786",222,2010,2.26947999000549,0,2011,3
"3787",222,2011,2.22719955444336,1,2011,3
"3788",222,2012,2.61683416366577,1,2011,3
"3789",223,1992,2.90192079544067,0,1997,2
"3790",223,1993,3.83579134941101,0,1997,2
"3791",223,1994,3.8713390827179,0,1997,2
"3792",223,1995,3.62642312049866,0,1997,2
"3793",223,1996,3.46509146690369,0,1997,2
"3794",223,1997,3.39225745201111,1,1997,2
"3795",223,1998,4.0733528137207,1,1997,2
"3796",223,1999,4.5275444984436,1,1997,2
"3797",223,2000,4.76404428482056,1,1997,2
"3798",223,2001,5.15230894088745,1,1997,2
"3799",223,2002,5.29187440872192,1,1997,2
"3800",223,2003,5.41980886459351,1,1997,2
"3801",223,2004,5.57190847396851,1,1997,2
"3802",223,2005,5.64180088043213,1,1997,2
"3803",223,2006,6.83745431900024,1,1997,2
"3804",223,2007,6.87929344177246,1,1997,2
"3805",223,2008,6.83299732208252,1,1997,2
"3806",223,2009,6.8783802986145,1,1997,2
"3807",223,2010,6.88402795791626,0,1997,2
"3808",223,2011,6.94037818908691,0,1997,2
"3809",223,2012,6.97977066040039,0,1997,2
"3810",224,1992,0.371273756027222,1,1992,1
"3811",224,1993,0.434555500745773,1,1992,1
"3812",224,1994,0.384365767240524,1,1992,1
"3813",224,1995,0.450462490320206,0,1992,1
"3814",224,1996,0.483075708150864,0,1992,1
"3815",224,1997,0.376834750175476,1,1992,1
"3816",224,1998,0.291923850774765,1,1992,1
"3817",224,1999,0.283458203077316,0,1992,1
"3818",224,2000,0.479522496461868,0,1992,1
"3819",224,2001,0.49482524394989,0,1992,1
"3820",224,2002,0.46551039814949,0,1992,1
"3821",224,2003,1.35689651966095,0,1992,1
"3822",224,2004,1.7749342918396,0,1992,1
"3823",224,2005,2.02691292762756,0,1992,1
"3824",224,2006,2.2692666053772,0,1992,1
"3825",224,2007,2.49193644523621,0,1992,1
"3826",224,2008,2.29947137832642,0,1992,1
"3827",224,2009,2.29641222953796,0,1992,1
"3828",224,2010,2.42093539237976,1,1992,1
"3829",224,2011,1.97442007064819,1,1992,1
"3830",224,2012,2.33840990066528,1,1992,1
"3831",225,1992,1.15462684631348,0,1997,2
"3832",225,1993,1.18223285675049,0,1997,2
"3833",225,1994,1.1597865819931,0,1997,2
"3834",225,1995,1.22136449813843,0,1997,2
"3835",225,1996,1.19923913478851,0,1997,2
"3837",225,1998,1.29873847961426,1,1997,2
"3838",225,1999,1.27248477935791,1,1997,2
"3839",225,2000,1.28066539764404,1,1997,2
"3840",225,2001,1.75702667236328,1,1997,2
"3841",225,2002,1.95518374443054,1,1997,2
"3842",225,2003,2.56871652603149,1,1997,2
"3843",225,2004,2.52596139907837,1,1997,2
"3844",225,2005,3.01812767982483,1,1997,2
"3845",225,2006,2.63006782531738,1,1997,2
"3846",225,2007,2.56936049461365,0,1997,2
"3847",225,2008,2.46368408203125,0,1997,2
"3848",225,2009,2.88631391525269,0,1997,2
"3850",225,2011,2.94295120239258,0,1997,2
"3851",225,2012,3.1207971572876,0,1997,2
"3852",226,1992,4.06197118759155,1,1992,1
"3853",226,1993,4.31910419464111,0,1992,1
"3854",226,1994,4.3432674407959,0,1992,1
"3855",226,1995,3.25201368331909,0,1992,1
"3856",226,1996,3.11508321762085,0,1992,1
"3857",226,1997,3.04480600357056,0,1992,1
"3858",226,1998,3.16358518600464,0,1992,1
"3859",226,1999,3.40040469169617,0,1992,1
"3860",226,2000,3.39181399345398,0,1992,1
"3861",226,2001,4.27261734008789,0,1992,1
"3862",226,2002,4.63282632827759,0,1992,1
"3863",226,2003,4.60821437835693,0,1992,1
"3864",226,2004,5.10957765579224,0,1992,1
"3865",226,2005,5.13156175613403,0,1992,1
"3866",226,2006,6.46787881851196,0,1992,1
"3867",226,2007,6.53371095657349,0,1992,1
"3868",226,2008,6.48907423019409,0,1992,1
"3869",226,2009,6.52665042877197,0,1992,1
"3870",226,2010,6.55198240280151,1,1992,1
"3871",226,2011,6.44232749938965,1,1992,1
"3872",226,2012,6.28168439865112,1,1992,1
"3873",227,1992,3.64954924583435,0,1997,2
"3874",227,1993,3.96750092506409,0,1997,2
"3875",227,1994,3.98762989044189,0,1997,2
"3876",227,1995,3.77729153633118,0,1997,2
"3877",227,1996,3.66807961463928,0,1997,2
"3878",227,1997,3.62524676322937,1,1997,2
"3879",227,1998,3.73956227302551,0,1997,2
"3880",227,1999,3.70989370346069,0,1997,2
"3881",227,2000,4.12702941894531,0,1997,2
"3882",227,2001,5.05733633041382,0,1997,2
"3883",227,2002,5.35734272003174,0,1997,2
"3884",227,2003,5.52147912979126,0,1997,2
"3885",227,2004,5.9552149772644,0,1997,2
"3886",227,2005,6.04255867004395,0,1997,2
"3887",227,2006,6.96828842163086,0,1997,2
"3888",227,2007,6.99373626708984,0,1997,2
"3889",227,2008,6.80513715744019,0,1997,2
"3890",227,2009,6.85310649871826,0,1997,2
"3891",227,2010,6.75842332839966,0,1997,2
"3892",227,2011,6.75698518753052,0,1997,2
"3893",227,2012,6.76388168334961,0,1997,2
"3897",228,1995,0.994531035423279,0,NA,0
"3898",228,1996,1.02176189422607,0,NA,0
"3899",229,1997,2.98065257072449,1,1997,2
"3900",229,1998,3.46487474441528,1,1997,2
"3901",229,1999,3.70037055015564,1,1997,2
"3902",229,2000,4.35879278182983,1,1997,2
"3903",229,2001,4.81234550476074,1,1997,2
"3904",229,2002,5.08553075790405,1,1997,2
"3905",229,2003,5.10604524612427,0,1997,2
"3906",229,2004,5.10586166381836,0,1997,2
"3907",229,2005,5.13120937347412,0,1997,2
"3908",229,2006,6.75461006164551,0,1997,2
"3909",229,2007,6.7733793258667,1,1997,2
"3910",229,2008,6.7625207901001,1,1997,2
"3911",229,2009,6.8335771560669,1,1997,2
"3912",229,2010,6.86511754989624,0,1997,2
"3913",229,2011,6.83481931686401,0,1997,2
"3914",229,2012,6.805006980896,0,1997,2
"3915",230,1992,0.433733195066452,1,1992,1
"3916",230,1993,0.449636369943619,1,1992,1
"3917",230,1994,0.351397842168808,1,1992,1
"3918",230,1995,0.388647019863129,1,1992,1
"3919",230,1996,0.495077192783356,1,1992,1
"3920",230,1997,0.351446241140366,0,1992,1
"3921",230,1998,1.56019306182861,0,1992,1
"3922",230,1999,0.377109915018082,0,1992,1
"3923",230,2000,0.385137438774109,0,1992,1
"3924",230,2001,0.53986930847168,0,1992,1
"3925",230,2002,0.440895557403564,0,1992,1
"3926",230,2003,1.18914771080017,0,1992,1
"3927",230,2004,1.35027277469635,0,1992,1
"3928",230,2005,0.727159559726715,0,1992,1
"3929",230,2006,0.821512341499329,0,1992,1
"3930",230,2007,1.266432762146,0,1992,1
"3931",230,2008,1.73997676372528,0,1992,1
"3932",231,1992,0.366146713495255,0,2010,3
"3933",231,1993,0.275731921195984,0,2010,3
"3934",231,1994,0.23180165886879,0,2010,3
"3935",231,1995,0.258482962846756,0,2010,3
"3936",231,1996,0.307273089885712,0,2010,3
"3937",231,1997,0.331228286027908,0,2010,3
"3938",231,1998,0.580669224262238,0,2010,3
"3939",231,1999,0.59398341178894,0,2010,3
"3940",231,2000,0.584629595279694,0,2010,3
"3941",231,2001,0.592503666877747,0,2010,3
"3942",231,2002,0.777230322360992,0,2010,3
"3943",231,2003,1.9499546289444,0,2010,3
"3944",231,2004,2.01250195503235,0,2010,3
"3945",231,2005,3.95788097381592,0,2010,3
"3946",231,2006,2.62523937225342,0,2010,3
"3947",231,2007,3.03111290931702,0,2010,3
"3948",231,2008,2.64942002296448,0,2010,3
"3949",231,2009,2.6161093711853,0,2010,3
"3950",231,2010,2.52984666824341,1,2010,3
"3951",231,2011,1.75253880023956,1,2010,3
"3952",231,2012,2.97890257835388,1,2010,3
"3954",232,1993,0.487836092710495,0,2010,3
"3955",232,1994,0.456167191267014,0,2010,3
"3956",232,1995,0.602259814739227,0,2010,3
"3957",232,1996,0.645291149616241,0,2010,3
"3958",232,1997,0.776160418987274,0,2010,3
"3959",232,1998,0.905240893363953,0,2010,3
"3960",232,1999,1.18199384212494,0,2010,3
"3961",232,2000,1.23022103309631,0,2010,3
"3962",232,2001,1.05764484405518,0,2010,3
"3963",232,2002,1.18366754055023,0,2010,3
"3964",232,2003,1.87424731254578,0,2010,3
"3965",232,2004,1.84556221961975,0,2010,3
"3966",232,2005,2.13917899131775,0,2010,3
"3967",232,2006,2.41943717002869,0,2010,3
"3968",232,2007,2.42055106163025,0,2010,3
"3969",232,2008,2.33423328399658,0,2010,3
"3970",232,2009,2.38852739334106,0,2010,3
"3971",232,2010,2.32297801971436,1,2010,3
"3972",232,2011,1.9721360206604,1,2010,3
"3973",232,2012,2.37136697769165,1,2010,3
"3974",233,1992,0.348642766475677,0,2010,3
"3975",233,1993,0.381147742271423,0,2010,3
"3976",233,1994,0.44312185049057,0,2010,3
"3977",233,1995,0.484732240438461,0,2010,3
"3978",233,1996,0.558834850788116,0,2010,3
"3979",233,1997,0.592503666877747,0,2010,3
"3980",233,1998,0.623188555240631,0,2010,3
"3981",233,1999,0.593774676322937,0,2010,3
"3982",233,2000,1.40304505825043,0,2010,3
"3983",233,2001,1.71695816516876,0,2010,3
"3984",233,2002,1.72180080413818,0,2010,3
"3985",233,2003,2.05896306037903,0,2010,3
"3986",233,2004,2.204665184021,0,2010,3
"3987",233,2005,2.25626111030579,0,2010,3
"3988",233,2006,2.52572870254517,0,2010,3
"3989",233,2007,2.2917742729187,0,2010,3
"3990",233,2008,2.31726169586182,0,2010,3
"3991",233,2009,2.32125234603882,0,2010,3
"3992",233,2010,2.37602424621582,1,2010,3
"3993",233,2011,2.52839183807373,1,2010,3
"3994",233,2012,2.82946157455444,1,2010,3
"3995",234,1992,3.62204146385193,0,1997,2
"3996",234,1993,4.0315408706665,0,1997,2
"3997",234,1994,4.14058208465576,0,1997,2
"3998",234,1995,3.96160650253296,0,1997,2
"3999",234,1996,3.91683626174927,0,1997,2
"4000",234,1997,3.81622266769409,1,1997,2
"4001",234,1998,3.86414480209351,1,1997,2
"4002",234,1999,3.97697043418884,1,1997,2
"4003",234,2000,4.40590763092041,1,1997,2
"4004",234,2001,5.06699275970459,1,1997,2
"4005",234,2002,5.31724977493286,1,1997,2
"4006",234,2003,5.37620449066162,1,1997,2
"4007",234,2004,5.84487152099609,1,1997,2
"4008",234,2005,5.99090385437012,1,1997,2
"4009",234,2006,6.8853440284729,1,1997,2
"4010",234,2007,6.96240758895874,1,1997,2
"4011",234,2008,6.90965175628662,1,1997,2
"4012",234,2009,6.89107894897461,1,1997,2
"4013",234,2010,6.78337240219116,0,1997,2
"4014",234,2011,6.8296103477478,0,1997,2
"4015",234,2012,6.78550863265991,0,1997,2
"4016",235,1992,0.935937643051147,0,1997,2
"4017",235,1993,0.964238464832306,0,1997,2
"4018",235,1994,0.973449110984802,0,1997,2
"4019",235,1995,1.02047407627106,0,1997,2
"4020",235,1996,1.0449081659317,0,1997,2
"4021",235,1997,1.05860686302185,1,1997,2
"4022",235,1998,1.0449081659317,1,1997,2
"4023",235,1999,1.0620025396347,1,1997,2
"4024",235,2000,1.09894788265228,1,1997,2
"4025",235,2001,2.77082467079163,1,1997,2
"4026",235,2002,1.58494699001312,1,1997,2
"4027",235,2003,2.04866981506348,0,1997,2
"4028",235,2004,1.46866536140442,0,1997,2
"4029",235,2005,2.01220035552979,0,1997,2
"4030",235,2006,2.00514030456543,0,1997,2
"4031",235,2007,2.4384651184082,0,1997,2
"4032",235,2008,2.37539744377136,0,1997,2
"4033",235,2009,2.40143084526062,0,1997,2
"4034",235,2010,2.71135807037354,0,1997,2
"4035",235,2011,2.42248344421387,0,1997,2
"4036",235,2012,2.62504696846008,0,1997,2
"4040",237,1998,3.50104284286499,1,1998,2
"4041",237,1999,3.44135236740112,1,1998,2
"4042",237,2000,3.83595037460327,0,1998,2
"4043",237,2001,4.30817174911499,0,1998,2
"4044",237,2002,4.73795127868652,0,1998,2
"4045",237,2003,4.44281625747681,0,1998,2
"4046",237,2004,4.96964740753174,0,1998,2
"4047",237,2005,5.18041610717773,0,1998,2
"4048",237,2006,6.61391878128052,0,1998,2
"4049",237,2007,6.69030523300171,0,1998,2
"4050",237,2008,6.69195222854614,0,1998,2
"4051",237,2009,6.70969104766846,0,1998,2
"4052",237,2010,6.72436332702637,1,1998,2
"4053",237,2011,6.60847282409668,1,1998,2
"4054",237,2012,6.43632650375366,1,1998,2
"4055",238,1992,-0.343146294355392,1,1992,1
"4056",238,1993,-2.19944429397583,1,1992,1
"4057",238,1994,0.212238356471062,1,1992,1
"4058",238,1995,0.0610073655843735,0,1992,1
"4059",238,1996,-0.119407750666142,0,1992,1
"4060",238,1997,-0.125880256295204,0,1992,1
"4061",238,1998,0.383958876132965,0,1992,1
"4062",238,1999,0.312999904155731,0,1992,1
"4063",238,2000,0.266404688358307,0,1992,1
"4064",238,2001,0.313657581806183,0,1992,1
"4065",238,2002,0.306031227111816,0,1992,1
"4066",238,2003,1.05397152900696,0,1992,1
"4067",238,2004,1.18754529953003,0,1992,1
"4068",238,2005,1.23623371124268,0,1992,1
"4069",238,2006,1.8500155210495,0,1992,1
"4070",238,2007,1.84884202480316,0,1992,1
"4071",238,2008,1.21213614940643,0,1992,1
"4072",238,2009,1.1978565454483,0,1992,1
"4073",238,2010,1.91918706893921,1,1992,1
"4074",238,2011,1.97951948642731,1,1992,1
"4075",238,2012,2.6703097820282,1,1992,1
"4076",239,1992,0.513935983181,0,2011,3
"4077",239,1993,0.493487060070038,0,2011,3
"4078",239,1994,0.488444179296494,0,2011,3
"4079",239,1995,0.68405157327652,0,2011,3
"4080",239,1996,0.713048279285431,0,2011,3
"4081",239,1997,0.916290760040283,0,2011,3
"4082",239,1998,0.81093019247055,0,2011,3
"4083",239,1999,0.78845739364624,0,2011,3
"4084",239,2000,4.69033813476562,0,2011,3
"4085",239,2001,0.758123993873596,0,2011,3
"4086",239,2002,0.780076324939728,0,2011,3
"4087",239,2003,1.66238033771515,0,2011,3
"4088",239,2004,1.75215029716492,0,2011,3
"4089",239,2005,2.10829615592957,0,2011,3
"4090",239,2006,2.06777334213257,0,2011,3
"4092",239,2008,1.94798219203949,0,2011,3
"4093",239,2009,2.0060031414032,0,2011,3
"4094",239,2010,2.12515616416931,0,2011,3
"4095",239,2011,1.59926688671112,1,2011,3
"4096",239,2012,2.7268328666687,1,2011,3
"4097",240,1992,3.31847429275513,0,1997,2
"4098",240,1993,3.48649859428406,0,1997,2
"4099",240,1994,3.79862403869629,0,1997,2
"4100",240,1995,3.69884657859802,0,1997,2
"4101",240,1996,3.57863712310791,0,1997,2
"4102",240,1997,3.44497871398926,1,1997,2
"4103",240,1998,3.42814445495605,1,1997,2
"4104",240,1999,3.93027639389038,1,1997,2
"4105",240,2000,4.19450759887695,1,1997,2
"4106",240,2001,4.59458780288696,1,1997,2
"4107",240,2002,4.65963649749756,1,1997,2
"4108",240,2003,4.73677730560303,1,1997,2
"4109",240,2004,4.85529947280884,1,1997,2
"4110",240,2005,5.10843896865845,1,1997,2
"4111",240,2006,6.46206092834473,0,1997,2
"4112",240,2007,6.50267219543457,0,1997,2
"4113",240,2008,6.37157869338989,0,1997,2
"4114",240,2009,6.49068784713745,0,1997,2
"4115",240,2010,6.48552942276001,0,1997,2
"4116",240,2011,6.58113384246826,0,1997,2
"4117",240,2012,6.62383985519409,0,1997,2
"4118",241,1992,0.177886933088303,1,1992,1
"4119",241,1993,0.211603179574013,1,1992,1
"4120",241,1994,0.264184087514877,1,1992,1
"4121",241,1995,-2.42921781539917,0,1992,1
"4122",241,1996,0.513433158397675,0,1992,1
"4123",241,1997,2.59091973304749,0,1992,1
"4124",241,1998,0.423968583345413,0,1992,1
"4125",241,1999,0.36837100982666,0,1992,1
"4126",241,2000,0.35005247592926,0,1992,1
"4127",241,2001,0.301900327205658,0,1992,1
"4128",241,2002,0.358246028423309,0,1992,1
"4129",241,2003,1.27819788455963,0,1992,1
"4130",241,2004,1.31847178936005,0,1992,1
"4131",241,2005,2.09826326370239,0,1992,1
"4132",241,2006,1.75170636177063,0,1992,1
"4133",241,2007,1.91438114643097,0,1992,1
"4134",241,2008,2.39085650444031,0,1992,1
"4135",242,1992,0.526093125343323,0,2011,3
"4136",242,1993,0.618331134319305,0,2011,3
"4137",242,1994,0.657008111476898,0,2011,3
"4138",242,1995,0.636705875396729,0,2011,3
"4139",242,1996,0.709217667579651,0,2011,3
"4140",242,1997,0.670504748821259,0,2011,3
"4141",242,1998,0.678109288215637,0,2011,3
"4142",242,1999,0.655689656734467,0,2011,3
"4143",242,2000,0.664552271366119,0,2011,3
"4144",242,2001,0.678441047668457,0,2011,3
"4145",242,2002,0.700367450714111,0,2011,3
"4146",242,2003,1.26636302471161,0,2011,3
"4147",242,2004,1.47812676429749,0,2011,3
"4148",242,2005,1.63595736026764,0,2011,3
"4149",242,2006,1.775759100914,0,2011,3
"4150",242,2007,2.08115243911743,0,2011,3
"4151",242,2008,2.04704308509827,0,2011,3
"4152",242,2009,2.00917744636536,0,2011,3
"4153",242,2010,2.08009338378906,0,2011,3
"4154",242,2011,2.01665592193604,1,2011,3
"4155",242,2012,1.98872005939484,1,2011,3
"4156",243,1992,0.470638751983643,0,2010,3
"4157",243,1993,0.484458804130554,0,2010,3
"4158",243,1994,0.42403644323349,0,2010,3
"4159",243,1995,0.42403644323349,0,2010,3
"4160",243,1996,0.405865162611008,0,2010,3
"4161",243,1997,0.344840496778488,0,2010,3
"4162",243,1998,0.360137164592743,0,2010,3
"4163",243,1999,0.400714486837387,0,2010,3
"4164",243,2000,0.434965789318085,0,2010,3
"4165",243,2001,0.470295667648315,0,2010,3
"4166",243,2002,0.54959899187088,0,2010,3
"4167",243,2003,1.31348204612732,0,2010,3
"4168",243,2004,1.38573110103607,0,2010,3
"4169",243,2005,1.61056971549988,0,2010,3
"4170",243,2006,1.8788013458252,0,2010,3
"4171",243,2007,1.667440533638,0,2010,3
"4172",243,2008,1.6282080411911,0,2010,3
"4173",243,2009,2.49145936965942,0,2010,3
"4174",243,2010,2.14136981964111,1,2010,3
"4175",243,2011,1.93921506404877,1,2010,3
"4176",243,2012,2.66209816932678,1,2010,3
"4178",244,1993,1.33414494991302,1,1992,1
"4179",244,1994,0.497032344341278,1,1992,1
"4181",244,1996,0.510825574398041,0,1992,1
"4182",244,1997,0.520304381847382,0,1992,1
"4183",244,1998,0.457022964954376,0,1992,1
"4184",244,1999,0.499723225831985,0,1992,1
"4185",244,2000,0.375381678342819,0,1992,1
"4186",244,2001,0.397340357303619,0,1992,1
"4187",244,2002,0.467235207557678,0,1992,1
"4188",244,2003,1.45528721809387,0,1992,1
"4189",244,2004,2.02533078193665,0,1992,1
"4190",244,2005,2.15052223205566,0,1992,1
"4191",244,2006,2.02551531791687,0,1992,1
"4192",244,2007,1.75113248825073,0,1992,1
"4193",244,2008,1.64323532581329,0,1992,1
"4194",244,2009,1.5742917060852,0,1992,1
"4195",244,2010,1.5138236284256,1,1992,1
"4196",244,2011,1.94024932384491,1,1992,1
"4197",244,2012,1.75590407848358,1,1992,1
"4201",245,1995,1.61360740661621,0,NA,0
"4202",246,1996,3.51961755752563,0,1997,2
"4203",246,1997,3.55368423461914,1,1997,2
"4204",246,1998,3.57075023651123,1,1997,2
"4205",246,1999,3.93876004219055,1,1997,2
"4206",246,2000,4.20005178451538,1,1997,2
"4207",246,2001,5.0227541923523,1,1997,2
"4208",246,2002,5.3192834854126,1,1997,2
"4209",246,2003,5.51044702529907,1,1997,2
"4210",246,2004,5.68687629699707,1,1997,2
"4211",246,2005,5.72392177581787,1,1997,2
"4212",246,2006,6.71929121017456,1,1997,2
"4213",246,2007,6.77366256713867,1,1997,2
"4214",246,2008,6.66150426864624,1,1997,2
"4215",246,2009,6.69585847854614,1,1997,2
"4216",246,2010,6.70642232894897,0,1997,2
"4217",246,2011,6.71202611923218,0,1997,2
"4218",246,2012,6.71103286743164,0,1997,2
"4219",247,1992,0.670547366142273,0,NA,0
"4220",247,1993,0.960454523563385,0,NA,0
"4221",247,1994,0.935627639293671,0,NA,0
"4222",247,1995,0.882980763912201,0,NA,0
"4223",247,1996,0.919868528842926,0,NA,0
"4224",248,1997,2.6041431427002,1,1997,2
"4225",248,1998,3.37524747848511,1,1997,2
"4226",248,1999,3.68672180175781,1,1997,2
"4227",248,2000,3.89400792121887,0,1997,2
"4228",248,2001,4.38043928146362,0,1997,2
"4229",248,2002,4.58120107650757,0,1997,2
"4230",248,2003,4.74501371383667,0,1997,2
"4231",248,2004,5.76036739349365,0,1997,2
"4232",248,2005,5.10475587844849,0,1997,2
"4233",248,2006,6.61681413650513,0,1997,2
"4234",248,2007,6.65458393096924,0,1997,2
"4235",248,2008,6.702552318573,0,1997,2
"4236",248,2009,6.75294351577759,0,1997,2
"4237",248,2010,6.7534761428833,0,1997,2
"4238",248,2011,6.74099254608154,0,1997,2
"4239",248,2012,6.60739994049072,0,1997,2
"4240",249,1992,0.28307232260704,0,NA,0
"4241",249,1993,0.314710676670074,0,NA,0
"4242",249,1994,0.307632833719254,0,NA,0
"4243",249,1995,0.580817997455597,0,NA,0
"4244",249,1996,0.639922440052032,0,NA,0
"4245",249,1997,0.661195576190948,0,NA,0
"4246",249,1998,0.754141628742218,0,NA,0
"4247",249,1999,0.683071494102478,0,NA,0
"4248",249,2000,0.565026104450226,0,NA,0
"4249",249,2001,0.557118952274323,0,NA,0
"4250",249,2002,0.743188083171844,0,NA,0
"4251",249,2003,2.23430347442627,0,NA,0
"4252",249,2004,2.32231450080872,0,NA,0
"4253",249,2005,2.50572800636292,0,NA,0
"4254",249,2006,2.54700875282288,0,NA,0
"4255",249,2007,2.55608916282654,0,NA,0
"4256",249,2008,1.59454929828644,0,NA,0
"4257",249,2009,2.196129322052,0,NA,0
"4259",249,2011,2.11259698867798,0,NA,0
"4260",249,2012,2.30730199813843,0,NA,0
"4261",250,1992,0.409473150968552,0,2010,3
"4262",250,1993,0.496173322200775,0,2010,3
"4263",250,1994,0.680306851863861,0,2010,3
"4264",250,1995,0.674909591674805,0,2010,3
"4265",250,1996,0.676269114017487,0,2010,3
"4266",250,1997,0.682297170162201,0,2010,3
"4267",250,1998,0.650587558746338,0,2010,3
"4268",250,1999,0.63706910610199,0,2010,3
"4269",250,2000,0.590778112411499,0,2010,3
"4270",250,2001,0.772785663604736,0,2010,3
"4271",250,2002,0.829858303070068,0,2010,3
"4272",250,2003,1.77282655239105,0,2010,3
"4273",250,2004,1.7404557466507,0,2010,3
"4274",250,2005,1.96180379390717,0,2010,3
"4275",250,2006,2.00047492980957,0,2010,3
"4276",250,2007,2.17749953269958,0,2010,3
"4277",250,2008,2.30084538459778,0,2010,3
"4278",250,2009,2.21030402183533,0,2010,3
"4279",250,2010,2.50847697257996,1,2010,3
"4280",250,2011,2.07075881958008,1,2010,3
"4281",250,2012,2.39738154411316,1,2010,3
"4282",251,1992,0.721318125724792,0,1997,2
"4283",251,1993,0.640214145183563,0,1997,2
"4284",251,1994,0.674691081047058,0,1997,2
"4285",251,1995,0.713062465190887,0,1997,2
"4286",251,1996,0.742759644985199,0,1997,2
"4287",251,1997,0.794188022613525,1,1997,2
"4288",251,1998,0.780158579349518,1,1997,2
"4289",251,1999,0.777291774749756,0,1997,2
"4290",251,2000,0.770989716053009,0,1997,2
"4291",251,2001,0.765291690826416,0,1997,2
"4292",251,2002,0.845949292182922,0,1997,2
"4293",251,2003,1.56421613693237,0,1997,2
"4294",251,2004,1.65270280838013,0,1997,2
"4295",251,2005,1.65270280838013,0,1997,2
"4296",251,2006,2.10654592514038,0,1997,2
"4297",251,2007,2.24691200256348,0,1997,2
"4298",251,2008,2.33863306045532,0,1997,2
"4299",251,2009,2.46002912521362,0,1997,2
"4300",251,2010,2.47559595108032,1,1997,2
"4301",251,2011,2.38819432258606,0,1997,2
"4302",251,2012,2.1850221157074,0,1997,2
"4306",252,1995,0.735236883163452,0,NA,0
"4307",252,1996,0.789349436759949,0,NA,0
"4308",252,1997,0.446687877178192,0,NA,0
"4309",253,1992,0.785396933555603,0,1997,2
"4310",253,1993,0.603916049003601,0,1997,2
"4311",253,1994,0.689073860645294,0,1997,2
"4312",253,1995,0.660086274147034,0,1997,2
"4313",253,1996,0.576887369155884,0,1997,2
"4314",253,1997,0.576074659824371,1,1997,2
"4315",253,1998,0.644561409950256,1,1997,2
"4316",253,1999,0.602291345596313,1,1997,2
"4317",253,2000,0.60835063457489,1,1997,2
"4318",253,2001,1.20397281646729,1,1997,2
"4319",253,2002,0.937814056873322,0,1997,2
"4320",253,2003,1.1646865606308,0,1997,2
"4321",253,2004,1.76265144348145,1,1997,2
"4322",253,2005,1.23844516277313,1,1997,2
"4323",253,2006,1.79637086391449,0,1997,2
"4324",253,2007,1.91200065612793,0,1997,2
"4325",253,2008,1.89792740345001,0,1997,2
"4326",253,2009,2.28718137741089,0,1997,2
"4327",253,2010,2.58201360702515,0,1997,2
"4328",253,2011,2.21689033508301,0,1997,2
"4329",253,2012,2.70402598381042,0,1997,2
"4330",254,1992,3.34607839584351,0,1997,2
"4331",254,1993,3.76471710205078,0,1997,2
"4332",254,1994,4.01947593688965,0,1997,2
"4333",254,1995,3.71371841430664,0,1997,2
"4334",254,1996,3.58294820785522,0,1997,2
"4335",254,1997,3.57108521461487,1,1997,2
"4336",254,1998,3.56431317329407,1,1997,2
"4337",254,1999,3.85234427452087,1,1997,2
"4338",254,2000,4.05686378479004,1,1997,2
"4339",254,2001,4.70365333557129,1,1997,2
"4340",254,2002,5.13148880004883,1,1997,2
"4341",254,2003,5.46590805053711,1,1997,2
"4342",254,2004,5.56670475006104,0,1997,2
"4343",254,2005,5.69170427322388,0,1997,2
"4344",254,2006,6.70494174957275,0,1997,2
"4345",254,2007,6.69281339645386,0,1997,2
"4346",254,2008,6.71174049377441,0,1997,2
"4347",254,2009,6.70648527145386,0,1997,2
"4348",254,2010,6.67697095870972,0,1997,2
"4349",254,2011,6.65098476409912,0,1997,2
"4350",254,2012,6.51144742965698,0,1997,2
"4351",255,1992,3.80217814445496,0,1997,2
"4352",255,1993,4.11799240112305,0,1997,2
"4353",255,1994,4.27927494049072,0,1997,2
"4354",255,1995,3.98667359352112,0,1997,2
"4355",255,1996,3.85505986213684,0,1997,2
"4356",255,1997,3.83666062355042,1,1997,2
"4357",255,1998,4.26610326766968,1,1997,2
"4358",255,1999,4.70526599884033,1,1997,2
"4359",255,2000,4.99770736694336,1,1997,2
"4360",255,2001,5.46984624862671,1,1997,2
"4361",255,2002,5.5708909034729,1,1997,2
"4362",255,2003,5.77453899383545,1,1997,2
"4363",255,2004,5.84299659729004,1,1997,2
"4364",255,2005,6.00377798080444,1,1997,2
"4365",255,2006,7.01632404327393,1,1997,2
"4366",255,2007,7.13959121704102,1,1997,2
"4367",255,2008,7.21814775466919,1,1997,2
"4368",255,2009,7.21524286270142,1,1997,2
"4369",255,2010,7.1644458770752,0,1997,2
"4370",255,2011,7.31982374191284,0,1997,2
"4371",255,2012,7.33002424240112,0,1997,2
"4372",256,1992,3.99339938163757,1,1992,1
"4373",256,1993,4.20060062408447,0,1992,1
"4374",256,1994,4.26855325698853,0,1992,1
"4375",256,1995,3.30332660675049,0,1992,1
"4376",256,1996,3.13749957084656,0,1992,1
"4377",256,1997,3.09489822387695,0,1992,1
"4378",256,1998,3.50260400772095,0,1992,1
"4379",256,1999,3.25869727134705,0,1992,1
"4380",256,2000,3.76383876800537,0,1992,1
"4381",256,2001,4.25856256484985,0,1992,1
"4382",256,2002,4.56409931182861,0,1992,1
"4383",256,2003,4.37987518310547,0,1992,1
"4384",256,2004,4.8953857421875,0,1992,1
"4385",256,2005,4.90755081176758,0,1992,1
"4386",256,2006,6.40549564361572,0,1992,1
"4387",256,2007,6.4391565322876,0,1992,1
"4388",256,2008,6.37533473968506,0,1992,1
"4389",256,2009,6.40322017669678,0,1992,1
"4390",256,2010,6.4359917640686,1,1992,1
"4391",256,2011,6.52285432815552,1,1992,1
"4392",256,2012,6.46053981781006,1,1992,1
"4393",257,1992,0.620309889316559,0,NA,0
"4394",257,1993,0.47856479883194,0,NA,0
"4395",257,1994,0.629048883914948,0,NA,0
"4396",257,1995,0.809486150741577,0,NA,0
"4397",257,1996,0.882477402687073,0,NA,0
"4398",257,1997,0.89967691898346,0,NA,0
"4399",257,1998,1.04286229610443,0,NA,0
"4400",257,1999,1.03783082962036,0,NA,0
"4401",257,2000,1.18141555786133,0,NA,0
"4402",257,2001,1.28913056850433,0,NA,0
"4403",257,2002,1.32533371448517,0,NA,0
"4404",257,2003,2.1707489490509,0,NA,0
"4405",257,2004,2.30138540267944,0,NA,0
"4406",257,2005,2.35516858100891,0,NA,0
"4407",257,2006,2.56575679779053,0,NA,0
"4408",257,2007,2.50358033180237,0,NA,0
"4409",257,2008,2.89979696273804,0,NA,0
"4410",258,1992,0.773189902305603,0,2010,3
"4411",258,1993,1.24479472637177,0,2010,3
"4412",258,1994,0.938967406749725,0,2010,3
"4413",258,1995,0.926431655883789,0,2010,3
"4414",258,1996,0.824395537376404,0,2010,3
"4415",258,1997,0.932327747344971,0,2010,3
"4416",258,1998,0.994827449321747,0,2010,3
"4417",258,1999,0.98680454492569,0,2010,3
"4418",258,2000,0.944335222244263,0,2010,3
"4419",258,2001,0.950873136520386,0,2010,3
"4420",258,2002,1.11363363265991,0,2010,3
"4421",258,2003,1.90108942985535,0,2010,3
"4422",258,2004,1.88978981971741,0,2010,3
"4423",258,2005,2.3256504535675,0,2010,3
"4424",258,2006,2.44041275978088,0,2010,3
"4425",258,2007,2.58637928962708,0,2010,3
"4426",258,2008,3.09104251861572,0,2010,3
"4427",258,2009,3.23716568946838,0,2010,3
"4428",258,2010,3.01131963729858,1,2010,3
"4429",258,2011,2.69963598251343,0,2010,3
"4430",258,2012,2.81994676589966,0,2010,3
"4431",259,1992,0.235544130206108,0,2011,3
"4432",259,1993,0.377027153968811,0,2011,3
"4433",259,1994,0.399924904108047,0,2011,3
"4434",259,1995,0.593256115913391,0,2011,3
"4435",259,1996,0.592397272586823,0,2011,3
"4436",259,1997,0.660055935382843,0,2011,3
"4437",259,1998,0.608943462371826,0,2011,3
"4438",259,1999,0.525788486003876,0,2011,3
"4439",259,2000,0.522329449653625,0,2011,3
"4440",259,2001,0.541747510433197,0,2011,3
"4441",259,2002,0.504435777664185,0,2011,3
"4442",259,2003,0.545694470405579,0,2011,3
"4443",259,2004,1.44881474971771,0,2011,3
"4444",259,2005,2.15132188796997,0,2011,3
"4445",259,2006,2.03882884979248,0,2011,3
"4447",259,2008,2.24434685707092,0,2011,3
"4448",259,2009,2.61293721199036,0,2011,3
"4449",259,2010,2.49004793167114,0,2011,3
"4450",259,2011,2.4115161895752,1,2011,3
"4451",259,2012,2.81247568130493,1,2011,3
"4452",260,1992,0.545534133911133,0,1997,2
"4453",260,1993,0.429757803678513,0,1997,2
"4454",260,1994,0.717962324619293,0,1997,2
"4455",260,1995,0.746204853057861,0,1997,2
"4456",260,1996,0.746204853057861,0,1997,2
"4457",260,1997,0.674853980541229,1,1997,2
"4458",260,1998,0.69717538356781,1,1997,2
"4459",260,1999,0.707246124744415,1,1997,2
"4460",260,2000,0.715280890464783,1,1997,2
"4461",260,2001,0.94019627571106,1,1997,2
"4462",260,2002,0.932355344295502,1,1997,2
"4463",260,2003,1.52887916564941,1,1997,2
"4464",260,2004,1.68487048149109,1,1997,2
"4465",260,2005,2.11158394813538,1,1997,2
"4466",260,2006,2.38341736793518,1,1997,2
"4467",260,2007,2.51477479934692,1,1997,2
"4468",260,2008,2.27660965919495,1,1997,2
"4469",260,2009,2.39510846138,1,1997,2
"4470",260,2010,2.34933662414551,0,1997,2
"4471",260,2011,2.25984787940979,0,1997,2
"4472",260,2012,2.53403568267822,0,1997,2
"4473",261,1996,2.60961008071899,0,1997,2
"4474",261,1997,3.23376441001892,1,1997,2
"4475",261,1998,3.71143555641174,1,1997,2
"4476",261,1999,3.70680165290833,1,1997,2
"4477",261,2000,4.04916524887085,1,1997,2
"4478",261,2001,4.5451226234436,1,1997,2
"4479",261,2002,5.01192331314087,1,1997,2
"4480",261,2003,4.91683435440063,0,1997,2
"4481",261,2004,5.3194842338562,0,1997,2
"4482",261,2005,5.35247182846069,0,1997,2
"4483",261,2006,6.75192356109619,0,1997,2
"4484",261,2007,6.79591941833496,0,1997,2
"4485",261,2008,6.63236141204834,0,1997,2
"4486",261,2009,6.67273616790771,0,1997,2
"4487",261,2010,6.65922927856445,0,1997,2
"4488",261,2011,6.54427337646484,0,1997,2
"4489",261,2012,6.16395044326782,0,1997,2
"4490",262,1992,0.705342471599579,1,1992,1
"4491",262,1993,0.753771781921387,1,1992,1
"4492",262,1994,0.794929802417755,0,1992,1
"4493",262,1995,0.790664553642273,0,1992,1
"4494",262,1996,0.758341670036316,0,1992,1
"4495",262,1997,0.719769537448883,1,1992,1
"4496",262,1998,0.728208422660828,1,1992,1
"4497",262,1999,0.715332448482513,0,1992,1
"4498",262,2000,0.801075100898743,0,1992,1
"4499",262,2001,0.718465030193329,0,1992,1
"4500",262,2002,0.680243730545044,0,1992,1
"4501",262,2003,1.39903330802917,0,1992,1
"4502",262,2004,1.89154410362244,0,1992,1
"4503",262,2005,2.11774158477783,0,1992,1
"4504",262,2006,2.50158643722534,0,1992,1
"4505",262,2007,2.39887404441833,0,1992,1
"4506",262,2008,2.21310138702393,0,1992,1
"4507",262,2009,2.24201154708862,0,1992,1
"4508",262,2010,2.39436435699463,1,1992,1
"4509",262,2011,2.57042455673218,1,1992,1
"4510",262,2012,2.82965326309204,1,1992,1
"4511",263,1992,0.0541269890964031,0,2010,3
"4512",263,1993,0.956249058246613,0,2010,3
"4513",263,1994,0.488684505224228,0,2010,3
"4514",263,1995,0.584413945674896,0,2010,3
"4515",263,1996,0.38614085316658,0,2010,3
"4516",263,1997,0.371888786554337,0,2010,3
"4517",263,1998,0.381534934043884,0,2010,3
"4518",263,1999,0.365859925746918,0,2010,3
"4519",263,2000,0.347500622272491,0,2010,3
"4520",263,2001,0.328716099262238,0,2010,3
"4521",263,2002,0.407190710306168,0,2010,3
"4522",263,2003,1.32457673549652,0,2010,3
"4523",263,2004,1.25526607036591,0,2010,3
"4524",263,2005,1.9602370262146,0,2010,3
"4525",263,2006,1.94662070274353,0,2010,3
"4526",263,2007,2.09335613250732,0,2010,3
"4527",263,2008,2.06774544715881,0,2010,3
"4528",263,2009,2.12786817550659,0,2010,3
"4529",263,2010,2.1212055683136,1,2010,3
"4530",263,2011,2.30163860321045,1,2010,3
"4531",263,2012,3.0032229423523,1,2010,3
"4532",264,1996,3.78258609771729,0,1997,2
"4533",264,1997,4.02069139480591,1,1997,2
"4534",264,1998,3.84835910797119,1,1997,2
"4535",264,1999,3.66463780403137,1,1997,2
"4536",264,2000,4.0386905670166,1,1997,2
"4537",264,2001,4.2038083076477,1,1997,2
"4538",264,2002,4.50533151626587,1,1997,2
"4539",264,2003,4.91106748580933,0,1997,2
"4540",264,2004,4.92354106903076,0,1997,2
"4541",264,2005,5.29285097122192,0,1997,2
"4542",264,2006,6.61293888092041,0,1997,2
"4543",264,2007,6.64397859573364,1,1997,2
"4544",264,2008,6.58048868179321,1,1997,2
"4545",264,2009,6.61725044250488,1,1997,2
"4546",264,2010,6.63128900527954,0,1997,2
"4547",264,2011,6.65705394744873,1,1997,2
"4548",264,2012,6.54806470870972,1,1997,2
"4549",265,1992,0.585959732532501,0,2011,3
"4550",265,1993,0.596205234527588,0,2011,3
"4551",265,1994,0.598375022411346,0,2011,3
"4552",265,1995,0.70256644487381,0,2011,3
"4553",265,1996,0.858822286128998,0,2011,3
"4554",265,1997,0.758333206176758,0,2011,3
"4555",265,1998,0.776733934879303,0,2011,3
"4556",265,1999,1.06011378765106,0,2011,3
"4557",265,2000,1.191082239151,0,2011,3
"4558",265,2001,1.23651158809662,0,2011,3
"4559",265,2002,1.20397281646729,0,2011,3
"4560",265,2003,2.21233820915222,0,2011,3
"4561",265,2004,2.17769169807434,0,2011,3
"4562",265,2005,2.267174243927,0,2011,3
"4563",265,2006,2.47841143608093,0,2011,3
"4564",265,2007,2.74463176727295,0,2011,3
"4565",265,2008,2.76972675323486,0,2011,3
"4566",265,2009,2.75393867492676,0,2011,3
"4567",265,2010,2.71947884559631,0,2011,3
"4568",265,2011,2.52335429191589,1,2011,3
"4569",265,2012,2.67370772361755,1,2011,3
"4570",266,1992,0.426371783018112,0,NA,0
"4571",266,1993,1.10476613044739,0,NA,0
"4572",266,1994,0.514536261558533,0,NA,0
"4573",266,1995,0.584425985813141,0,NA,0
"4574",266,1996,0.610909104347229,0,NA,0
"4575",266,1997,0.748567938804626,0,NA,0
"4576",266,1998,0.863844215869904,0,NA,0
"4577",266,1999,0.78197830915451,0,NA,0
"4578",266,2000,0.95188170671463,0,NA,0
"4579",266,2001,0.916290760040283,0,NA,0
"4580",266,2002,0.961515784263611,0,NA,0
"4581",266,2003,1.76555705070496,0,NA,0
"4582",266,2004,2.27475714683533,0,NA,0
"4583",266,2005,2.14334535598755,0,NA,0
"4584",266,2006,2.38846778869629,0,NA,0
"4585",266,2007,2.21233820915222,0,NA,0
"4586",266,2008,2.36132955551147,0,NA,0
"4587",267,1996,3.28033089637756,0,2010,3
"4588",267,1997,3.20330357551575,0,2010,3
"4589",267,1998,3.38913059234619,0,2010,3
"4590",267,1999,3.6801655292511,0,2010,3
"4591",267,2000,3.8195915222168,0,2010,3
"4592",267,2001,4.15329647064209,0,2010,3
"4593",267,2002,4.65134048461914,0,2010,3
"4594",267,2003,4.86651515960693,0,2010,3
"4595",267,2004,5.09609603881836,0,2010,3
"4596",267,2005,5.14223146438599,0,2010,3
"4597",267,2006,6.41687536239624,0,2010,3
"4598",267,2007,6.48438787460327,0,2010,3
"4599",267,2008,6.44539642333984,0,2010,3
"4600",267,2009,6.48457908630371,0,2010,3
"4601",267,2010,6.4732232093811,1,2010,3
"4602",267,2011,6.52150201797485,1,2010,3
"4603",267,2012,6.31833124160767,1,2010,3
"4606",268,1994,3.97322607040405,0,1997,2
"4607",268,1995,3.68926453590393,0,1997,2
"4608",268,1996,3.53195428848267,0,1997,2
"4609",268,1997,3.52307868003845,1,1997,2
"4610",268,1998,3.56617569923401,1,1997,2
"4611",268,1999,3.43778681755066,1,1997,2
"4612",268,2000,3.65718054771423,1,1997,2
"4613",268,2001,4.05440235137939,1,1997,2
"4614",268,2002,4.76842021942139,1,1997,2
"4615",268,2003,4.78879308700562,1,1997,2
"4616",268,2004,5.21623611450195,0,1997,2
"4617",268,2005,5.29667901992798,0,1997,2
"4618",268,2006,6.58564710617065,0,1997,2
"4619",268,2007,6.66788387298584,0,1997,2
"4620",268,2008,6.57095575332642,0,1997,2
"4621",268,2009,6.60327291488647,0,1997,2
"4623",268,2011,6.67186594009399,0,1997,2
"4624",268,2012,6.63928651809692,0,1997,2
"4625",269,1992,0.664258182048798,0,1997,2
"4626",269,1993,0.655600070953369,0,1997,2
"4627",269,1994,0.591364443302155,0,1997,2
"4629",269,1996,0.701179325580597,0,1997,2
"4630",269,1997,0.763764798641205,1,1997,2
"4631",269,1998,0.765392005443573,1,1997,2
"4632",269,1999,0.775555849075317,1,1997,2
"4633",269,2000,0.801733553409576,1,1997,2
"4634",269,2001,0.75728166103363,1,1997,2
"4635",269,2002,0.72812694311142,1,1997,2
"4636",269,2003,1.05626332759857,0,1997,2
"4637",269,2004,1.48247122764587,0,1997,2
"4638",269,2005,2.15085864067078,0,1997,2
"4639",269,2006,2.31223154067993,0,1997,2
"4640",269,2007,2.21892428398132,0,1997,2
"4641",269,2008,1.9795058965683,0,1997,2
"4642",269,2009,2.30579543113708,0,1997,2
"4643",269,2010,2.3073890209198,1,1997,2
"4644",269,2011,2.43267750740051,0,1997,2
"4645",269,2012,2.64870357513428,0,1997,2
"4646",270,1992,0.38641694188118,0,1997,2
"4647",270,1993,0.339130640029907,0,1997,2
"4648",270,1994,0.337889224290848,0,1997,2
"4649",270,1995,0.539398968219757,0,1997,2
"4650",270,1996,0.535782337188721,0,1997,2
"4651",270,1997,0.520326852798462,1,1997,2
"4652",270,1998,0.562830328941345,1,1997,2
"4653",270,1999,0.536438167095184,1,1997,2
"4654",270,2000,0.554561018943787,1,1997,2
"4655",270,2001,0.550762474536896,1,1997,2
"4656",270,2002,0.60529750585556,1,1997,2
"4657",270,2003,1.50498461723328,1,1997,2
"4658",270,2004,1.50595879554749,1,1997,2
"4659",270,2005,2.02245020866394,1,1997,2
"4660",270,2006,1.88351428508759,1,1997,2
"4661",270,2007,2.11075901985168,0,1997,2
"4662",270,2008,1.92585122585297,0,1997,2
"4663",270,2009,2.01637673377991,0,1997,2
"4664",270,2010,2.25291347503662,1,1997,2
"4665",270,2011,1.87874019145966,1,1997,2
"4666",270,2012,1.78475987911224,1,1997,2
"4668",271,1993,0.405465096235275,0,NA,0
"4669",271,1994,0.418755263090134,0,NA,0
"4671",271,1996,0.337531596422195,0,NA,0
"4672",271,1997,0.323992311954498,0,NA,0
"4673",271,1998,0.485814273357391,0,NA,0
"4674",271,1999,0.555551648139954,0,NA,0
"4675",271,2000,0.485017716884613,0,NA,0
"4676",271,2001,1.20953059196472,0,NA,0
"4677",271,2002,2.25034332275391,0,NA,0
"4678",271,2003,1.4244419336319,0,NA,0
"4679",271,2004,2.49295973777771,0,NA,0
"4680",271,2005,2.7781138420105,0,NA,0
"4681",271,2006,2.80640959739685,0,NA,0
"4682",271,2007,2.81741809844971,0,NA,0
"4683",271,2008,2.62187767028809,0,NA,0
"4684",272,1992,4.04295635223389,1,1992,1
"4685",272,1993,4.29740476608276,0,1992,1
"4686",272,1994,4.30439043045044,0,1992,1
"4687",272,1995,3.40927696228027,0,1992,1
"4688",272,1996,3.3774836063385,0,1992,1
"4689",272,1997,2.96389269828796,0,1992,1
"4690",272,1998,3.16780400276184,0,1992,1
"4691",272,1999,3.44498562812805,0,1992,1
"4692",272,2000,3.85746836662292,0,1992,1
"4693",272,2001,4.43999147415161,0,1992,1
"4694",272,2002,4.73813390731812,0,1992,1
"4695",272,2003,4.91708707809448,0,1992,1
"4696",272,2004,4.98947048187256,0,1992,1
"4697",272,2005,4.98290109634399,0,1992,1
"4698",272,2006,6.46668195724487,0,1992,1
"4699",272,2007,6.51631450653076,0,1992,1
"4700",272,2008,6.4695725440979,0,1992,1
"4701",272,2009,6.51382780075073,0,1992,1
"4702",272,2010,6.52323341369629,1,1992,1
"4703",272,2011,6.48520088195801,1,1992,1
"4704",272,2012,6.48591089248657,1,1992,1
"4705",273,1992,0.581798791885376,0,1997,2
"4706",273,1993,0.681239187717438,0,1997,2
"4707",273,1994,0.870954096317291,0,1997,2
"4708",273,1995,0.828990757465363,0,1997,2
"4709",273,1996,0.902939438819885,0,1997,2
"4710",273,1997,0.812099158763885,1,1997,2
"4711",273,1998,0.906920492649078,1,1997,2
"4712",273,1999,0.773189902305603,1,1997,2
"4713",273,2000,0.733467280864716,1,1997,2
"4714",273,2001,0.722705960273743,1,1997,2
"4715",273,2002,0.656115293502808,1,1997,2
"4716",273,2003,1.47362697124481,0,1997,2
"4717",273,2004,1.90878629684448,0,1997,2
"4718",273,2005,1.8718022108078,0,1997,2
"4719",273,2006,2.46852326393127,0,1997,2
"4721",273,2008,2.70654988288879,0,1997,2
"4722",273,2009,2.44097399711609,0,1997,2
"4723",273,2010,2.41013622283936,0,1997,2
"4724",273,2011,2.25739884376526,1,1997,2
"4725",273,2012,2.20873546600342,1,1997,2
"4726",274,1992,4.1538577079773,0,1997,2
"4727",274,1993,4.27377891540527,0,1997,2
"4728",274,1994,4.32306814193726,0,1997,2
"4729",274,1995,3.32338643074036,0,1997,2
"4730",274,1996,3.22836709022522,0,1997,2
"4731",274,1997,3.11748218536377,1,1997,2
"4732",274,1998,3.18913865089417,1,1997,2
"4733",274,1999,3.67202544212341,1,1997,2
"4734",274,2000,4.20206260681152,1,1997,2
"4735",274,2001,4.51831483840942,1,1997,2
"4736",274,2002,4.65206909179688,1,1997,2
"4737",274,2003,4.73643493652344,1,1997,2
"4738",274,2004,5.04361724853516,1,1997,2
"4739",274,2005,5.03080320358276,0,1997,2
"4740",274,2006,6.54089117050171,0,1997,2
"4741",274,2007,6.58231258392334,0,1997,2
"4742",274,2008,6.48969125747681,0,1997,2
"4743",274,2009,6.52569389343262,0,1997,2
"4744",274,2010,6.58209371566772,1,1997,2
"4745",274,2011,6.58611917495728,1,1997,2
"4746",274,2012,6.4831223487854,1,1997,2
"4768",277,2009,6.55015516281128,0,NA,0
"4769",277,2010,6.57442998886108,0,NA,0
"4770",277,2011,6.59190320968628,0,NA,0
"4771",277,2012,6.50029277801514,0,NA,0
"4772",278,1992,1.3810555934906,0,1997,2
"4773",278,1993,1.36979830265045,0,1997,2
"4774",278,1994,1.31775748729706,0,1997,2
"4775",278,1995,1.31888926029205,0,1997,2
"4776",278,1996,1.3191442489624,0,1997,2
"4777",278,1997,1.30236351490021,1,1997,2
"4778",278,1998,1.31060039997101,1,1997,2
"4779",278,1999,1.34178817272186,1,1997,2
"4780",278,2000,1.33632433414459,1,1997,2
"4781",278,2001,1.61257266998291,1,1997,2
"4782",278,2002,1.57596874237061,0,1997,2
"4783",278,2003,2.45962882041931,0,1997,2
"4784",278,2004,2.64271640777588,0,1997,2
"4785",278,2005,2.70102500915527,0,1997,2
"4786",278,2006,2.83038568496704,0,1997,2
"4787",278,2007,2.81278562545776,0,1997,2
"4788",278,2008,3.59559845924377,0,1997,2
"4789",278,2009,3.6161379814148,0,1997,2
"4790",278,2010,3.87450933456421,0,1997,2
"4791",278,2011,3.50848317146301,0,1997,2
"4792",278,2012,3.36139106750488,0,1997,2
"4796",279,1995,1.39350688457489,0,1997,2
"4797",279,1996,1.43970930576324,0,1997,2
"4798",279,1997,1.3862943649292,1,1997,2
"4799",280,1998,3.74610137939453,1,1998,2
"4800",280,1999,3.97932577133179,1,1998,2
"4801",280,2000,4.1092734336853,1,1998,2
"4802",280,2001,4.66963195800781,1,1998,2
"4803",280,2002,4.90580892562866,1,1998,2
"4804",280,2003,5.15916299819946,1,1998,2
"4805",280,2004,5.93497276306152,1,1998,2
"4806",280,2005,5.89638519287109,1,1998,2
"4807",280,2006,6.76770305633545,1,1998,2
"4808",280,2007,6.80972719192505,1,1998,2
"4809",280,2008,6.78965902328491,1,1998,2
"4810",280,2009,6.82682180404663,1,1998,2
"4811",280,2010,6.73311710357666,0,1998,2
"4812",280,2011,6.77415561676025,0,1998,2
"4813",280,2012,6.61138868331909,0,1998,2
"4814",281,1992,4.13012552261353,0,1997,2
"4815",281,1993,4.39587640762329,0,1997,2
"4816",281,1994,4.43367052078247,0,1997,2
"4817",281,1995,3.45170879364014,0,1997,2
"4818",281,1996,3.3545777797699,0,1997,2
"4819",281,1997,3.29576539993286,1,1997,2
"4820",281,1998,3.53569889068604,1,1997,2
"4821",281,1999,3.34186553955078,1,1997,2
"4822",281,2000,3.82494306564331,1,1997,2
"4823",281,2001,4.07925128936768,1,1997,2
"4824",281,2002,4.49272346496582,1,1997,2
"4825",281,2003,4.80700397491455,1,1997,2
"4826",281,2004,5.05299854278564,1,1997,2
"4827",281,2005,5.14996576309204,1,1997,2
"4828",281,2006,6.56066370010376,1,1997,2
"4829",281,2007,6.66036653518677,1,1997,2
"4830",281,2008,6.49795532226562,1,1997,2
"4831",281,2009,6.5652904510498,0,1997,2
"4832",281,2010,6.55536508560181,1,1997,2
"4833",281,2011,6.56823682785034,1,1997,2
"4834",281,2012,6.3336353302002,1,1997,2
"4835",282,1992,0.0253178644925356,0,1997,2
"4836",282,1993,0.776697993278503,0,1997,2
"4837",282,1994,0.756205320358276,0,1997,2
"4839",282,1996,0.893359839916229,0,1997,2
"4840",282,1997,0.787541747093201,1,1997,2
"4841",282,1998,0.798085272312164,1,1997,2
"4842",282,1999,0.961659371852875,1,1997,2
"4843",282,2000,0.758476555347443,1,1997,2
"4844",282,2001,0.812335669994354,1,1997,2
"4845",282,2002,0.866150617599487,1,1997,2
"4846",282,2003,1.75398707389832,1,1997,2
"4847",282,2004,1.79650604724884,1,1997,2
"4848",282,2005,2.01018142700195,1,1997,2
"4849",282,2006,2.22930812835693,1,1997,2
"4850",282,2007,2.49014019966125,1,1997,2
"4851",282,2008,2.34714484214783,0,1997,2
"4852",282,2009,2.64680671691895,0,1997,2
"4853",282,2010,2.83369541168213,0,1997,2
"4854",282,2011,2.34589576721191,0,1997,2
"4855",282,2012,2.6959753036499,0,1997,2
"4856",283,1992,0.362483292818069,0,2011,3
"4857",283,1993,0.167352259159088,0,2011,3
"4858",283,1994,0.192838281393051,0,2011,3
"4859",283,1995,0.298855304718018,0,2011,3
"4860",283,1996,0.154957428574562,0,2011,3
"4861",283,1997,0.154957428574562,0,2011,3
"4862",283,1998,0.225011005997658,0,2011,3
"4863",283,1999,0.223143547773361,0,2011,3
"4864",283,2000,0.225011005997658,0,2011,3
"4865",283,2001,0.239826053380966,0,2011,3
"4866",283,2002,0.305185973644257,0,2011,3
"4867",283,2003,1.01517879962921,0,2011,3
"4868",283,2004,1.85596191883087,0,2011,3
"4869",283,2005,2.20240330696106,0,2011,3
"4870",283,2006,2.44366383552551,0,2011,3
"4871",283,2007,2.35298681259155,0,2011,3
"4872",283,2008,2.25547480583191,0,2011,3
"4873",283,2009,2.39981412887573,0,2011,3
"4874",283,2010,2.62800741195679,0,2011,3
"4875",283,2011,1.86321842670441,1,2011,3
"4876",283,2012,1.9616584777832,1,2011,3
"4877",284,1992,3.62925386428833,0,1997,2
"4878",284,1993,3.90135407447815,0,1997,2
"4879",284,1994,3.92818856239319,0,1997,2
"4880",284,1995,3.7802586555481,0,1997,2
"4881",284,1996,3.69697308540344,0,1997,2
"4882",284,1997,3.64283561706543,1,1997,2
"4883",284,1998,3.71995377540588,1,1997,2
"4884",284,1999,3.65903329849243,1,1997,2
"4885",284,2000,4.44511699676514,0,1997,2
"4886",284,2001,4.43831157684326,0,1997,2
"4887",284,2002,4.99414682388306,0,1997,2
"4888",284,2003,5.20309686660767,1,1997,2
"4889",284,2004,5.31942653656006,1,1997,2
"4890",284,2005,5.40640449523926,1,1997,2
"4891",284,2006,6.80622386932373,1,1997,2
"4892",284,2007,6.82956027984619,0,1997,2
"4893",284,2008,6.89461469650269,0,1997,2
"4894",284,2009,6.84243774414062,0,1997,2
"4895",284,2010,6.86153268814087,0,1997,2
"4896",284,2011,6.85769748687744,0,1997,2
"4897",284,2012,6.85268115997314,0,1997,2
"4898",285,1992,0.763105750083923,0,NA,0
"4899",285,1993,0.74871701002121,0,NA,0
"4900",285,1994,0.6931471824646,0,NA,0
"4901",285,1995,0.7351114153862,0,NA,0
"4902",285,1996,0.801360785961151,0,NA,0
"4903",285,1997,0.775385320186615,0,NA,0
"4904",285,1998,1.05555284023285,0,NA,0
"4905",285,1999,1.0986123085022,0,NA,0
"4906",285,2000,0.966440558433533,0,NA,0
"4907",285,2001,0.977251410484314,0,NA,0
"4908",285,2002,0.982248663902283,0,NA,0
"4909",285,2003,1.85327732563019,0,NA,0
"4910",285,2004,1.78294885158539,0,NA,0
"4911",285,2005,2.39741921424866,0,NA,0
"4912",285,2006,2.36105155944824,0,NA,0
"4913",285,2007,2.4668881893158,0,NA,0
"4914",285,2008,2.5154721736908,0,NA,0
"4917",286,1994,1.1322603225708,0,1997,2
"4918",286,1995,1.13897931575775,0,1997,2
"4919",286,1996,1.21889841556549,0,1997,2
"4920",286,1997,1.14184093475342,1,1997,2
"4921",286,1998,1.02019035816193,1,1997,2
"4922",286,1999,0.963437497615814,1,1997,2
"4923",286,2000,1.20397281646729,0,1997,2
"4924",286,2001,1.19045913219452,0,1997,2
"4925",286,2002,0.841567158699036,1,1997,2
"4926",286,2003,1.46385264396667,1,1997,2
"4928",286,2005,1.78306066989899,0,1997,2
"4929",286,2006,1.74120724201202,0,1997,2
"4930",286,2007,1.93583452701569,0,1997,2
"4931",286,2008,2.4959123134613,0,1997,2
"4932",286,2009,2.62524437904358,0,1997,2
"4933",286,2010,3.33215808868408,0,1997,2
"4935",286,2012,0.698338568210602,0,1997,2
"4936",287,1992,4.08107757568359,0,2010,3
"4937",287,1993,4.21102571487427,0,2010,3
"4938",287,1994,4.29120540618896,0,2010,3
"4939",287,1995,3.25599956512451,0,2010,3
"4940",287,1996,3.16077351570129,0,2010,3
"4941",287,1997,3.02571105957031,0,2010,3
"4942",287,1998,3.13638257980347,0,2010,3
"4943",287,1999,3.45469236373901,0,2010,3
"4944",287,2000,3.87704014778137,0,2010,3
"4945",287,2001,4.31728649139404,0,2010,3
"4946",287,2002,4.58233737945557,0,2010,3
"4947",287,2003,4.82816362380981,0,2010,3
"4948",287,2004,5.04898929595947,0,2010,3
"4949",287,2005,5.0211615562439,0,2010,3
"4950",287,2006,6.37075805664062,0,2010,3
"4951",287,2007,6.43994474411011,0,2010,3
"4952",287,2008,6.37965059280396,0,2010,3
"4953",287,2009,6.44537496566772,0,2010,3
"4954",287,2010,6.44262647628784,1,2010,3
"4955",287,2011,6.52950191497803,1,2010,3
"4956",287,2012,6.49539518356323,1,2010,3
"4957",288,1992,0.733498454093933,0,NA,0
"4958",288,1993,0.799095749855042,0,NA,0
"4959",288,1994,0.781423330307007,0,NA,0
"4960",288,1995,0.747644305229187,0,NA,0
"4961",288,1996,0.796171307563782,0,NA,0
"4962",288,1997,0.797926187515259,0,NA,0
"4963",288,1998,0.935978710651398,0,NA,0
"4964",288,1999,0.967584013938904,0,NA,0
"4965",288,2000,0.967584013938904,0,NA,0
"4966",288,2001,2.65562772750854,0,NA,0
"4967",288,2002,2.13220596313477,0,NA,0
"4968",288,2003,2.80237579345703,0,NA,0
"4969",288,2004,2.82388186454773,0,NA,0
"4970",288,2005,3.0438289642334,0,NA,0
"4971",288,2006,3.27214026451111,0,NA,0
"4972",288,2007,3.12638688087463,0,NA,0
"4973",288,2008,2.768235206604,0,NA,0
"4974",288,2009,2.85583138465881,0,NA,0
"4975",288,2010,2.87342000007629,0,NA,0
"4976",288,2011,2.54414701461792,0,NA,0
"4977",288,2012,2.54502606391907,0,NA,0
"4978",289,1992,1.06527590751648,0,NA,0
"4979",289,1993,1.03538453578949,0,NA,0
"4980",289,1994,0.993251800537109,0,NA,0
"4981",289,1995,1.07613945007324,0,NA,0
"4982",289,1996,1.35669386386871,0,NA,0
"4983",289,1997,1.40691363811493,0,NA,0
"4984",289,1998,1.41098690032959,0,NA,0
"4985",289,1999,1.43548464775085,0,NA,0
"4986",289,2000,1.43484365940094,0,NA,0
"4987",289,2001,1.49497711658478,0,NA,0
"4988",289,2002,1.48339712619781,0,NA,0
"4989",289,2003,2.12216639518738,0,NA,0
"4990",289,2004,2.2865846157074,0,NA,0
"4991",289,2005,2.85689568519592,0,NA,0
"4992",289,2006,3.45898246765137,0,NA,0
"4993",289,2007,3.31222605705261,0,NA,0
"4994",289,2008,2.4954092502594,0,NA,0
"4995",290,1992,0.613827466964722,0,NA,0
"4996",290,1993,1.04887235164642,0,NA,0
"4997",290,1994,1.11831736564636,0,NA,0
"4998",290,1995,0.596919178962708,0,NA,0
"4999",290,1996,0.597524642944336,0,NA,0
"5000",290,1997,0.683103144168854,0,NA,0
"5001",291,1998,3.49898219108582,1,1998,2
"5002",291,1999,3.87160420417786,0,1998,2
"5003",291,2000,4.2755970954895,0,1998,2
"5004",291,2001,4.42437982559204,0,1998,2
"5005",291,2002,4.81609869003296,0,1998,2
"5006",291,2003,5.14779186248779,0,1998,2
"5007",291,2004,4.75014686584473,0,1998,2
"5008",291,2005,5.44468927383423,0,1998,2
"5009",291,2006,6.77681732177734,0,1998,2
"5010",291,2007,6.86021184921265,0,1998,2
"5011",291,2008,6.72492408752441,0,1998,2
"5012",291,2009,6.82112693786621,0,1998,2
"5013",291,2010,6.87536430358887,1,1998,2
"5014",291,2011,6.80045223236084,1,1998,2
"5015",291,2012,6.72879838943481,1,1998,2
"5019",292,1995,1.16097664833069,0,1997,2
"5020",292,1996,1.07166934013367,0,1997,2
"5021",292,1997,1.15105867385864,1,1997,2
"5022",293,1998,3.46236491203308,1,1998,2
"5023",293,1999,3.70338892936707,1,1998,2
"5024",293,2000,4.0672345161438,0,1998,2
"5025",293,2001,4.40206527709961,0,1998,2
"5026",293,2002,4.78608131408691,0,1998,2
"5027",293,2003,5.15115451812744,1,1998,2
"5028",293,2004,5.329026222229,1,1998,2
"5029",293,2005,5.38932704925537,1,1998,2
"5031",293,2007,6.61890840530396,0,1998,2
"5032",293,2008,6.57707834243774,0,1998,2
"5033",293,2009,6.61406660079956,0,1998,2
"5034",293,2010,6.58157253265381,1,1998,2
"5035",293,2011,6.37338495254517,1,1998,2
"5036",293,2012,6.3702597618103,1,1998,2
"5040",294,1995,0.738288760185242,0,NA,0
"5041",294,1996,0.701755583286285,0,NA,0
"5042",295,1997,2.77734708786011,0,2010,3
"5043",295,1998,3.47665286064148,0,2010,3
"5044",295,1999,3.35084795951843,0,2010,3
"5045",295,2000,3.76521873474121,0,2010,3
"5046",295,2001,4.28632593154907,0,2010,3
"5047",295,2002,4.42707252502441,0,2010,3
"5048",295,2003,4.44256639480591,0,2010,3
"5049",295,2004,4.9715404510498,0,2010,3
"5050",295,2005,5.01135015487671,0,2010,3
"5051",295,2006,6.39370059967041,0,2010,3
"5052",295,2007,6.45728063583374,0,2010,3
"5053",295,2008,6.43329334259033,0,2010,3
"5054",295,2009,6.47094964981079,0,2010,3
"5055",295,2010,6.45897722244263,1,2010,3
"5056",295,2011,6.34339761734009,0,2010,3
"5057",295,2012,6.32327604293823,0,2010,3
"5058",296,1992,1.40931499004364,0,NA,0
"5059",296,1993,1.29641008377075,0,NA,0
"5060",296,1994,1.4175261259079,0,NA,0
"5061",296,1995,1.57006907463074,0,NA,0
"5062",296,1996,1.19331169128418,0,NA,0
"5063",297,1997,3.09823155403137,1,1997,2
"5064",297,1998,3.41686344146729,1,1997,2
"5065",297,1999,3.55969500541687,1,1997,2
"5066",297,2000,4.01324224472046,0,1997,2
"5067",297,2001,4.46109056472778,0,1997,2
"5068",297,2002,4.85364389419556,0,1997,2
"5069",297,2003,4.98246145248413,0,1997,2
"5070",297,2004,5.28339672088623,0,1997,2
"5071",297,2005,5.26060152053833,0,1997,2
"5072",297,2006,6.5167293548584,0,1997,2
"5073",297,2007,6.59072780609131,0,1997,2
"5074",297,2008,6.56315994262695,0,1997,2
"5075",297,2009,6.54505729675293,0,1997,2
"5076",297,2010,6.5122652053833,0,1997,2
"5077",297,2011,6.65261888504028,1,1997,2
"5078",297,2012,6.66678714752197,1,1997,2
"5079",298,1992,2.06754016876221,0,1997,2
"5080",298,1993,1.88827550411224,0,1997,2
"5081",298,1994,1.69179487228394,0,1997,2
"5082",298,1995,1.14376938343048,0,1997,2
"5083",298,1996,1.0114654302597,0,1997,2
"5084",298,1997,0.993739664554596,1,1997,2
"5085",298,1998,1.03294098377228,1,1997,2
"5086",298,1999,1.07054626941681,0,1997,2
"5087",298,2000,1.06875932216644,0,1997,2
"5088",298,2001,1.05710029602051,0,1997,2
"5089",298,2002,1.22360265254974,0,1997,2
"5090",298,2003,2.11576914787292,0,1997,2
"5091",298,2004,2.84502983093262,0,1997,2
"5092",298,2005,2.98766493797302,0,1997,2
"5093",298,2006,2.2218382358551,0,1997,2
"5094",298,2007,3.22236251831055,0,1997,2
"5095",298,2008,2.85818552970886,0,1997,2
"5096",298,2009,2.731281042099,0,1997,2
"5097",298,2010,3.24489784240723,0,1997,2
"5098",298,2011,2.37838983535767,0,1997,2
"5099",298,2012,2.37123250961304,0,1997,2
"5100",299,1992,0.2089012414217,0,NA,0
"5101",299,1993,1.5228453874588,0,NA,0
"5102",299,1994,0.720175862312317,0,NA,0
"5103",299,1995,0.614815354347229,0,NA,0
"5104",299,1996,0.589006900787354,0,NA,0
"5105",299,1997,0.614894986152649,0,NA,0
"5106",299,1998,0.65260112285614,0,NA,0
"5107",299,1999,0.632248997688293,0,NA,0
"5108",299,2000,0.623534381389618,0,NA,0
"5109",299,2001,0.66251015663147,0,NA,0
"5110",299,2002,0.686716318130493,0,NA,0
"5111",299,2003,1.73221337795258,0,NA,0
"5112",299,2004,2.04248595237732,0,NA,0
"5113",299,2005,2.58467125892639,0,NA,0
"5114",299,2006,2.45260953903198,0,NA,0
"5115",299,2007,2.40772390365601,0,NA,0
"5116",299,2008,2.70361566543579,0,NA,0
"5117",299,2009,2.85279941558838,0,NA,0
"5118",299,2010,2.76028513908386,0,NA,0
"5119",299,2011,2.10510492324829,0,NA,0
"5120",299,2012,2.48968863487244,0,NA,0
"5121",300,1992,1.13868153095245,0,1997,2
"5122",300,1993,1.0638393163681,0,1997,2
"5123",300,1994,1.16378879547119,0,1997,2
"5124",300,1995,1.03771412372589,0,1997,2
"5125",300,1996,0.889053165912628,0,1997,2
"5126",300,1997,1.02816593647003,1,1997,2
"5127",301,1998,3.53844404220581,1,1998,2
"5128",301,1999,3.64308309555054,1,1998,2
"5129",301,2000,3.74867177009583,1,1998,2
"5130",301,2001,4.545569896698,1,1998,2
"5131",301,2002,4.606520652771,1,1998,2
"5132",301,2003,4.95796585083008,1,1998,2
"5133",301,2004,5.13937664031982,1,1998,2
"5134",301,2005,5.24304342269897,1,1998,2
"5135",301,2006,6.29598331451416,1,1998,2
"5136",301,2007,6.44562149047852,1,1998,2
"5137",301,2008,6.43653249740601,0,1998,2
"5138",301,2009,6.49582862854004,0,1998,2
"5139",301,2010,6.48029279708862,0,1998,2
"5140",301,2011,6.56726694107056,0,1998,2
"5141",301,2012,6.41966962814331,0,1998,2
"5142",302,1992,3.10634326934814,1,1992,1
"5143",302,1993,3.49143099784851,1,1992,1
"5144",302,1994,3.65160799026489,0,1992,1
"5145",302,1995,3.57721662521362,0,1992,1
"5146",302,1996,3.53040456771851,0,1992,1
"5147",302,1997,3.55289387702942,0,1992,1
"5148",302,1998,3.62370586395264,0,1992,1
"5149",302,1999,3.92530798912048,0,1992,1
"5150",302,2000,4.67383337020874,0,1992,1
"5151",302,2001,4.85545682907104,0,1992,1
"5152",302,2002,5.11573886871338,0,1992,1
"5153",302,2003,4.99045515060425,0,1992,1
"5154",302,2004,5.13397264480591,0,1992,1
"5155",302,2005,5.1411657333374,0,1992,1
"5156",302,2006,6.64955854415894,0,1992,1
"5157",302,2007,6.7253851890564,0,1992,1
"5158",302,2008,6.72908544540405,0,1992,1
"5159",302,2009,6.80279207229614,0,1992,1
"5160",302,2010,6.84643745422363,0,1992,1
"5161",302,2011,6.84926795959473,0,1992,1
"5162",302,2012,6.85174226760864,0,1992,1
"5163",303,1996,2.09903120994568,0,1998,2
"5164",303,1998,3.4562828540802,1,1998,2
"5165",303,1999,3.73508763313293,1,1998,2
"5166",303,2000,4.0594687461853,1,1998,2
"5167",303,2001,4.56167078018188,1,1998,2
"5168",303,2002,4.96943044662476,1,1998,2
"5169",303,2003,5.23400115966797,0,1998,2
"5170",303,2004,5.44353437423706,0,1998,2
"5171",303,2005,5.44916343688965,0,1998,2
"5172",303,2006,6.71011161804199,0,1998,2
"5173",303,2007,6.80439901351929,0,1998,2
"5174",303,2008,6.75925350189209,0,1998,2
"5175",303,2009,6.80369329452515,0,1998,2
"5176",303,2010,6.85399150848389,0,1998,2
"5177",303,2011,6.85983991622925,0,1998,2
"5178",303,2012,6.85163927078247,0,1998,2
"5179",304,1992,0.86097115278244,0,1997,2
"5180",304,1993,0.862223505973816,0,1997,2
"5181",304,1994,0.866736948490143,0,1997,2
"5182",304,1995,0.909900963306427,0,1997,2
"5183",304,1996,0.946443736553192,0,1997,2
"5184",304,1997,0.908588528633118,1,1997,2
"5185",304,1998,0.891725778579712,1,1997,2
"5186",304,1999,0.756169855594635,1,1997,2
"5187",304,2000,0.753848552703857,1,1997,2
"5188",304,2001,0.768182396888733,1,1997,2
"5189",304,2002,0.796560287475586,0,1997,2
"5190",304,2003,2.11772227287292,0,1997,2
"5191",304,2004,2.80166673660278,1,1997,2
"5192",304,2005,2.75491452217102,1,1997,2
"5193",304,2006,2.91584801673889,0,1997,2
"5194",304,2007,3.53420257568359,0,1997,2
"5195",304,2008,2.57823014259338,0,1997,2
"5196",304,2009,2.63149118423462,0,1997,2
"5197",304,2010,2.81740760803223,1,1997,2
"5198",304,2011,2.60883569717407,1,1997,2
"5199",304,2012,2.65633320808411,1,1997,2
"5200",305,1992,0.689674973487854,0,2010,3
"5201",305,1993,0.691446542739868,0,2010,3
"5202",305,1994,0.589376747608185,0,2010,3
"5203",305,1995,0.490416705608368,0,2010,3
"5204",305,1996,0.520081043243408,0,2010,3
"5205",305,1997,0.541520714759827,0,2010,3
"5206",305,1998,0.438714474439621,0,2010,3
"5207",305,1999,0.430367201566696,0,2010,3
"5208",305,2000,0.346641421318054,0,2010,3
"5209",305,2001,0.238584727048874,0,2010,3
"5210",305,2002,0.387297838926315,0,2010,3
"5211",305,2003,1.20318329334259,0,2010,3
"5212",305,2004,1.22818326950073,0,2010,3
"5213",305,2005,1.54999840259552,0,2010,3
"5214",305,2006,1.79228591918945,0,2010,3
"5215",305,2007,2.10086393356323,0,2010,3
"5216",305,2008,2.19066715240479,0,2010,3
"5217",305,2009,2.02767062187195,0,2010,3
"5218",305,2010,2.47708678245544,1,2010,3
"5219",305,2011,2.06295824050903,1,2010,3
"5220",305,2012,2.01826429367065,1,2010,3
"5221",306,1992,0.7811159491539,0,NA,0
"5222",306,1993,1.07023096084595,0,NA,0
"5223",306,1994,0.908295214176178,0,NA,0
"5224",306,1995,1.02913177013397,0,NA,0
"5225",306,1996,0.992002606391907,0,NA,0
"5226",306,1997,0.966030776500702,0,NA,0
"5227",306,1998,1.06644296646118,0,NA,0
"5228",306,1999,1.07059931755066,0,NA,0
"5229",306,2000,1.12227118015289,0,NA,0
"5230",306,2001,1.32359576225281,0,NA,0
"5231",306,2002,1.26459741592407,0,NA,0
"5232",306,2003,2.15433216094971,0,NA,0
"5233",306,2004,2.15995597839355,0,NA,0
"5234",306,2005,2.4372661113739,0,NA,0
"5235",306,2006,2.17099356651306,0,NA,0
"5236",306,2007,2.22383618354797,0,NA,0
"5237",306,2008,2.16513395309448,0,NA,0
"5239",307,1993,0.095827542245388,1,1992,1
"5240",307,1994,0.0995296388864517,1,1992,1
"5241",307,1995,0.0435261987149715,0,1992,1
"5242",307,1996,0.065751425921917,0,1992,1
"5243",307,1997,0.306913405656815,0,1992,1
"5244",307,1998,0.427866071462631,0,1992,1
"5245",307,1999,0.204095304012299,0,1992,1
"5246",307,2000,0.434542387723923,0,1992,1
"5247",307,2001,0.401768207550049,0,1992,1
"5248",307,2002,0.278465449810028,0,1992,1
"5249",307,2003,1.21338021755219,0,1992,1
"5250",307,2004,1.38252794742584,0,1992,1
"5251",307,2005,1.43427395820618,0,1992,1
"5252",307,2006,1.78416931629181,0,1992,1
"5253",307,2007,1.48691773414612,0,1992,1
"5254",307,2008,2.05987524986267,0,1992,1
"5255",307,2009,1.95299112796783,0,1992,1
"5256",307,2010,1.93238818645477,1,1992,1
"5257",307,2011,1.89016342163086,1,1992,1
"5258",307,2012,2.11125755310059,1,1992,1
"5259",308,1992,3.3000705242157,0,2010,3
"5260",308,1993,3.60186815261841,0,2010,3
"5261",308,1994,3.14801216125488,0,2010,3
"5262",308,1995,3.51474738121033,0,2010,3
"5263",308,1996,3.32565546035767,0,2010,3
"5264",308,1997,3.24540019035339,0,2010,3
"5265",308,1998,3.22762012481689,0,2010,3
"5266",308,1999,3.80290746688843,0,2010,3
"5267",308,2000,4.43547344207764,0,2010,3
"5268",308,2001,4.53063344955444,0,2010,3
"5269",308,2002,4.88112306594849,0,2010,3
"5270",308,2003,4.73456239700317,0,2010,3
"5271",308,2004,4.98516082763672,0,2010,3
"5272",308,2005,4.99903535842896,0,2010,3
"5273",308,2006,6.3146653175354,0,2010,3
"5274",308,2007,6.36785364151001,0,2010,3
"5275",308,2008,6.38428688049316,0,2010,3
"5276",308,2009,6.48821640014648,0,2010,3
"5277",308,2010,6.51999187469482,1,2010,3
"5278",308,2011,6.5091552734375,1,2010,3
"5279",308,2012,6.52920866012573,1,2010,3
"5280",309,1992,-0.0632622390985489,0,NA,0
"5281",309,1993,2.35722041130066,0,NA,0
"5282",309,1994,0.307992786169052,0,NA,0
"5283",309,1995,0.369550704956055,0,NA,0
"5284",309,1996,0.332417964935303,0,NA,0
"5285",309,1997,0.332417964935303,0,NA,0
"5286",309,1998,0.317877024412155,0,NA,0
"5287",309,1999,0.34185990691185,0,NA,0
"5288",309,2000,0.579412698745728,0,NA,0
"5289",309,2001,0.488714218139648,0,NA,0
"5290",309,2002,0.573168754577637,0,NA,0
"5291",309,2003,1.15267956256866,0,NA,0
"5292",309,2004,1.13861763477325,0,NA,0
"5293",309,2005,0.420712292194366,0,NA,0
"5294",309,2006,0.539982199668884,0,NA,0
"5295",309,2007,1.39219415187836,0,NA,0
"5296",309,2008,2.21235990524292,0,NA,0
"5297",309,2009,1.774094581604,0,NA,0
"5298",309,2010,1.8078111410141,0,NA,0
"5299",309,2011,0.743019044399261,0,NA,0
"5300",309,2012,0.624827980995178,0,NA,0
"5301",310,1992,3.21265721321106,0,1997,2
"5302",310,1993,3.81903958320618,0,1997,2
"5303",310,1994,3.80516576766968,0,1997,2
"5304",310,1995,3.70882487297058,0,1997,2
"5305",310,1996,3.57210683822632,0,1997,2
"5306",310,1997,3.53350377082825,1,1997,2
"5307",310,1998,3.52133250236511,1,1997,2
"5308",310,1999,3.75310134887695,1,1997,2
"5309",310,2000,4.05023860931396,1,1997,2
"5310",310,2001,4.69046974182129,1,1997,2
"5311",310,2002,5.10827159881592,1,1997,2
"5312",310,2003,5.17516469955444,0,1997,2
"5313",310,2004,5.63978242874146,0,1997,2
"5314",310,2005,5.57362174987793,0,1997,2
"5315",310,2006,6.7554783821106,0,1997,2
"5316",310,2007,6.84459447860718,0,1997,2
"5317",310,2008,6.77603483200073,0,1997,2
"5318",310,2009,6.7555661201477,0,1997,2
"5320",310,2011,6.89272356033325,0,1997,2
"5321",310,2012,6.91207838058472,0,1997,2
"5325",311,1995,1.04948437213898,0,1997,2
"5326",311,1996,1.08250141143799,0,1997,2
"5327",311,1997,1.1122180223465,1,1997,2
"5329",312,1993,0.415515422821045,0,2010,3
"5330",312,1994,0.432757258415222,0,2010,3
"5331",312,1995,0.458075046539307,0,2010,3
"5332",312,1996,0.458075046539307,0,2010,3
"5333",312,1997,0.110602959990501,0,2010,3
"5334",312,1998,0.450201004743576,0,2010,3
"5335",312,1999,0.530243694782257,0,2010,3
"5336",312,2000,0.480619758367538,0,2010,3
"5337",312,2001,0.459733963012695,0,2010,3
"5338",312,2002,0.487836182117462,0,2010,3
"5339",312,2003,1.15581786632538,0,2010,3
"5340",312,2004,1.2216055393219,0,2010,3
"5341",312,2005,1.36445665359497,0,2010,3
"5342",312,2006,1.71606183052063,0,2010,3
"5343",312,2007,1.82880079746246,0,2010,3
"5344",312,2008,1.6469498872757,0,2010,3
"5345",312,2009,1.67306363582611,0,2010,3
"5346",312,2010,1.97401428222656,1,2010,3
"5347",312,2011,1.97855019569397,1,2010,3
"5348",312,2012,2.31213164329529,1,2010,3
"5349",313,1992,0.820077836513519,0,1997,2
"5350",313,1993,0.809756398200989,0,1997,2
"5351",313,1994,0.851151466369629,0,1997,2
"5352",313,1995,0.867201089859009,0,1997,2
"5353",313,1996,0.904020667076111,0,1997,2
"5354",313,1997,0.940388262271881,1,1997,2
"5355",313,1998,0.934418141841888,1,1997,2
"5356",313,1999,0.929855287075043,1,1997,2
"5357",313,2000,0.949178516864777,0,1997,2
"5358",313,2001,0.93250322341919,0,1997,2
"5359",313,2002,1.20854949951172,1,1997,2
"5360",313,2003,2.7502715587616,0,1997,2
"5361",313,2004,1.95908677577972,0,1997,2
"5362",313,2005,2.15726065635681,0,1997,2
"5363",313,2006,2.38274455070496,0,1997,2
"5364",313,2007,2.48364329338074,0,1997,2
"5365",313,2008,2.22592520713806,0,1997,2
"5366",313,2009,2.21855425834656,0,1997,2
"5367",313,2010,2.22217082977295,1,1997,2
"5368",313,2011,2.51041078567505,0,1997,2
"5369",313,2012,2.62346363067627,0,1997,2
"5370",314,1992,0.720640361309052,0,2010,3
"5371",314,1993,0.726274132728577,0,2010,3
"5372",314,1994,0.678878247737885,0,2010,3
"5373",314,1995,0.733038544654846,0,2010,3
"5374",314,1996,0.841210782527924,0,2010,3
"5375",314,1997,0.789194464683533,0,2010,3
"5376",314,1998,0.814029097557068,0,2010,3
"5377",314,1999,0.855666160583496,0,2010,3
"5378",314,2000,0.905289530754089,0,2010,3
"5379",314,2001,0.983826994895935,0,2010,3
"5380",314,2002,0.991640210151672,0,2010,3
"5381",314,2003,1.7702112197876,0,2010,3
"5382",314,2004,1.92821061611176,0,2010,3
"5383",314,2005,1.9503903388977,0,2010,3
"5384",314,2006,2.57233214378357,0,2010,3
"5385",314,2007,2.1330258846283,0,2010,3
"5386",314,2008,2.48104572296143,0,2010,3
"5387",314,2009,2.45673584938049,0,2010,3
"5388",314,2010,2.3160080909729,1,2010,3
"5389",314,2011,2.31705403327942,1,2010,3
"5390",314,2012,2.65468382835388,1,2010,3
"5391",315,1992,3.11922407150269,0,1997,2
"5393",315,1994,3.71252751350403,0,1997,2
"5394",315,1996,3.70042014122009,0,1997,2
"5395",315,1997,3.47488737106323,1,1997,2
"5396",315,1998,3.43382287025452,1,1997,2
"5397",315,1999,3.72250175476074,1,1997,2
"5398",315,2000,4.16322326660156,1,1997,2
"5399",315,2001,4.33551120758057,1,1997,2
"5400",315,2002,5.01336193084717,1,1997,2
"5401",315,2003,5.05461168289185,1,1997,2
"5402",315,2004,5.34884262084961,1,1997,2
"5403",315,2005,5.44863033294678,1,1997,2
"5404",315,2006,6.74611949920654,1,1997,2
"5405",315,2007,6.7442045211792,1,1997,2
"5406",315,2008,6.76005363464355,1,1997,2
"5407",315,2009,6.75327301025391,1,1997,2
"5408",315,2010,6.77489233016968,0,1997,2
"5409",315,2011,6.76723861694336,0,1997,2
"5410",315,2012,6.70677661895752,0,1997,2
"5411",316,1992,0.482826173305511,0,2010,3
"5412",316,1993,0.562932550907135,0,2010,3
"5413",316,1994,0.487739562988281,0,2010,3
"5415",316,1996,0.63245040178299,0,2010,3
"5416",316,1997,0.628992140293121,0,2010,3
"5417",316,1998,0.582799136638641,0,2010,3
"5418",316,1999,0.58050549030304,0,2010,3
"5419",316,2000,0.575934171676636,0,2010,3
"5420",316,2001,0.562343835830688,0,2010,3
"5421",316,2002,0.562343835830688,0,2010,3
"5422",316,2003,1.67896401882172,0,2010,3
"5423",316,2004,1.76744210720062,0,2010,3
"5424",316,2005,1.73367738723755,0,2010,3
"5425",316,2006,2.63622450828552,0,2010,3
"5426",316,2007,2.81559181213379,0,2010,3
"5427",316,2008,2.51467871665955,0,2010,3
"5428",316,2009,2.56579422950745,0,2010,3
"5429",316,2010,2.58644318580627,1,2010,3
"5430",316,2011,2.30365633964539,1,2010,3
"5431",316,2012,2.90524077415466,1,2010,3
"5432",317,1992,0.527492642402649,1,1992,1
"5433",317,1993,0.43610206246376,1,1992,1
"5434",317,1994,0.471337825059891,1,1992,1
"5435",317,1995,0.6011603474617,1,1992,1
"5436",317,1996,0.466373860836029,0,1992,1
"5437",317,1997,0.415515422821045,0,1992,1
"5438",317,1998,0.414198756217957,0,1992,1
"5439",317,1999,0.405465096235275,0,1992,1
"5440",317,2000,0.382516205310822,0,1992,1
"5441",317,2001,0.379901826381683,0,1992,1
"5442",317,2002,0.461515188217163,0,1992,1
"5443",317,2003,1.30971789360046,0,1992,1
"5444",317,2004,1.67919087409973,0,1992,1
"5445",317,2005,2.06559944152832,0,1992,1
"5446",317,2006,1.93429899215698,0,1992,1
"5447",317,2007,2.34572172164917,0,1992,1
"5448",317,2008,2.30258512496948,0,1992,1
"5449",317,2009,2.22324848175049,0,1992,1
"5450",317,2010,2.36419653892517,1,1992,1
"5451",317,2011,2.60034728050232,1,1992,1
"5452",317,2012,2.81084632873535,1,1992,1
"5453",318,1992,0.434262901544571,1,1992,1
"5454",318,1993,0.392287015914917,1,1992,1
"5455",318,1994,0.361647605895996,1,1992,1
"5456",318,1995,0.32158362865448,0,1992,1
"5457",318,1996,0.255620151758194,0,1992,1
"5458",318,1997,0.275986045598984,0,1992,1
"5459",318,1998,0.332342803478241,0,1992,1
"5460",318,1999,0.233380928635597,0,1992,1
"5461",318,2000,0.502480626106262,0,1992,1
"5462",318,2001,0.498860448598862,0,1992,1
"5463",318,2002,0.496119469404221,0,1992,1
"5464",318,2003,1.27221214771271,0,1992,1
"5465",318,2004,1.33549749851227,0,1992,1
"5466",318,2005,1.42454421520233,0,1992,1
"5467",318,2006,1.51412773132324,0,1992,1
"5468",318,2007,1.8588399887085,0,1992,1
"5469",318,2008,1.97100114822388,0,1992,1
"5470",318,2009,2.06674671173096,0,1992,1
"5471",318,2010,1.98219406604767,1,1992,1
"5472",318,2011,1.78095829486847,1,1992,1
"5473",318,2012,1.77115857601166,1,1992,1
"5474",319,1992,0.878458261489868,1,1992,1
"5475",319,1993,0.988907754421234,1,1992,1
"5476",319,1994,0.883805274963379,1,1992,1
"5477",319,1995,0.487295091152191,0,1992,1
"5478",319,1996,0.527048468589783,0,1992,1
"5479",319,1997,0.488615483045578,0,1992,1
"5480",319,1998,0.683779358863831,0,1992,1
"5481",319,1999,0.69431746006012,0,1992,1
"5482",319,2000,0.625545918941498,0,1992,1
"5483",319,2001,0.60066419839859,0,1992,1
"5484",319,2002,0.650782585144043,0,1992,1
"5485",319,2003,1.54826366901398,0,1992,1
"5486",319,2004,1.57818531990051,0,1992,1
"5487",319,2005,1.80828881263733,0,1992,1
"5488",319,2006,1.881800532341,0,1992,1
"5489",319,2007,2.14069843292236,0,1992,1
"5490",319,2008,2.38579726219177,0,1992,1
"5491",319,2009,2.41563415527344,0,1992,1
"5492",319,2010,2.62103891372681,1,1992,1
"5493",319,2011,2.11077857017517,1,1992,1
"5494",319,2012,2.76508784294128,1,1992,1
"5498",320,1995,0.168418675661087,0,NA,0
"5499",320,1996,0.480972647666931,0,NA,0
"5500",321,1997,2.64226245880127,0,2010,3
"5501",321,1998,3.03062748908997,0,2010,3
"5502",321,1999,3.29542756080627,0,2010,3
"5503",321,2000,3.36729574203491,0,2010,3
"5504",321,2001,4.25156259536743,0,2010,3
"5505",321,2002,4.60411691665649,0,2010,3
"5506",321,2003,4.66306066513062,0,2010,3
"5507",321,2004,4.76070785522461,0,2010,3
"5508",321,2005,5.11987400054932,0,2010,3
"5509",321,2006,6.48945474624634,0,2010,3
"5510",321,2007,6.51837968826294,0,2010,3
"5511",321,2008,6.50823736190796,0,2010,3
"5512",321,2009,6.48403882980347,0,2010,3
"5513",321,2010,6.53576707839966,1,2010,3
"5514",321,2011,6.28668642044067,1,2010,3
"5515",321,2012,6.02239322662354,1,2010,3
"5516",322,1992,0.0966837406158447,0,2011,3
"5517",322,1993,0.0812101289629936,0,2011,3
"5518",322,1994,0.34140744805336,0,2011,3
"5519",322,1995,0.463223934173584,0,2011,3
"5520",322,1996,0.6931471824646,0,2011,3
"5521",322,1997,0.70350992679596,0,2011,3
"5522",322,1998,0.660017907619476,0,2011,3
"5523",322,1999,0.968828082084656,0,2011,3
"5524",322,2000,0.970466434955597,0,2011,3
"5525",322,2001,1.00261890888214,0,2011,3
"5526",322,2002,1.06809675693512,0,2011,3
"5527",322,2003,1.8290388584137,0,2011,3
"5528",322,2004,1.88348782062531,0,2011,3
"5529",322,2005,2.58929586410522,0,2011,3
"5530",322,2006,2.55131721496582,0,2011,3
"5531",322,2007,2.65926003456116,0,2011,3
"5532",322,2008,2.64571070671082,0,2011,3
"5533",322,2009,2.62393426895142,0,2011,3
"5534",322,2010,2.54534792900085,0,2011,3
"5535",322,2011,1.84445106983185,1,2011,3
"5536",322,2012,2.7482750415802,1,2011,3
"5537",323,1992,3.33407020568848,0,1997,2
"5538",323,1993,3.75267028808594,0,1997,2
"5539",323,1994,3.82312798500061,0,1997,2
"5540",323,1995,3.70863509178162,0,1997,2
"5541",323,1996,3.61554932594299,0,1997,2
"5542",323,1997,3.31517148017883,1,1997,2
"5543",323,1998,3.80647325515747,1,1997,2
"5544",323,1999,3.59140682220459,1,1997,2
"5545",323,2000,4.13963651657104,1,1997,2
"5546",323,2001,4.61956787109375,1,1997,2
"5547",323,2002,4.88318681716919,1,1997,2
"5548",323,2003,5.20115756988525,1,1997,2
"5549",323,2004,5.56907844543457,1,1997,2
"5550",323,2005,5.69868850708008,1,1997,2
"5551",323,2006,6.82500123977661,1,1997,2
"5552",323,2007,6.84045457839966,1,1997,2
"5553",323,2008,6.71428775787354,1,1997,2
"5554",323,2009,6.75077056884766,1,1997,2
"5555",323,2010,6.71748733520508,0,1997,2
"5556",323,2011,6.7899580001831,0,1997,2
"5557",323,2012,6.79575967788696,0,1997,2
"5559",324,1993,0.523729026317596,1,1992,1
"5560",324,1994,0.685663461685181,1,1992,1
"5562",324,1996,0.584933578968048,0,1992,1
"5563",324,1997,0.560250520706177,0,1992,1
"5564",324,1998,0.581921517848969,0,1992,1
"5565",324,1999,0.544051289558411,0,1992,1
"5566",324,2000,0.539137244224548,0,1992,1
"5567",324,2001,0.572631120681763,0,1992,1
"5568",324,2002,0.574928462505341,0,1992,1
"5569",324,2003,1.28267443180084,0,1992,1
"5570",324,2004,0.284636646509171,0,1992,1
"5571",324,2005,1.38499927520752,0,1992,1
"5572",324,2006,1.38327515125275,0,1992,1
"5573",324,2007,1.76284801959991,0,1992,1
"5574",324,2008,1.70766115188599,0,1992,1
"5575",325,1992,3.46199607849121,0,1997,2
"5576",325,1993,3.83020877838135,0,1997,2
"5577",325,1994,3.9564208984375,0,1997,2
"5578",325,1995,3.73646783828735,0,1997,2
"5579",325,1996,3.69483232498169,0,1997,2
"5580",325,1997,3.59062790870667,1,1997,2
"5581",325,1998,3.65347361564636,1,1997,2
"5582",325,1999,3.88358759880066,1,1997,2
"5583",325,2000,4.14096784591675,1,1997,2
"5584",325,2001,4.65227460861206,1,1997,2
"5585",325,2002,4.99779748916626,1,1997,2
"5586",325,2003,5.05314207077026,1,1997,2
"5587",325,2004,5.62220001220703,1,1997,2
"5588",325,2005,5.77085065841675,1,1997,2
"5589",325,2006,6.78699350357056,1,1997,2
"5590",325,2007,6.81136226654053,1,1997,2
"5591",325,2008,6.70920705795288,1,1997,2
"5592",325,2009,6.77250337600708,1,1997,2
"5593",325,2010,6.75851202011108,0,1997,2
"5594",325,2011,6.83430099487305,0,1997,2
"5595",325,2012,6.79442453384399,0,1997,2
"5596",326,1992,0.458940774202347,0,NA,0
"5597",326,1993,0.891503989696503,0,NA,0
"5598",326,1994,0.936794698238373,0,NA,0
"5599",326,1995,0.960382401943207,0,NA,0
"5600",326,1996,0.917210340499878,0,NA,0
"5601",326,1997,0.944359600543976,0,NA,0
"5602",326,1998,1.00545430183411,0,NA,0
"5603",326,1999,1.02422142028809,0,NA,0
"5604",326,2000,1.02312886714935,0,NA,0
"5605",326,2001,1.04474949836731,0,NA,0
"5606",326,2002,1.06766748428345,0,NA,0
"5607",326,2003,1.79614412784576,0,NA,0
"5608",326,2004,1.82539939880371,0,NA,0
"5609",326,2005,4.36947154998779,0,NA,0
"5610",326,2006,4.40381193161011,0,NA,0
"5611",326,2007,4.44506740570068,0,NA,0
"5612",326,2008,4.6452808380127,0,NA,0
"5613",326,2009,4.69002676010132,0,NA,0
"5614",326,2010,3.05911803245544,0,NA,0
"5615",326,2011,2.57306933403015,0,NA,0
"5616",326,2012,2.70682168006897,0,NA,0
"5617",327,1992,1.20731174945831,0,NA,0
"5618",327,1993,1.31528329849243,0,NA,0
"5619",327,1994,1.43130779266357,0,NA,0
"5620",327,1995,1.26224172115326,0,NA,0
"5621",328,1992,1.05654108524323,0,1997,2
"5622",328,1993,1.11128211021423,0,1997,2
"5623",328,1994,1.10440516471863,0,1997,2
"5624",328,1995,1.11517727375031,0,1997,2
"5625",328,1996,1.07880961894989,0,1997,2
"5626",328,1997,1.06448435783386,1,1997,2
"5627",328,1998,1.11331844329834,1,1997,2
"5628",328,1999,1.14411604404449,1,1997,2
"5629",328,2000,1.42150139808655,1,1997,2
"5630",328,2001,2.48117518424988,1,1997,2
"5631",328,2002,3.12082958221436,1,1997,2
"5632",328,2003,3.6080002784729,1,1997,2
"5633",328,2004,3.78684449195862,1,1997,2
"5634",328,2005,3.8362672328949,1,1997,2
"5635",328,2006,3.82105112075806,1,1997,2
"5636",328,2007,3.43626236915588,1,1997,2
"5637",328,2008,2.91284465789795,1,1997,2
"5638",329,1992,0.760480284690857,1,1992,1
"5639",329,1993,0.780581474304199,1,1992,1
"5640",329,1994,0.765467882156372,1,1992,1
"5641",329,1995,0.731613457202911,0,1992,1
"5642",329,1996,0.808216512203217,0,1992,1
"5643",329,1997,0.911400735378265,0,1992,1
"5644",329,1998,0.872546195983887,0,1992,1
"5645",329,1999,0.798507750034332,0,1992,1
"5646",329,2000,0.793688476085663,0,1992,1
"5647",329,2001,0.776528775691986,0,1992,1
"5648",329,2002,0.795662701129913,0,1992,1
"5649",329,2003,1.88721191883087,0,1992,1
"5650",329,2004,1.64951610565186,0,1992,1
"5651",329,2005,1.66957271099091,0,1992,1
"5652",329,2006,1.94100856781006,0,1992,1
"5653",329,2007,2.60599112510681,0,1992,1
"5654",329,2008,2.43645429611206,0,1992,1
"5655",329,2009,2.45367527008057,0,1992,1
"5656",329,2010,2.43133997917175,1,1992,1
"5657",329,2011,2.17223453521729,1,1992,1
"5658",329,2012,3.05007934570312,1,1992,1
"5659",330,1992,3.1084315776825,0,NA,0
"5660",330,1993,3.76628589630127,0,NA,0
"5661",330,1994,3.76063966751099,0,NA,0
"5662",330,1995,3.56501936912537,0,NA,0
"5663",330,1996,3.39616870880127,0,NA,0
"5664",330,1997,3.33880996704102,0,NA,0
"5665",330,1998,3.54099416732788,0,NA,0
"5666",330,1999,4.05516529083252,0,NA,0
"5667",330,2000,4.32095670700073,0,NA,0
"5668",330,2001,4.80437421798706,0,NA,0
"5669",330,2002,5.13125705718994,0,NA,0
"5670",330,2003,5.37084341049194,0,NA,0
"5671",330,2004,5.47272777557373,0,NA,0
"5672",330,2005,5.36059045791626,0,NA,0
"5673",330,2006,6.59508275985718,0,NA,0
"5674",330,2007,6.58213376998901,0,NA,0
"5675",330,2008,6.58894634246826,0,NA,0
"5676",330,2009,6.66056966781616,0,NA,0
"5677",330,2010,6.66578769683838,0,NA,0
"5678",330,2011,6.69663667678833,0,NA,0
"5679",330,2012,6.55086040496826,0,NA,0
"5680",331,1992,0.0502412617206573,0,1997,2
"5681",331,1993,0.314710766077042,0,1997,2
"5682",331,1994,0.244197025895119,0,1997,2
"5683",331,1995,0.236696556210518,0,1997,2
"5684",331,1996,0.983250200748444,0,1997,2
"5685",331,1997,1.10505509376526,1,1997,2
"5686",331,1998,1.13578104972839,1,1997,2
"5687",331,1999,0.909253358840942,0,1997,2
"5688",331,2000,0.8570676445961,0,1997,2
"5689",331,2001,0.851097404956818,0,1997,2
"5690",331,2002,0.83624804019928,0,1997,2
"5691",331,2003,1.70296394824982,0,1997,2
"5692",331,2004,1.57350587844849,0,1997,2
"5693",331,2005,1.98885869979858,0,1997,2
"5694",331,2006,2.09295105934143,0,1997,2
"5695",331,2007,2.60919308662415,0,1997,2
"5696",331,2008,2.75280237197876,0,1997,2
"5697",331,2009,2.98014116287231,0,1997,2
"5698",331,2010,2.94828271865845,1,1997,2
"5699",331,2011,2.63574981689453,1,1997,2
"5700",331,2012,2.57262134552002,1,1997,2
"5701",332,1992,0.479168266057968,1,1992,1
"5702",332,1993,0.710334420204163,1,1992,1
"5703",332,1994,0.74398285150528,1,1992,1
"5704",332,1995,0.788872361183167,0,1992,1
"5705",332,1996,0.734151065349579,0,1992,1
"5706",332,1997,0.735972702503204,0,1992,1
"5707",332,1998,0.702156245708466,0,1992,1
"5708",332,1999,0.6931471824646,0,1992,1
"5709",332,2000,0.677810847759247,0,1992,1
"5710",332,2001,0.673255085945129,0,1992,1
"5711",332,2002,0.698447585105896,0,1992,1
"5712",332,2003,1.45955169200897,0,1992,1
"5713",332,2004,1.59646284580231,0,1992,1
"5714",332,2005,1.84668910503387,0,1992,1
"5715",332,2006,2.14828252792358,0,1992,1
"5716",332,2007,2.106032371521,0,1992,1
"5717",332,2008,2.0383722782135,0,1992,1
"5718",332,2009,2.17887902259827,0,1992,1
"5719",332,2010,2.11519408226013,1,1992,1
"5720",332,2011,2.07656645774841,1,1992,1
"5721",332,2012,2.02565431594849,1,1992,1
"5723",333,1993,3.75967836380005,0,1997,2
"5724",333,1994,3.85709547996521,0,1997,2
"5725",333,1995,3.71871590614319,0,1997,2
"5726",333,1996,3.57262229919434,0,1997,2
"5727",333,1997,3.49848389625549,1,1997,2
"5728",333,1998,3.60315847396851,1,1997,2
"5729",333,1999,3.80994653701782,0,1997,2
"5730",333,2000,4.10371685028076,0,1997,2
"5731",333,2001,4.64611291885376,0,1997,2
"5732",333,2002,5.05623149871826,0,1997,2
"5733",333,2003,5.49869585037231,1,1997,2
"5734",333,2004,5.54694366455078,1,1997,2
"5735",333,2005,5.58675527572632,1,1997,2
"5736",333,2006,6.60051727294922,1,1997,2
"5737",333,2007,6.67690181732178,0,1997,2
"5738",333,2008,6.5980281829834,0,1997,2
"5739",333,2009,6.65078401565552,0,1997,2
"5741",333,2011,6.6637396812439,0,1997,2
"5742",333,2012,6.73332691192627,0,1997,2
"5743",334,1992,1.06207859516144,0,2010,3
"5744",334,1993,0.959032356739044,0,2010,3
"5745",334,1994,1.16407525539398,0,2010,3
"5746",334,1995,1.0524228811264,0,2010,3
"5747",334,1996,1.07755887508392,0,2010,3
"5748",334,1997,1.06364369392395,0,2010,3
"5749",334,1998,1.17310619354248,0,2010,3
"5750",334,1999,1.18875169754028,0,2010,3
"5751",334,2000,1.14284551143646,0,2010,3
"5752",334,2001,1.15547847747803,0,2010,3
"5753",334,2002,1.07294452190399,0,2010,3
"5754",334,2003,1.96006560325623,0,2010,3
"5755",334,2004,2.80947732925415,0,2010,3
"5756",334,2005,2.88549447059631,0,2010,3
"5757",334,2006,2.93316268920898,0,2010,3
"5758",334,2007,2.94449257850647,0,2010,3
"5759",334,2008,2.81280827522278,0,2010,3
"5760",334,2009,2.74434661865234,0,2010,3
"5761",334,2010,2.97758650779724,1,2010,3
"5762",334,2011,2.56579256057739,1,2010,3
"5763",334,2012,2.94246077537537,1,2010,3
"5764",335,1992,0.497667551040649,0,NA,0
"5765",335,1993,0.490758061408997,0,NA,0
"5766",335,1994,0.54891562461853,0,NA,0
"5767",335,1995,0.595242977142334,0,NA,0
"5768",335,1996,0.588476538658142,0,NA,0
"5769",335,1997,0.617435336112976,0,NA,0
"5770",335,1998,0.613356709480286,0,NA,0
"5771",335,1999,0.613356709480286,0,NA,0
"5772",335,2000,0.585654079914093,0,NA,0
"5773",335,2001,0.629617273807526,0,NA,0
"5774",335,2002,0.656143963336945,0,NA,0
"5775",335,2003,1.6208428144455,0,NA,0
"5776",335,2004,1.71708989143372,0,NA,0
"5777",335,2005,1.74114274978638,0,NA,0
"5778",335,2006,1.74218606948853,0,NA,0
"5779",335,2007,2.02420544624329,0,NA,0
"5780",335,2008,1.94197058677673,0,NA,0
"5798",337,2009,6.44508123397827,0,2010,3
"5799",337,2010,6.51041793823242,1,2010,3
"5800",337,2011,6.5216646194458,1,2010,3
"5801",337,2012,6.50454235076904,1,2010,3
"5802",338,1992,0.689550042152405,0,1997,2
"5803",338,1993,0.938481688499451,0,1997,2
"5804",338,1994,0.867694079875946,0,1997,2
"5805",338,1995,1.03030931949615,0,1997,2
"5806",338,1996,1.03095364570618,0,1997,2
"5807",338,1997,1.07283270359039,1,1997,2
"5808",339,1998,3.66827940940857,1,1998,2
"5809",339,1999,3.49911594390869,1,1998,2
"5810",339,2000,4.91198348999023,1,1998,2
"5811",339,2001,5.10537576675415,1,1998,2
"5812",339,2002,5.15207862854004,1,1998,2
"5813",339,2003,5.07103300094604,0,1998,2
"5814",339,2004,5.30314302444458,0,1998,2
"5815",339,2005,5.41165351867676,0,1998,2
"5816",339,2006,6.71921968460083,0,1998,2
"5817",339,2007,6.87789869308472,0,1998,2
"5818",339,2008,6.72547101974487,1,1998,2
"5819",339,2009,6.94591045379639,1,1998,2
"5820",339,2010,6.9907636642456,0,1998,2
"5821",339,2011,6.91383504867554,0,1998,2
"5822",339,2012,6.83479881286621,0,1998,2
"5823",340,1992,2.92570233345032,0,2011,3
"5824",340,1993,3.28254508972168,0,2011,3
"5825",340,1994,3.38314270973206,0,2011,3
"5826",340,1995,3.34087324142456,0,2011,3
"5827",340,1996,3.27246356010437,0,2011,3
"5828",340,1997,3.26803946495056,0,2011,3
"5829",340,1998,3.42669916152954,0,2011,3
"5830",340,1999,3.81287312507629,0,2011,3
"5831",340,2000,3.71112513542175,0,2011,3
"5832",340,2001,4.32027292251587,0,2011,3
"5833",340,2002,4.65228462219238,0,2011,3
"5834",340,2003,4.81060266494751,0,2011,3
"5835",340,2004,4.99211931228638,0,2011,3
"5836",340,2005,5.11527395248413,0,2011,3
"5837",340,2006,6.5857081413269,0,2011,3
"5838",340,2007,6.6601996421814,0,2011,3
"5839",340,2008,6.641028881073,0,2011,3
"5840",340,2009,6.71098613739014,0,2011,3
"5841",340,2010,6.69228887557983,0,2011,3
"5842",340,2011,6.66742658615112,1,2011,3
"5843",340,2012,6.51048803329468,1,2011,3
"5844",341,1992,4.16170263290405,1,1992,1
"5845",341,1993,4.36728811264038,0,1992,1
"5846",341,1994,4.40378427505493,0,1992,1
"5847",341,1995,3.43499755859375,0,1992,1
"5848",341,1996,3.29347777366638,0,1992,1
"5849",341,1997,3.16079425811768,0,1992,1
"5850",341,1998,3.13983273506165,0,1992,1
"5851",341,1999,3.26540327072144,0,1992,1
"5852",341,2000,3.97243356704712,0,1992,1
"5853",341,2001,4.45896339416504,0,1992,1
"5854",341,2002,4.51414108276367,0,1992,1
"5855",341,2003,4.8565821647644,0,1992,1
"5856",341,2004,4.95420551300049,0,1992,1
"5857",341,2005,5.09091138839722,0,1992,1
"5858",341,2006,6.43386697769165,0,1992,1
"5859",341,2007,6.51552248001099,0,1992,1
"5860",341,2008,6.51523876190186,0,1992,1
"5861",341,2009,6.48478126525879,0,1992,1
"5862",341,2010,6.52102088928223,1,1992,1
"5863",341,2011,6.49887752532959,1,1992,1
"5864",341,2012,6.24847936630249,1,1992,1
"5866",342,1993,0.631662130355835,1,1992,1
"5867",342,1994,0.679290175437927,1,1992,1
"5868",342,1995,0.684014678001404,0,1992,1
"5869",342,1996,0.597837030887604,0,1992,1
"5870",342,1997,0.587786614894867,0,1992,1
"5871",342,1998,0.607787370681763,0,1992,1
"5872",342,1999,0.88979309797287,0,1992,1
"5873",342,2000,0.545611679553986,0,1992,1
"5874",342,2001,0.53010755777359,0,1992,1
"5875",342,2002,0.565916955471039,0,1992,1
"5876",342,2003,1.33173537254333,0,1992,1
"5877",342,2004,1.33173537254333,0,1992,1
"5878",342,2005,1.33639740943909,0,1992,1
"5879",342,2006,1.61120629310608,0,1992,1
"5880",342,2007,1.8819614648819,0,1992,1
"5881",342,2008,1.79725396633148,0,1992,1
"5882",343,1992,0.52827250957489,1,1992,1
"5883",343,1993,0.736835896968842,1,1992,1
"5884",343,1994,0.657716751098633,1,1992,1
"5885",343,1995,0.705825686454773,0,1992,1
"5886",343,1996,0.730604767799377,0,1992,1
"5887",343,1997,0.678735375404358,0,1992,1
"5888",343,1998,0.675560832023621,0,1992,1
"5889",343,1999,0.625963866710663,0,1992,1
"5890",343,2000,0.509254515171051,0,1992,1
"5891",343,2001,0.561179459095001,0,1992,1
"5892",343,2002,0.657716751098633,0,1992,1
"5893",343,2003,1.29058015346527,0,1992,1
"5894",343,2004,1.44881474971771,0,1992,1
"5895",343,2005,1.42808210849762,0,1992,1
"5896",343,2006,2.1215488910675,0,1992,1
"5897",343,2007,2.12748146057129,0,1992,1
"5898",343,2008,2.35607385635376,0,1992,1
"5899",343,2009,2.26777148246765,0,1992,1
"5900",343,2010,2.24868941307068,1,1992,1
"5901",343,2011,2.06278705596924,1,1992,1
"5902",343,2012,2.63162231445312,1,1992,1
"5903",344,1992,0.0176144782453775,0,2010,3
"5904",344,1993,0.0785622820258141,0,2010,3
"5905",344,1994,0.181248232722282,0,2010,3
"5906",344,1995,0.127356663346291,0,2010,3
"5907",344,1996,0.098242998123169,0,2010,3
"5908",344,1997,0.247836157679558,0,2010,3
"5909",344,1998,0.341012954711914,0,2010,3
"5910",344,1999,0.283041685819626,0,2010,3
"5911",344,2000,0.186995089054108,0,2010,3
"5912",344,2001,0.231217011809349,0,2010,3
"5913",344,2002,0.148923307657242,0,2010,3
"5914",344,2003,1.06352090835571,0,2010,3
"5915",344,2004,1.49812245368958,0,2010,3
"5916",344,2005,1.93925845623016,0,2010,3
"5917",344,2006,2.05754280090332,0,2010,3
"5918",344,2007,2.23313307762146,0,2010,3
"5919",344,2008,2.32109093666077,0,2010,3
"5920",344,2009,2.76307535171509,0,2010,3
"5921",344,2010,3.00359797477722,1,2010,3
"5922",344,2011,2.44789791107178,1,2010,3
"5923",344,2012,2.87692403793335,1,2010,3
"5924",345,1992,0.404556393623352,0,1997,2
"5925",345,1993,0.434912294149399,0,1997,2
"5926",345,1994,0.449525117874146,0,1997,2
"5927",345,1995,0.510825574398041,0,1997,2
"5928",345,1996,0.479888409376144,0,1997,2
"5929",345,1997,0.462429165840149,1,1997,2
"5930",345,1998,0.481317400932312,1,1997,2
"5931",345,1999,0.470619231462479,1,1997,2
"5932",345,2000,0.447958379983902,1,1997,2
"5933",345,2001,0.477550834417343,1,1997,2
"5934",345,2002,0.936736404895782,1,1997,2
"5935",345,2003,1.06169879436493,0,1997,2
"5936",345,2004,1.36859476566315,0,1997,2
"5937",345,2005,1.93446981906891,0,1997,2
"5938",345,2006,2.22018551826477,0,1997,2
"5939",345,2007,1.97034966945648,0,1997,2
"5940",345,2008,2.00597429275513,0,1997,2
"5941",345,2009,2.31457424163818,0,1997,2
"5942",345,2010,1.81099092960358,1,1997,2
"5943",345,2011,2.36523604393005,1,1997,2
"5944",345,2012,2.80442476272583,1,1997,2
"5945",346,1996,2.53079748153687,0,NA,0
"5946",346,1997,2.44284200668335,0,NA,0
"5947",346,1998,3.38828301429749,0,NA,0
"5948",346,1999,3.5623664855957,0,NA,0
"5949",346,2000,3.65015697479248,0,NA,0
"5950",346,2001,4.2420220375061,0,NA,0
"5951",346,2002,4.75507640838623,0,NA,0
"5952",346,2003,4.55657005310059,0,NA,0
"5953",346,2004,4.78040075302124,0,NA,0
"5954",346,2005,4.90120029449463,0,NA,0
"5955",346,2006,6.42973184585571,0,NA,0
"5956",346,2007,6.5190281867981,0,NA,0
"5957",346,2008,6.48064947128296,0,NA,0
"5958",346,2009,6.53764057159424,0,NA,0
"5959",346,2010,6.53916311264038,0,NA,0
"5960",346,2011,6.59242248535156,0,NA,0
"5961",346,2012,6.56298589706421,0,NA,0
"5962",347,1992,0.271933704614639,1,1992,1
"5963",347,1993,0.327503591775894,1,1992,1
"5964",347,1994,0.504435777664185,1,1992,1
"5965",347,1995,0.634113669395447,0,1992,1
"5966",347,1996,0.688159644603729,0,1992,1
"5967",347,1997,0.610032260417938,0,1992,1
"5968",347,1998,0.717390716075897,0,1992,1
"5969",347,1999,0.83422577381134,0,1992,1
"5970",347,2000,1.01182305812836,0,1992,1
"5971",347,2001,1.0873851776123,0,1992,1
"5972",347,2002,1.11265468597412,0,1992,1
"5973",347,2003,2.04178214073181,0,1992,1
"5974",347,2004,1.89048743247986,0,1992,1
"5975",347,2005,1.8103358745575,0,1992,1
"5976",347,2006,1.77956426143646,0,1992,1
"5977",347,2007,2.18480205535889,0,1992,1
"5978",347,2008,2.58214068412781,0,1992,1
"5979",347,2009,2.47083616256714,0,1992,1
"5980",347,2010,2.22801637649536,1,1992,1
"5981",347,2011,2.23956227302551,1,1992,1
"5982",347,2012,2.02165055274963,1,1992,1
"5983",348,1992,3.97559022903442,0,NA,0
"5984",348,1993,0.258170187473297,0,NA,0
"5985",348,1994,0.250294536352158,0,NA,0
"5986",348,1995,0.360298156738281,0,NA,0
"5987",348,1996,0.453667193651199,0,NA,0
"5988",348,1997,0.419086873531342,0,NA,0
"5989",349,1992,0.494444042444229,0,2010,3
"5990",349,1993,0.494444042444229,0,2010,3
"5991",349,1994,0.512301683425903,0,2010,3
"5992",349,1995,0.523728966712952,0,2010,3
"5993",349,1996,0.498086631298065,0,2010,3
"5994",349,1997,0.441832780838013,0,2010,3
"5995",349,1998,0.502386748790741,0,2010,3
"5997",349,2000,0.499866545200348,0,2010,3
"5998",349,2001,0.530866384506226,0,2010,3
"5999",349,2002,0.559242784976959,0,2010,3
"6000",349,2003,1.36315286159515,0,2010,3
"6001",349,2004,1.44042813777924,0,2010,3
"6002",349,2005,1.69359970092773,0,2010,3
"6003",349,2006,2.29776573181152,0,2010,3
"6004",349,2007,2.35683965682983,0,2010,3
"6005",349,2008,2.41314053535461,0,2010,3
"6006",349,2009,2.50666189193726,0,2010,3
"6007",349,2010,2.33212065696716,1,2010,3
"6008",349,2011,2.28094959259033,1,2010,3
"6009",349,2012,2.74669480323792,1,2010,3
"6010",350,1992,0.760909259319305,0,2010,3
"6011",350,1993,0.724191844463348,0,2010,3
"6012",350,1994,0.626517534255981,0,2010,3
"6013",350,1995,0.615659654140472,0,2010,3
"6014",350,1996,0.656007647514343,0,2010,3
"6015",350,1997,0.395959854125977,0,2010,3
"6016",350,1998,0.538313210010529,0,2010,3
"6017",350,1999,0.530149936676025,0,2010,3
"6018",350,2000,0.474991202354431,0,2010,3
"6019",350,2001,0.53217875957489,0,2010,3
"6020",350,2002,0.677630364894867,0,2010,3
"6021",350,2003,1.77507448196411,0,2010,3
"6022",350,2004,1.34373474121094,0,2010,3
"6023",350,2005,1.5127204656601,0,2010,3
"6024",350,2006,1.77126312255859,0,2010,3
"6025",350,2007,1.86228954792023,0,2010,3
"6026",350,2008,2.02746915817261,0,2010,3
"6027",350,2009,2.50740766525269,0,2010,3
"6028",350,2010,2.45348381996155,1,2010,3
"6029",350,2011,2.03402805328369,1,2010,3
"6030",350,2012,1.98912644386292,1,2010,3
"6031",351,1992,0.643617033958435,0,2011,3
"6032",351,1993,0.412587225437164,0,2011,3
"6033",351,1994,0.529854714870453,0,2011,3
"6034",351,1995,0.461432904005051,0,2011,3
"6035",351,1996,0.395780622959137,0,2011,3
"6036",351,1997,0.19286884367466,0,2011,3
"6037",351,1998,0.264045029878616,0,2011,3
"6038",351,1999,0.249244660139084,0,2011,3
"6039",351,2000,0.719415128231049,0,2011,3
"6040",351,2001,0.70432049036026,0,2011,3
"6041",351,2002,0.712334632873535,0,2011,3
"6042",351,2003,1.40419948101044,0,2011,3
"6043",351,2004,1.4240700006485,0,2011,3
"6044",351,2005,1.8087249994278,0,2011,3
"6045",351,2006,1.70793902873993,0,2011,3
"6046",351,2007,1.77641725540161,0,2011,3
"6047",351,2008,2.67572665214539,0,2011,3
"6048",351,2009,2.43873453140259,0,2011,3
"6049",351,2010,1.31277561187744,0,2011,3
"6050",351,2011,1.68189299106598,1,2011,3
"6051",351,2012,1.53436517715454,1,2011,3
"6052",352,1992,0.408974438905716,0,2010,3
"6053",352,1993,0.410193264484406,0,2010,3
"6054",352,1994,0.409933716058731,0,2010,3
"6055",352,1995,0.464443415403366,0,2010,3
"6056",352,1996,0.515598893165588,0,2010,3
"6057",352,1997,0.512721359729767,0,2010,3
"6058",352,1998,0.651655435562134,0,2010,3
"6059",352,1999,0.562025129795074,0,2010,3
"6060",352,2000,0.524657130241394,0,2010,3
"6061",352,2001,0.498016655445099,0,2010,3
"6062",352,2002,0.783143699169159,0,2010,3
"6063",352,2003,1.55903780460358,0,2010,3
"6064",352,2004,1.48553860187531,0,2010,3
"6065",352,2005,2.26765513420105,0,2010,3
"6066",352,2006,2.00875997543335,0,2010,3
"6067",352,2007,1.7992479801178,0,2010,3
"6068",352,2008,2.14340162277222,0,2010,3
"6069",352,2009,2.25991439819336,0,2010,3
"6070",352,2010,2.21587872505188,1,2010,3
"6071",352,2011,2.21260738372803,1,2010,3
"6072",352,2012,3.15759420394897,1,2010,3
"6073",353,1992,0.246132984757423,1,1992,1
"6074",353,1993,0.0727104172110558,1,1992,1
"6075",353,1994,0.168766751885414,1,1992,1
"6076",353,1995,0.167374953627586,0,1992,1
"6077",353,1996,0.16388788819313,0,1992,1
"6078",353,1997,0.188633635640144,0,1992,1
"6079",353,1998,0.13685916364193,0,1992,1
"6080",353,1999,0.0965609028935432,0,1992,1
"6081",353,2000,0.287102490663528,0,1992,1
"6082",353,2001,0.340654850006104,0,1992,1
"6083",353,2002,0.362905502319336,0,1992,1
"6084",353,2003,0.648411273956299,0,1992,1
"6085",353,2004,0.789902865886688,0,1992,1
"6086",353,2005,1.13506639003754,0,1992,1
"6087",353,2006,1.98472571372986,0,1992,1
"6088",353,2007,1.41212069988251,0,1992,1
"6089",353,2008,1.31573164463043,0,1992,1
"6090",353,2009,1.60165572166443,0,1992,1
"6091",353,2010,1.43193995952606,1,1992,1
"6092",353,2011,1.61507177352905,1,1992,1
"6093",353,2012,1.58203887939453,1,1992,1
"6094",354,1992,0.247121542692184,1,1992,1
"6095",354,1993,0.297251522541046,1,1992,1
"6096",354,1994,0.380359202623367,1,1992,1
"6097",354,1995,0.452655017375946,0,1992,1
"6098",354,1996,0.394055038690567,0,1992,1
"6099",354,1997,0.318747937679291,0,1992,1
"6100",354,1998,0.292885273694992,0,1992,1
"6101",354,1999,0.45861142873764,0,1992,1
"6102",354,2000,0.414573848247528,0,1992,1
"6103",354,2001,0.448933601379395,0,1992,1
"6104",354,2002,0.552021443843842,0,1992,1
"6105",354,2003,1.87306046485901,0,1992,1
"6106",354,2004,1.63933670520782,0,1992,1
"6107",354,2005,1.73048865795135,0,1992,1
"6108",354,2006,1.5793604850769,0,1992,1
"6109",354,2007,-1.04502809047699,0,1992,1
"6110",354,2008,2.35107946395874,0,1992,1
"6111",354,2009,2.37758278846741,0,1992,1
"6112",354,2010,1.99376714229584,1,1992,1
"6113",354,2011,2.23692297935486,1,1992,1
"6114",354,2012,2.40962362289429,1,1992,1
"6115",355,1992,0.438066303730011,1,1992,1
"6116",355,1993,0.47938883304596,1,1992,1
"6117",355,1994,0.335084348917007,1,1992,1
"6118",355,1995,0.502142488956451,0,1992,1
"6119",355,1996,0.533553898334503,0,1992,1
"6120",355,1997,0.55435186624527,1,1992,1
"6121",355,1998,0.514686584472656,1,1992,1
"6122",355,1999,0.501237750053406,0,1992,1
"6123",355,2000,0.483744591474533,0,1992,1
"6124",355,2001,0.509884476661682,0,1992,1
"6125",355,2002,1.21983873844147,0,1992,1
"6126",355,2003,1.97112441062927,0,1992,1
"6127",355,2004,2.01970386505127,0,1992,1
"6128",355,2005,2.06133604049683,0,1992,1
"6129",355,2006,2.34637403488159,0,1992,1
"6130",355,2007,2.38770437240601,0,1992,1
"6131",355,2008,2.26669836044312,0,1992,1
"6132",355,2009,2.35995173454285,0,1992,1
"6133",355,2010,2.05751442909241,1,1992,1
"6134",355,2011,2.05771946907043,1,1992,1
"6135",355,2012,2.10743927955627,1,1992,1
"6136",356,1992,0.505548536777496,0,NA,0
"6137",356,1993,0.538996517658234,0,NA,0
"6138",356,1994,0.70588618516922,0,NA,0
"6139",356,1995,0.779954314231873,0,NA,0
"6140",356,1996,0.825074732303619,0,NA,0
"6141",356,1997,0.869037866592407,0,NA,0
"6142",356,1998,0.79975688457489,0,NA,0
"6143",356,1999,0.797287464141846,0,NA,0
"6144",356,2000,0.740214645862579,0,NA,0
"6145",356,2001,0.777963161468506,0,NA,0
"6146",356,2002,0.834663271903992,0,NA,0
"6147",356,2003,1.6192901134491,0,NA,0
"6148",356,2004,1.72170519828796,0,NA,0
"6149",356,2005,1.74719762802124,0,NA,0
"6150",356,2006,2.02292227745056,0,NA,0
"6151",356,2007,1.98206067085266,0,NA,0
"6152",356,2008,1.95230638980865,0,NA,0
"6153",357,1992,0.635149776935577,0,2011,3
"6154",357,1993,0.87228798866272,0,2011,3
"6155",357,1994,0.74357807636261,0,2011,3
"6156",357,1995,0.627709805965424,0,2011,3
"6157",357,1996,0.627709805965424,0,2011,3
"6158",357,1997,0.61432272195816,0,2011,3
"6159",357,1998,0.677777707576752,0,2011,3
"6160",357,1999,0.832080841064453,0,2011,3
"6161",357,2000,0.832080841064453,0,2011,3
"6162",357,2001,0.848970532417297,0,2011,3
"6163",357,2002,0.862223505973816,0,2011,3
"6164",357,2003,0.893516838550568,0,2011,3
"6165",357,2004,1.64712917804718,0,2011,3
"6166",357,2005,1.69324326515198,0,2011,3
"6167",357,2006,1.98946511745453,0,2011,3
"6168",357,2007,1.94481480121613,0,2011,3
"6169",357,2008,1.56291794776917,0,2011,3
"6170",357,2009,2.33562016487122,0,2011,3
"6171",357,2010,2.33665466308594,0,2011,3
"6172",357,2011,2.15545058250427,1,2011,3
"6173",357,2012,2.11672639846802,1,2011,3
"6174",358,1992,0.393488883972168,1,1992,1
"6175",358,1993,0.333144396543503,1,1992,1
"6176",358,1994,0.384714156389236,1,1992,1
"6177",358,1995,0.416462898254395,1,1992,1
"6178",358,1996,0.351924359798431,1,1992,1
"6179",358,1997,0.347196221351624,0,1992,1
"6180",358,1998,0.389464735984802,0,1992,1
"6181",358,1999,0.37396651506424,0,1992,1
"6182",358,2000,0.563094019889832,0,1992,1
"6183",358,2001,0.563094019889832,0,1992,1
"6184",358,2002,0.803350389003754,0,1992,1
"6185",358,2003,1.39334487915039,0,1992,1
"6186",358,2004,1.53191006183624,0,1992,1
"6187",358,2005,1.45718121528625,0,1992,1
"6188",358,2006,1.48951578140259,0,1992,1
"6189",358,2007,2.25194120407104,0,1992,1
"6190",358,2008,2.06013441085815,0,1992,1
"6191",358,2009,2.09530735015869,0,1992,1
"6192",358,2010,2.16582608222961,1,1992,1
"6193",358,2011,1.86752355098724,1,1992,1
"6194",358,2012,1.86760807037354,1,1992,1
"6195",359,1992,3.24957370758057,0,1997,2
"6196",359,1993,3.57966184616089,0,1997,2
"6197",359,1994,3.72238802909851,0,1997,2
"6198",359,1995,3.65978479385376,0,1997,2
"6199",359,1996,3.55097651481628,0,1997,2
"6200",359,1997,3.54846954345703,1,1997,2
"6201",359,1998,3.61649465560913,1,1997,2
"6202",359,1999,3.73815989494324,1,1997,2
"6203",359,2000,4.22104740142822,1,1997,2
"6204",359,2001,4.73436212539673,1,1997,2
"6205",359,2002,4.92572689056396,1,1997,2
"6206",359,2003,4.66073131561279,1,1997,2
"6207",359,2004,5.15690135955811,1,1997,2
"6208",359,2005,5.44252729415894,1,1997,2
"6209",359,2006,6.75004148483276,1,1997,2
"6210",359,2007,6.76621150970459,1,1997,2
"6211",359,2008,6.72682857513428,1,1997,2
"6212",359,2009,6.75244855880737,1,1997,2
"6213",359,2010,6.75318241119385,0,1997,2
"6214",359,2011,6.7989182472229,0,1997,2
"6215",359,2012,6.80201148986816,0,1997,2
"6219",361,1992,1.16302692890167,0,NA,0
"6220",361,1993,1.23573708534241,0,NA,0
"6221",361,1994,1.2863392829895,0,NA,0
"6222",361,1995,1.23840951919556,0,NA,0
"6223",361,1996,1.19617176055908,0,NA,0
"6224",362,1997,3.28896522521973,1,1997,2
"6225",362,1998,3.33110117912292,1,1997,2
"6226",362,1999,3.55759143829346,1,1997,2
"6227",362,2000,4.08487319946289,0,1997,2
"6228",362,2001,4.55807065963745,0,1997,2
"6229",362,2002,4.83538055419922,0,1997,2
"6230",362,2003,5.1564793586731,0,1997,2
"6231",362,2004,5.448073387146,0,1997,2
"6232",362,2005,5.44960927963257,0,1997,2
"6233",362,2006,6.58933448791504,0,1997,2
"6234",362,2007,6.62053346633911,0,1997,2
"6235",362,2008,6.58524751663208,0,1997,2
"6236",362,2009,6.57340097427368,0,1997,2
"6237",362,2010,6.58039903640747,1,1997,2
"6238",362,2011,6.56919050216675,1,1997,2
"6239",362,2012,6.60749006271362,1,1997,2
"6240",363,1992,1.33540987968445,0,NA,0
"6241",363,1993,1.21703708171844,0,NA,0
"6242",363,1994,1.26847338676453,0,NA,0
"6243",363,1995,1.15941250324249,0,NA,0
"6244",363,1996,1.17411983013153,0,NA,0
"6245",363,1997,1.2858966588974,0,NA,0
"6246",364,1998,3.2749457359314,0,2010,3
"6247",364,1999,3.44976139068604,0,2010,3
"6248",364,2000,3.61566710472107,0,2010,3
"6249",364,2001,4.23513984680176,0,2010,3
"6250",364,2002,4.5674409866333,0,2010,3
"6251",364,2003,4.92199039459229,0,2010,3
"6252",364,2004,5.00528764724731,0,2010,3
"6253",364,2005,5.17913055419922,0,2010,3
"6254",364,2006,6.55915641784668,0,2010,3
"6255",364,2007,6.6201491355896,0,2010,3
"6256",364,2008,6.71863412857056,0,2010,3
"6257",364,2009,6.73511981964111,0,2010,3
"6258",364,2010,6.73962116241455,1,2010,3
"6259",364,2011,6.66990280151367,1,2010,3
"6260",364,2012,6.49263381958008,1,2010,3
"6261",365,1992,3.75088572502136,0,1997,2
"6262",365,1993,3.90198183059692,0,1997,2
"6263",365,1994,4.05380964279175,0,1997,2
"6264",365,1995,3.7584388256073,0,1997,2
"6265",365,1996,3.58460998535156,0,1997,2
"6266",365,1997,3.71504282951355,1,1997,2
"6267",365,1998,4.03020238876343,1,1997,2
"6268",365,1999,4.27676010131836,1,1997,2
"6269",365,2000,5.0138669013977,1,1997,2
"6270",365,2001,5.40166854858398,1,1997,2
"6271",365,2002,5.67383146286011,0,1997,2
"6272",365,2003,5.48331785202026,0,1997,2
"6273",365,2004,5.63025093078613,0,1997,2
"6274",365,2005,5.65802335739136,0,1997,2
"6275",365,2006,6.84230756759644,0,1997,2
"6276",365,2007,6.83623313903809,0,1997,2
"6277",365,2008,6.7234673500061,0,1997,2
"6278",365,2009,6.79293155670166,0,1997,2
"6279",365,2010,6.74785232543945,0,1997,2
"6280",365,2011,6.76137638092041,0,1997,2
"6281",365,2012,6.76737928390503,0,1997,2
"6282",366,1992,0.261929571628571,1,1992,1
"6283",366,1993,0.390539407730103,1,1992,1
"6284",366,1994,0.423120111227036,1,1992,1
"6285",366,1995,0.431328594684601,1,1992,1
"6286",366,1996,0.852868914604187,1,1992,1
"6287",366,1997,0.588283658027649,0,1992,1
"6288",366,1998,0.64267772436142,0,1992,1
"6289",366,1999,0.726299405097961,0,1992,1
"6290",366,2000,0.68741649389267,0,1992,1
"6291",366,2001,0.726858198642731,0,1992,1
"6292",366,2002,0.746682703495026,0,1992,1
"6293",366,2003,1.38739383220673,0,1992,1
"6294",366,2004,1.84740972518921,0,1992,1
"6295",366,2005,2.1710946559906,0,1992,1
"6296",366,2006,2.43226289749146,0,1992,1
"6297",366,2007,2.16173672676086,0,1992,1
"6298",366,2008,2.32444381713867,0,1992,1
"6299",366,2009,2.57864880561829,0,1992,1
"6300",366,2010,2.42910170555115,1,1992,1
"6301",366,2011,2.36028337478638,1,1992,1
"6302",366,2012,2.43931984901428,1,1992,1
"6303",367,1992,0.575652837753296,0,NA,0
"6304",367,1993,0.690806150436401,0,NA,0
"6305",367,1994,0.594301342964172,0,NA,0
"6306",367,1995,0.545193254947662,0,NA,0
"6307",367,1996,0.549687683582306,0,NA,0
"6308",367,1997,0.497793644666672,0,NA,0
"6309",367,1998,0.500798523426056,0,NA,0
"6310",367,1999,0.428133904933929,0,NA,0
"6311",367,2000,0.307129204273224,0,NA,0
"6312",367,2001,0.263694643974304,0,NA,0
"6313",367,2002,0.303130507469177,0,NA,0
"6314",367,2003,0.961007595062256,0,NA,0
"6315",367,2004,1.91562151908875,0,NA,0
"6316",367,2005,1.88946890830994,0,NA,0
"6317",367,2006,2.23723316192627,0,NA,0
"6318",367,2007,2.05572509765625,0,NA,0
"6319",367,2008,1.6714962720871,0,NA,0
"6320",367,2009,1.66314697265625,0,NA,0
"6321",367,2010,1.58137381076813,0,NA,0
"6322",367,2011,1.66473197937012,0,NA,0
"6323",367,2012,2.59368348121643,0,NA,0
"6324",368,1992,0.472673863172531,0,1997,2
"6325",368,1993,0.752139925956726,0,1997,2
"6326",368,1994,0.52560943365097,0,1997,2
"6327",368,1995,0.586603939533234,0,1997,2
"6328",368,1996,0.597837030887604,0,1997,2
"6329",368,1997,0.583865821361542,1,1997,2
"6330",368,1998,0.581065118312836,1,1997,2
"6332",368,2000,0.544111609458923,0,1997,2
"6333",368,2001,0.542252421379089,0,1997,2
"6334",368,2002,0.503649771213531,0,1997,2
"6335",368,2003,1.29928302764893,0,1997,2
"6336",368,2004,1.58902895450592,0,1997,2
"6337",368,2005,2.1251003742218,0,1997,2
"6338",368,2006,2.19334745407104,0,1997,2
"6339",368,2007,2.16213321685791,0,1997,2
"6340",368,2008,2.15479302406311,0,1997,2
"6341",368,2009,2.21424770355225,0,1997,2
"6342",368,2010,2.20331335067749,1,1997,2
"6343",368,2011,2.10212898254395,1,1997,2
"6344",368,2012,1.97620534896851,1,1997,2
"6345",369,1992,3.05110883712769,0,1997,2
"6346",369,1993,3.06284284591675,0,1997,2
"6347",369,1994,3.62658643722534,0,1997,2
"6348",369,1995,3.53208947181702,0,1997,2
"6349",369,1996,3.44126772880554,0,1997,2
"6350",369,1997,3.37091207504272,1,1997,2
"6351",369,1998,3.50817227363586,1,1997,2
"6352",369,1999,3.62058281898499,1,1997,2
"6353",369,2000,3.85116028785706,1,1997,2
"6354",369,2001,4.27170085906982,1,1997,2
"6355",369,2002,4.6445198059082,1,1997,2
"6356",369,2003,4.80185842514038,1,1997,2
"6357",369,2004,5.22153282165527,0,1997,2
"6358",369,2005,5.51769590377808,0,1997,2
"6359",369,2006,6.67585802078247,0,1997,2
"6360",369,2007,6.69571924209595,0,1997,2
"6361",369,2008,6.65937328338623,0,1997,2
"6362",369,2009,6.72173118591309,0,1997,2
"6363",369,2010,6.68896865844727,0,1997,2
"6364",369,2011,6.64629507064819,0,1997,2
"6365",369,2012,6.61242294311523,0,1997,2
"6366",370,1992,0.478371888399124,0,1997,2
"6367",370,1993,0.52262020111084,0,1997,2
"6368",370,1994,0.500775277614594,0,1997,2
"6369",370,1995,0.364871680736542,0,1997,2
"6370",370,1996,0.343473434448242,0,1997,2
"6371",370,1997,0.346870929002762,1,1997,2
"6372",370,1998,0.341107219457626,1,1997,2
"6373",370,1999,0.364643156528473,0,1997,2
"6374",370,2000,0.300631016492844,0,1997,2
"6375",370,2001,0.366138786077499,0,1997,2
"6376",370,2002,0.387878745794296,0,1997,2
"6377",370,2003,1.50931084156036,0,1997,2
"6378",370,2004,1.97977221012115,0,1997,2
"6379",370,2005,1.94182014465332,0,1997,2
"6380",370,2006,1.70065808296204,0,1997,2
"6381",370,2007,2.43145346641541,0,1997,2
"6382",370,2008,1.74539363384247,0,1997,2
"6383",370,2009,1.84029352664948,0,1997,2
"6384",370,2010,2.40102529525757,1,1997,2
"6385",370,2011,1.98443007469177,1,1997,2
"6386",370,2012,2.30099654197693,1,1997,2
"6387",371,1992,4.08881092071533,0,1997,2
"6388",371,1993,4.25429725646973,0,1997,2
"6389",371,1994,4.29603910446167,0,1997,2
"6390",371,1995,3.29002332687378,0,1997,2
"6391",371,1996,3.1478214263916,0,1997,2
"6392",371,1997,3.1672215461731,1,1997,2
"6393",371,1998,3.29087281227112,1,1997,2
"6394",371,1999,3.4256021976471,1,1997,2
"6395",371,2000,3.73988199234009,1,1997,2
"6396",371,2001,4.28691625595093,1,1997,2
"6397",371,2002,4.56027793884277,1,1997,2
"6398",371,2003,4.55341386795044,1,1997,2
"6399",371,2004,4.85052061080933,1,1997,2
"6400",371,2005,4.90178871154785,1,1997,2
"6401",371,2006,6.44091510772705,1,1997,2
"6402",371,2007,6.4968376159668,1,1997,2
"6403",371,2008,6.45289707183838,1,1997,2
"6404",371,2009,6.51440954208374,0,1997,2
"6405",371,2010,6.53626298904419,1,1997,2
"6406",371,2011,6.55129051208496,1,1997,2
"6407",371,2012,6.48948001861572,1,1997,2
"6408",372,1992,0.264334738254547,0,2010,3
"6409",372,1993,0.211558416485786,0,2010,3
"6410",372,1994,0.123004943132401,0,2010,3
"6411",372,1995,0.0831726416945457,0,2010,3
"6412",372,1996,0.128254354000092,0,2010,3
"6413",372,1997,0.166729390621185,0,2010,3
"6414",372,1998,0.264643281698227,0,2010,3
"6415",372,1999,0.266059577465057,0,2010,3
"6416",372,2000,0.304489225149155,0,2010,3
"6417",372,2001,0.655406892299652,0,2010,3
"6418",372,2002,0.97157609462738,0,2010,3
"6419",372,2003,1.56064772605896,0,2010,3
"6420",372,2004,1.55619335174561,0,2010,3
"6421",372,2005,1.52957046031952,0,2010,3
"6422",372,2006,1.69944310188293,0,2010,3
"6423",372,2007,2.2844512462616,0,2010,3
"6424",372,2008,2.25200939178467,0,2010,3
"6425",372,2009,2.37826418876648,0,2010,3
"6426",372,2010,2.39646625518799,1,2010,3
"6427",372,2011,1.80494952201843,0,2010,3
"6428",372,2012,2.3436586856842,0,2010,3
"6429",373,1992,0.887383043766022,0,1997,2
"6430",373,1993,1.22111237049103,0,1997,2
"6431",373,1994,1.13996183872223,0,1997,2
"6432",373,1995,1.11995923519135,0,1997,2
"6433",373,1996,1.06480133533478,0,1997,2
"6434",373,1997,1.09598422050476,1,1997,2
"6435",373,1998,1.05695796012878,1,1997,2
"6436",373,1999,1.01856958866119,1,1997,2
"6437",373,2000,1.01856958866119,1,1997,2
"6438",373,2001,1.13363134860992,1,1997,2
"6439",373,2002,1.11300098896027,1,1997,2
"6440",373,2003,2.20664811134338,1,1997,2
"6441",373,2004,1.83032047748566,1,1997,2
"6442",373,2005,2.10023999214172,1,1997,2
"6443",373,2006,1.93789231777191,1,1997,2
"6444",373,2007,5.36062955856323,1,1997,2
"6445",373,2008,5.35946607589722,1,1997,2
"6446",373,2009,2.47880077362061,1,1997,2
"6447",373,2010,2.79422783851624,0,1997,2
"6448",373,2011,2.40794563293457,0,1997,2
"6449",373,2012,2.35845232009888,0,1997,2
"6455",375,1992,3.01887035369873,0,NA,0
"6456",375,1993,3.46618795394897,0,NA,0
"6457",375,1994,3.48063206672668,0,NA,0
"6458",375,1995,3.42448854446411,0,NA,0
"6459",375,1996,3.37840461730957,0,NA,0
"6460",375,1997,3.25430417060852,0,NA,0
"6461",375,1998,3.35529685020447,0,NA,0
"6462",375,1999,3.60973811149597,0,NA,0
"6463",375,2000,3.90485453605652,0,NA,0
"6464",375,2001,4.166916847229,0,NA,0
"6465",375,2002,4.59083604812622,0,NA,0
"6466",375,2003,4.51978969573975,0,NA,0
"6467",375,2004,4.81499528884888,0,NA,0
"6468",375,2005,4.95627641677856,0,NA,0
"6469",375,2006,6.46108913421631,0,NA,0
"6470",375,2007,6.49252700805664,0,NA,0
"6471",375,2008,6.4495677947998,0,NA,0
"6472",375,2009,6.49661016464233,0,NA,0
"6473",375,2010,6.52049016952515,0,NA,0
"6474",375,2011,6.6055064201355,0,NA,0
"6475",375,2012,6.52042770385742,0,NA,0
"6479",376,1995,1.07654988765717,0,NA,0
"6480",377,1996,3.34185791015625,0,1997,2
"6481",377,1997,3.37519240379333,1,1997,2
"6482",377,1998,3.41164135932922,1,1997,2
"6483",377,1999,3.65070199966431,1,1997,2
"6484",377,2000,3.98093366622925,1,1997,2
"6485",377,2001,4.74527454376221,1,1997,2
"6486",377,2002,5.04082822799683,1,1997,2
"6487",377,2003,5.15653944015503,1,1997,2
"6488",377,2004,5.44221019744873,1,1997,2
"6489",377,2005,5.40387105941772,0,1997,2
"6490",377,2006,6.63309240341187,0,1997,2
"6491",377,2007,6.69539642333984,0,1997,2
"6492",377,2008,6.58554029464722,0,1997,2
"6493",377,2009,6.66409492492676,0,1997,2
"6494",377,2010,6.66150951385498,0,1997,2
"6495",377,2011,6.66965198516846,0,1997,2
"6496",377,2012,6.65111112594604,0,1997,2
"6497",379,1997,2.97727751731873,1,1997,2
"6498",379,1998,3.56239867210388,1,1997,2
"6499",379,1999,3.74138641357422,1,1997,2
"6500",379,2000,3.96785068511963,1,1997,2
"6501",379,2001,4.52656173706055,1,1997,2
"6502",379,2002,4.90990495681763,0,1997,2
"6503",379,2003,5.09773921966553,1,1997,2
"6504",379,2004,5.20273447036743,1,1997,2
"6505",379,2005,5.23431634902954,1,1997,2
"6506",379,2006,6.57291173934937,0,1997,2
"6507",379,2007,6.69209432601929,0,1997,2
"6508",379,2008,6.60864686965942,0,1997,2
"6509",379,2009,6.67995643615723,0,1997,2
"6510",379,2010,6.7355809211731,0,1997,2
"6511",379,2011,6.71557855606079,0,1997,2
"6512",379,2012,6.73050212860107,0,1997,2
"6513",380,1992,0.489852488040924,1,1992,1
"6514",380,1993,0.411734730005264,1,1992,1
"6515",380,1994,0.47859537601471,0,1992,1
"6517",380,1996,0.557262539863586,0,1992,1
"6518",380,1997,0.520731151103973,0,1992,1
"6519",380,1998,0.533774614334106,0,1992,1
"6520",380,1999,0.55072683095932,0,1992,1
"6521",380,2000,0.555997371673584,0,1992,1
"6522",380,2001,0.775132894515991,0,1992,1
"6523",380,2002,0.996067225933075,0,1992,1
"6524",380,2003,1.76294779777527,0,1992,1
"6525",380,2004,1.79822254180908,0,1992,1
"6526",380,2005,1.87121176719666,0,1992,1
"6527",380,2006,2.25340938568115,0,1992,1
"6528",380,2007,2.32255244255066,0,1992,1
"6529",380,2008,2.54641389846802,0,1992,1
"6530",380,2009,2.41866898536682,0,1992,1
"6531",380,2010,2.57756042480469,1,1992,1
"6532",380,2011,2.0813319683075,1,1992,1
"6533",380,2012,2.62940716743469,1,1992,1
"6534",381,1992,0.426944136619568,0,2010,3
"6535",381,1993,0.363408982753754,0,2010,3
"6536",381,1994,0.613104462623596,0,2010,3
"6537",381,1995,0.64554226398468,0,2010,3
"6538",381,1996,0.589261412620544,0,2010,3
"6539",381,1997,0.555479943752289,0,2010,3
"6540",381,1998,0.580558955669403,0,2010,3
"6541",381,1999,0.57501882314682,0,2010,3
"6542",381,2000,0.571342289447784,0,2010,3
"6543",381,2001,0.547650575637817,0,2010,3
"6544",381,2002,0.993522047996521,0,2010,3
"6545",381,2003,1.66995465755463,0,2010,3
"6546",381,2004,1.6002551317215,0,2010,3
"6547",381,2005,1.81177830696106,0,2010,3
"6548",381,2006,1.6941134929657,0,2010,3
"6549",381,2007,1.95201563835144,0,2010,3
"6550",381,2008,2.05014514923096,0,2010,3
"6551",381,2009,4.13129281997681,0,2010,3
"6552",381,2010,2.07650136947632,1,2010,3
"6553",381,2011,2.39371347427368,0,2010,3
"6554",381,2012,2.61916518211365,0,2010,3
"6555",382,1992,3.9696524143219,1,1992,1
"6556",382,1993,4.17627334594727,0,1992,1
"6557",382,1994,4.25156497955322,0,1992,1
"6558",382,1995,2.99300336837769,0,1992,1
"6559",382,1996,3.10280466079712,0,1992,1
"6560",382,1997,3.03485679626465,0,1992,1
"6561",382,1998,3.2881076335907,0,1992,1
"6562",382,1999,3.2498779296875,0,1992,1
"6563",382,2000,3.64964985847473,0,1992,1
"6564",382,2001,4.31485748291016,0,1992,1
"6565",382,2002,4.60550880432129,0,1992,1
"6566",382,2003,4.54051351547241,0,1992,1
"6567",382,2004,4.96454954147339,0,1992,1
"6568",382,2005,5.02920770645142,0,1992,1
"6569",382,2006,6.41026973724365,0,1992,1
"6570",382,2007,6.44189453125,0,1992,1
"6571",382,2008,6.4084963798523,0,1992,1
"6572",382,2009,6.43292713165283,0,1992,1
"6573",382,2010,6.48386144638062,1,1992,1
"6574",382,2011,6.56267738342285,1,1992,1
"6575",382,2012,6.39219522476196,1,1992,1
"6576",383,1992,0.636451780796051,1,1992,1
"6577",383,1993,0.554677486419678,1,1992,1
"6578",383,1994,0.684097349643707,1,1992,1
"6579",383,1995,0.752718150615692,0,1992,1
"6580",383,1996,0.791745185852051,0,1992,1
"6581",383,1997,0.813681304454803,0,1992,1
"6582",383,1998,0.814508020877838,0,1992,1
"6583",383,1999,0.778903186321259,0,1992,1
"6584",383,2000,0.679564595222473,0,1992,1
"6585",383,2001,0.695639967918396,0,1992,1
"6586",383,2002,0.689952254295349,0,1992,1
"6587",383,2003,1.73885893821716,0,1992,1
"6588",383,2004,1.82701051235199,0,1992,1
"6589",383,2005,2.17360520362854,0,1992,1
"6590",383,2006,2.34250903129578,0,1992,1
"6591",383,2007,2.20580434799194,0,1992,1
"6592",383,2008,2.486656665802,0,1992,1
"6593",383,2009,2.68033862113953,0,1992,1
"6594",383,2010,2.09052634239197,1,1992,1
"6595",383,2011,1.97796821594238,1,1992,1
"6596",383,2012,2.41220045089722,1,1992,1
"6597",384,1992,3.2031819820404,0,1997,2
"6598",384,1993,3.57093834877014,0,1997,2
"6599",384,1994,3.83735728263855,0,1997,2
"6600",384,1995,3.47761964797974,0,1997,2
"6601",384,1996,3.45847392082214,0,1997,2
"6602",384,1997,3.4471070766449,1,1997,2
"6603",384,1998,3.50298380851746,1,1997,2
"6604",384,1999,3.67763900756836,1,1997,2
"6605",384,2000,4.03159523010254,1,1997,2
"6606",384,2001,4.63736867904663,1,1997,2
"6607",384,2002,4.87561702728271,1,1997,2
"6608",384,2003,5.25427341461182,1,1997,2
"6609",384,2004,5.38707304000854,1,1997,2
"6610",384,2005,5.484787940979,1,1997,2
"6611",384,2006,6.68269777297974,1,1997,2
"6612",384,2007,6.71400880813599,1,1997,2
"6613",384,2008,6.67077350616455,1,1997,2
"6614",384,2009,6.68537425994873,1,1997,2
"6615",384,2010,6.6343035697937,0,1997,2
"6616",384,2011,6.66854429244995,0,1997,2
"6617",384,2012,6.57525062561035,0,1997,2
"6618",385,1992,3.88535523414612,1,1992,1
"6619",385,1993,4.08849048614502,0,1992,1
"6620",385,1994,4.1975998878479,0,1992,1
"6621",385,1995,3.20490097999573,0,1992,1
"6622",385,1996,3.01864504814148,0,1992,1
"6623",385,1997,2.94380474090576,0,1992,1
"6624",385,1998,3.10152721405029,0,1992,1
"6625",385,1999,3.44478917121887,0,1992,1
"6626",385,2000,3.66689419746399,0,1992,1
"6627",385,2001,4.03699922561646,0,1992,1
"6628",385,2002,4.58164405822754,0,1992,1
"6629",385,2003,4.49618530273438,0,1992,1
"6630",385,2004,4.82458925247192,0,1992,1
"6631",385,2005,4.74787664413452,0,1992,1
"6632",385,2006,6.36357879638672,0,1992,1
"6633",385,2007,6.43383646011353,0,1992,1
"6634",385,2008,6.40662574768066,0,1992,1
"6635",385,2009,6.49925136566162,0,1992,1
"6636",385,2010,6.48370265960693,1,1992,1
"6637",385,2011,6.58311414718628,1,1992,1
"6638",385,2012,6.4745512008667,1,1992,1
"6639",386,1992,0.0992065966129303,1,1992,1
"6640",386,1993,0.311418414115906,1,1992,1
"6641",386,1994,0.062370341271162,1,1992,1
"6642",386,1995,0.255814284086227,1,1992,1
"6643",386,1996,0.248461306095123,1,1992,1
"6644",386,1997,0.264890849590302,0,1992,1
"6645",386,1998,0.261243402957916,0,1992,1
"6646",386,1999,0.247982233762741,0,1992,1
"6647",386,2000,0.243203237652779,0,1992,1
"6648",386,2001,0.219644993543625,0,1992,1
"6649",386,2002,0.216158732771873,0,1992,1
"6650",386,2003,1.03870403766632,0,1992,1
"6651",386,2004,1.13210821151733,0,1992,1
"6652",386,2005,1.27173483371735,0,1992,1
"6653",386,2006,1.5599228143692,0,1992,1
"6654",386,2007,1.53975796699524,0,1992,1
"6655",386,2008,1.89832413196564,0,1992,1
"6656",386,2009,1.8856498003006,0,1992,1
"6657",386,2010,2.02048301696777,1,1992,1
"6658",386,2011,1.56183898448944,1,1992,1
"6659",386,2012,2.32018089294434,1,1992,1
"6660",387,1992,2.5720739364624,0,2011,3
"6661",387,1993,3.21013188362122,0,2011,3
"6662",387,1994,3.54524159431458,0,2011,3
"6663",387,1995,3.5221996307373,0,2011,3
"6664",387,1996,3.34468293190002,0,2011,3
"6665",387,1997,3.20734167098999,0,2011,3
"6666",387,1998,3.27547693252563,0,2011,3
"6667",387,1999,3.67173624038696,0,2011,3
"6668",387,2000,4.00255346298218,0,2011,3
"6669",387,2001,4.51232624053955,0,2011,3
"6670",387,2002,4.72017621994019,0,2011,3
"6671",387,2003,4.86865282058716,0,2011,3
"6672",387,2004,4.99091005325317,0,2011,3
"6673",387,2005,5.18460416793823,0,2011,3
"6674",387,2006,6.61012983322144,0,2011,3
"6675",387,2007,6.66221523284912,0,2011,3
"6676",387,2008,6.64202165603638,0,2011,3
"6677",387,2009,6.72104978561401,0,2011,3
"6678",387,2010,6.78438234329224,0,2011,3
"6679",387,2011,6.84948205947876,1,2011,3
"6680",387,2012,6.54663467407227,1,2011,3
"6681",388,1992,0.973546922206879,0,2010,3
"6682",388,1993,1.03169476985931,0,2010,3
"6683",388,1994,1.05995738506317,0,2010,3
"6684",388,1995,1.08555507659912,0,2010,3
"6685",388,1996,1.14011204242706,0,2010,3
"6686",388,1997,1.09777235984802,0,2010,3
"6687",388,1998,1.12582862377167,0,2010,3
"6688",388,1999,1.14513230323792,0,2010,3
"6689",388,2000,1.08411121368408,0,2010,3
"6690",388,2001,1.09366583824158,0,2010,3
"6691",388,2002,1.06870198249817,0,2010,3
"6692",388,2003,1.95547962188721,0,2010,3
"6693",388,2004,2.68124747276306,0,2010,3
"6694",388,2005,2.98592615127563,0,2010,3
"6695",388,2006,2.92251896858215,0,2010,3
"6696",388,2007,2.91399717330933,0,2010,3
"6697",388,2008,3.00997018814087,0,2010,3
"6698",388,2009,2.93848347663879,0,2010,3
"6699",388,2010,2.90284538269043,1,2010,3
"6700",388,2011,2.59045672416687,1,2010,3
"6701",388,2012,2.9927294254303,1,2010,3
"6702",389,1997,2.67152881622314,1,1997,2
"6703",389,1998,3.54823160171509,1,1997,2
"6704",389,1999,3.44746518135071,1,1997,2
"6705",389,2000,3.71113014221191,0,1997,2
"6706",389,2001,4.38355302810669,0,1997,2
"6707",389,2002,4.51415920257568,0,1997,2
"6708",389,2003,4.5061993598938,0,1997,2
"6709",389,2004,4.79278898239136,0,1997,2
"6710",389,2005,5.13828420639038,0,1997,2
"6711",389,2006,6.60364580154419,0,1997,2
"6712",389,2007,6.63440942764282,0,1997,2
"6713",389,2008,6.6350736618042,0,1997,2
"6714",389,2009,6.61282110214233,0,1997,2
"6715",389,2010,6.61017465591431,1,1997,2
"6716",389,2011,6.70970296859741,1,1997,2
"6717",389,2012,6.75609064102173,1,1997,2
"6718",390,1992,3.19627857208252,0,1997,2
"6719",390,1993,3.6564416885376,0,1997,2
"6720",390,1994,3.69012236595154,0,1997,2
"6721",390,1995,3.59230494499207,0,1997,2
"6722",390,1996,3.46958899497986,0,1997,2
"6723",390,1997,3.44420218467712,1,1997,2
"6724",390,1998,3.59935235977173,1,1997,2
"6725",390,1999,3.72417330741882,1,1997,2
"6726",390,2000,4.1048755645752,1,1997,2
"6727",390,2001,4.46508026123047,1,1997,2
"6728",390,2002,4.61316347122192,1,1997,2
"6729",390,2003,4.8697338104248,1,1997,2
"6730",390,2004,5.26533079147339,1,1997,2
"6731",390,2005,5.33356046676636,1,1997,2
"6732",390,2006,6.6833004951477,1,1997,2
"6733",390,2007,6.74032545089722,1,1997,2
"6734",390,2008,6.71624660491943,1,1997,2
"6735",390,2009,6.73893928527832,1,1997,2
"6736",390,2010,6.69138097763062,0,1997,2
"6737",390,2011,6.73311996459961,0,1997,2
"6738",390,2012,6.69125175476074,0,1997,2
"6740",391,1993,0.820133924484253,0,1997,2
"6741",391,1994,1.35268378257751,0,1997,2
"6742",391,1995,0.84689873456955,0,1997,2
"6743",391,1996,0.838103294372559,0,1997,2
"6744",391,1997,0.751596748828888,1,1997,2
"6745",391,1998,0.750305652618408,1,1997,2
"6746",391,1999,0.6931471824646,1,1997,2
"6747",391,2000,0.716801345348358,1,1997,2
"6748",391,2001,0.714145243167877,1,1997,2
"6749",391,2002,0.719464480876923,1,1997,2
"6750",391,2003,2.1534788608551,1,1997,2
"6751",391,2004,2.21775317192078,0,1997,2
"6752",391,2005,2.26037335395813,0,1997,2
"6753",391,2006,2.25619220733643,0,1997,2
"6754",391,2007,2.2905125617981,0,1997,2
"6755",391,2008,2.49924778938293,0,1997,2
"6756",391,2009,2.57929444313049,0,1997,2
"6757",391,2010,2.58563899993896,1,1997,2
"6758",391,2011,2.33507657051086,1,1997,2
"6759",391,2012,2.44805145263672,1,1997,2
"6760",392,1992,-0.150572910904884,0,1994,1
"6761",392,1993,0.0919012948870659,0,1994,1
"6762",392,1994,0.111766681075096,1,1994,1
"6763",392,1995,0.171510592103004,0,1994,1
"6764",392,1996,0.228311583399773,0,1994,1
"6765",392,1997,0.176685318350792,0,1994,1
"6766",392,1998,0.199735373258591,0,1994,1
"6767",392,1999,0.198705077171326,0,1994,1
"6768",392,2000,0.127339452505112,0,1994,1
"6769",392,2001,0.548984110355377,0,1994,1
"6770",392,2002,0.415269136428833,0,1994,1
"6771",392,2003,1.09651362895966,0,1994,1
"6772",392,2004,1.24935162067413,0,1994,1
"6773",392,2005,1.21401047706604,0,1994,1
"6774",392,2006,1.29838240146637,0,1994,1
"6775",392,2007,2.02957320213318,0,1994,1
"6776",392,2008,2.31837177276611,0,1994,1
"6777",392,2009,2.34877443313599,0,1994,1
"6778",392,2010,1.98532819747925,1,1994,1
"6779",392,2011,2.32066869735718,1,1994,1
"6780",392,2012,2.74853515625,1,1994,1
"6781",393,1992,0.730281352996826,0,NA,0
"6782",393,1993,0.633744776248932,0,NA,0
"6783",393,1994,0.709195613861084,0,NA,0
"6784",393,1995,0.744941830635071,0,NA,0
"6785",393,1996,0.851073145866394,0,NA,0
"6786",393,1997,0.87597519159317,0,NA,0
"6787",393,1998,0.894828498363495,0,NA,0
"6788",393,1999,0.876791894435883,0,NA,0
"6789",393,2000,0.870105028152466,0,NA,0
"6790",393,2001,0.861666202545166,0,NA,0
"6791",393,2002,0.846447110176086,0,NA,0
"6792",393,2003,1.2664932012558,0,NA,0
"6793",393,2004,1.83084416389465,0,NA,0
"6794",393,2005,1.98343408107758,0,NA,0
"6795",393,2006,0.0802545472979546,0,NA,0
"6796",393,2007,2.26648664474487,0,NA,0
"6797",393,2008,2.21784377098083,0,NA,0
"6798",393,2009,1.61128461360931,0,NA,0
"6799",393,2010,1.60667431354523,0,NA,0
"6800",393,2011,0.594611942768097,0,NA,0
"6801",393,2012,2.89179277420044,0,NA,0
"6802",394,1992,0.577386379241943,0,NA,0
"6803",394,1993,0.607989370822906,0,NA,0
"6804",394,1994,0.612079381942749,0,NA,0
"6805",394,1995,0.612079381942749,0,NA,0
"6806",394,1996,0.667935788631439,0,NA,0
"6807",394,1997,0.642288684844971,0,NA,0
"6808",394,1998,0.752570569515228,0,NA,0
"6809",394,1999,0.764891088008881,0,NA,0
"6810",394,2000,0.751416027545929,0,NA,0
"6811",394,2001,0.783939242362976,0,NA,0
"6812",394,2002,1.07220363616943,0,NA,0
"6813",394,2003,1.06400680541992,0,NA,0
"6814",394,2004,1.22016751766205,0,NA,0
"6815",394,2005,2.57471466064453,0,NA,0
"6816",394,2006,2.91942405700684,0,NA,0
"6817",394,2007,2.28612375259399,0,NA,0
"6818",394,2008,2.62140989303589,0,NA,0
"6821",395,1994,0.692266523838043,0,2011,3
"6822",395,1995,0.729793846607208,0,2011,3
"6823",395,1996,0.748693883419037,0,2011,3
"6824",395,1997,0.703325390815735,0,2011,3
"6825",395,1998,0.760460793972015,0,2011,3
"6826",395,1999,0.772870659828186,0,2011,3
"6827",395,2000,1.01010942459106,0,2011,3
"6828",395,2001,1.01189517974854,0,2011,3
"6829",395,2002,1.0127044916153,0,2011,3
"6830",395,2003,1.60206389427185,0,2011,3
"6831",395,2004,1.9880393743515,0,2011,3
"6832",395,2005,2.52477431297302,0,2011,3
"6833",395,2006,2.31354832649231,0,2011,3
"6834",395,2007,2.38056635856628,0,2011,3
"6835",395,2008,2.60192084312439,0,2011,3
"6836",395,2009,2.59105539321899,0,2011,3
"6837",395,2010,2.56386351585388,0,2011,3
"6838",395,2011,2.15511035919189,1,2011,3
"6839",395,2012,2.82201457023621,1,2011,3
"6840",396,1998,3.41560554504395,1,1998,2
"6841",396,1999,3.70768451690674,1,1998,2
"6842",396,2000,4.07037544250488,1,1998,2
"6843",396,2001,4.49454975128174,1,1998,2
"6844",396,2002,4.66289663314819,1,1998,2
"6845",396,2003,4.8667721748352,1,1998,2
"6846",396,2004,5.08866930007935,1,1998,2
"6847",396,2005,5.21921443939209,1,1998,2
"6848",396,2006,6.60374593734741,1,1998,2
"6849",396,2007,6.62639045715332,0,1998,2
"6850",396,2008,6.5956244468689,0,1998,2
"6851",396,2009,6.66645956039429,0,1998,2
"6852",396,2010,6.67926120758057,0,1998,2
"6853",396,2011,6.70965003967285,0,1998,2
"6854",396,2012,6.6919264793396,0,1998,2
"6855",397,1992,0.7838014960289,0,1997,2
"6856",397,1993,1.04054856300354,0,1997,2
"6857",397,1994,0.856990933418274,0,1997,2
"6858",397,1995,0.997105300426483,0,1997,2
"6859",397,1996,0.928266882896423,0,1997,2
"6860",397,1997,0.93784487247467,1,1997,2
"6861",397,1998,1.06463158130646,1,1997,2
"6862",397,1999,1.0633053779602,0,1997,2
"6863",397,2000,1.08457255363464,0,1997,2
"6864",397,2001,1.0696976184845,0,1997,2
"6865",397,2002,1.16826832294464,0,1997,2
"6866",397,2003,2.30609273910522,0,1997,2
"6867",397,2004,2.01187014579773,0,1997,2
"6868",397,2005,2.188556432724,0,1997,2
"6869",397,2006,2.54658436775208,0,1997,2
"6870",397,2007,2.86280012130737,0,1997,2
"6871",397,2008,2.63973784446716,0,1997,2
"6872",397,2009,2.76907706260681,0,1997,2
"6873",397,2010,2.66419363021851,0,1997,2
"6874",397,2011,2.18133330345154,1,1997,2
"6875",397,2012,2.7348484992981,1,1997,2
"6876",398,1992,-0.456657350063324,1,1992,1
"6877",398,1993,0.370967775583267,1,1992,1
"6878",398,1994,0.439041376113892,1,1992,1
"6879",398,1995,0.393769055604935,0,1992,1
"6880",398,1996,0.619857966899872,0,1992,1
"6881",398,1997,0.348025232553482,0,1992,1
"6882",398,1998,0.290950834751129,0,1992,1
"6883",398,1999,0.280402719974518,0,1992,1
"6884",398,2000,0.289025247097015,0,1992,1
"6885",398,2001,0.245083943009377,0,1992,1
"6886",398,2002,0.944362759590149,0,1992,1
"6887",398,2003,2.17370796203613,0,1992,1
"6888",398,2004,2.2847273349762,0,1992,1
"6889",398,2005,1.84868657588959,0,1992,1
"6890",398,2006,1.71995913982391,0,1992,1
"6891",398,2007,1.74690890312195,0,1992,1
"6892",398,2008,2.05366969108582,0,1992,1
"6893",398,2009,2.02617311477661,0,1992,1
"6894",398,2010,2.17423963546753,1,1992,1
"6895",398,2011,2.05692362785339,1,1992,1
"6896",398,2012,2.72175908088684,1,1992,1
"6897",399,1992,0.578954815864563,0,2011,3
"6898",399,1993,0.535316646099091,0,2011,3
"6899",399,1994,0.502526819705963,0,2011,3
"6900",399,1995,0.499775737524033,0,2011,3
"6901",399,1996,0.499775737524033,0,2011,3
"6902",399,1997,0.544984579086304,0,2011,3
"6903",399,1998,0.662941336631775,0,2011,3
"6904",399,1999,0.557580769062042,0,2011,3
"6905",399,2000,0.556735277175903,0,2011,3
"6906",399,2001,0.686502635478973,0,2011,3
"6907",399,2002,0.828803300857544,0,2011,3
"6908",399,2003,1.54437434673309,0,2011,3
"6909",399,2004,1.53004169464111,0,2011,3
"6910",399,2005,1.59385311603546,0,2011,3
"6911",399,2006,1.85077965259552,0,2011,3
"6912",399,2007,1.91481959819794,0,2011,3
"6913",399,2008,1.75338435173035,0,2011,3
"6914",399,2009,1.78075647354126,0,2011,3
"6915",399,2010,2.00771331787109,0,2011,3
"6916",399,2011,1.95262277126312,1,2011,3
"6917",399,2012,2.89132332801819,1,2011,3
"6919",400,1993,0.851676344871521,0,NA,0
"6920",400,1994,0.660076856613159,0,NA,0
"6922",400,1996,0.657995164394379,0,NA,0
"6923",401,1992,1.08853662014008,1,1992,1
"6924",401,1993,1.21302258968353,1,1992,1
"6925",401,1994,1.31702017784119,1,1992,1
"6926",401,1995,1.42711627483368,0,1992,1
"6927",401,1996,1.47478103637695,0,1992,1
"6928",401,1997,1.37832617759705,1,1992,1
"6929",401,1998,1.47837805747986,1,1992,1
"6930",401,1999,1.47444891929626,1,1992,1
"6931",401,2000,1.50731694698334,1,1992,1
"6932",401,2001,1.46459686756134,1,1992,1
"6933",401,2002,1.52639591693878,1,1992,1
"6934",401,2003,2.52478337287903,0,1992,1
"6935",401,2004,2.374178647995,0,1992,1
"6936",401,2005,2.86532092094421,0,1992,1
"6937",401,2006,2.92434620857239,0,1992,1
"6938",401,2007,3.25019121170044,0,1992,1
"6939",401,2008,2.96196532249451,0,1992,1
"6940",401,2009,3.00228977203369,0,1992,1
"6941",401,2010,3.16754198074341,1,1992,1
"6942",401,2011,2.71236991882324,0,1992,1
"6943",401,2012,2.67420077323914,0,1992,1
"6944",402,1992,0.512034177780151,0,2011,3
"6945",402,1993,1.25151371955872,0,2011,3
"6946",402,1994,0.492089718580246,0,2011,3
"6947",402,1995,0.652645230293274,0,2011,3
"6948",402,1996,0.530838072299957,0,2011,3
"6949",402,1997,0.530838072299957,0,2011,3
"6950",402,1998,0.545672357082367,0,2011,3
"6951",402,1999,0.529259324073792,0,2011,3
"6952",402,2000,0.505134105682373,0,2011,3
"6953",402,2001,0.465084224939346,0,2011,3
"6954",402,2002,0.466175377368927,0,2011,3
"6955",402,2003,1.42880368232727,0,2011,3
"6956",402,2004,1.45649862289429,0,2011,3
"6957",402,2005,1.42257678508759,0,2011,3
"6958",402,2006,1.46358609199524,0,2011,3
"6959",402,2007,2.20809412002563,0,2011,3
"6960",402,2008,1.79369556903839,0,2011,3
"6961",402,2009,2.47540950775146,0,2011,3
"6962",402,2010,2.34390878677368,0,2011,3
"6963",402,2011,1.88455557823181,1,2011,3
"6964",402,2012,1.67158317565918,1,2011,3
"6965",403,1992,0.80636316537857,0,1997,2
"6966",403,1993,0.837017595767975,0,1997,2
"6967",403,1994,0.82705956697464,0,1997,2
"6968",403,1995,0.863070070743561,0,1997,2
"6969",403,1996,0.888468205928802,0,1997,2
"6970",403,1997,0.875849783420563,1,1997,2
"6971",404,1998,3.25231218338013,1,1998,2
"6972",404,1999,3.34364581108093,1,1998,2
"6973",404,2000,3.78629016876221,1,1998,2
"6974",404,2001,4.5292649269104,1,1998,2
"6975",404,2002,4.88416194915771,1,1998,2
"6976",404,2003,4.67099714279175,1,1998,2
"6977",404,2004,5.32927989959717,0,1998,2
"6978",404,2005,5.12681102752686,0,1998,2
"6979",404,2006,6.5923171043396,0,1998,2
"6980",404,2007,6.67046976089478,0,1998,2
"6981",404,2008,6.66541433334351,0,1998,2
"6982",404,2009,6.68549489974976,0,1998,2
"6983",404,2010,6.69630098342896,0,1998,2
"6984",404,2011,6.69620943069458,0,1998,2
"6985",404,2012,6.4996600151062,0,1998,2
"6986",405,1992,0.136221259832382,1,1992,1
"6987",405,1993,0.822916686534882,1,1992,1
"6988",405,1994,0.933615505695343,1,1992,1
"6989",405,1995,0.837858557701111,0,1992,1
"6990",405,1996,0.845508813858032,0,1992,1
"6991",405,1997,0.76118814945221,0,1992,1
"6992",405,1998,0.678895175457001,0,1992,1
"6993",405,1999,0.725632607936859,0,1992,1
"6994",405,2000,0.664437055587769,0,1992,1
"6995",405,2001,0.685663461685181,0,1992,1
"6996",405,2002,0.715005993843079,0,1992,1
"6997",405,2003,1.47855830192566,0,1992,1
"6998",405,2004,1.61216390132904,0,1992,1
"6999",405,2005,1.84130251407623,0,1992,1
"7000",405,2006,2.27864289283752,0,1992,1
"7001",405,2007,2.11848258972168,0,1992,1
"7002",405,2008,2.27769494056702,0,1992,1
"7003",405,2009,2.24109578132629,0,1992,1
"7004",405,2010,1.97867250442505,1,1992,1
"7005",405,2011,2.00634860992432,1,1992,1
"7006",405,2012,2.7389919757843,1,1992,1
"7010",406,1995,1.25311684608459,0,NA,0
"7011",406,1996,1.20397281646729,0,NA,0
"7012",406,1997,1.33112800121307,0,NA,0
"7013",407,1998,3.64222431182861,0,2010,3
"7014",407,1999,3.66689157485962,0,2010,3
"7015",407,2000,4.03609466552734,0,2010,3
"7016",407,2001,4.44871807098389,0,2010,3
"7017",407,2002,4.96614980697632,0,2010,3
"7018",407,2003,5.15993881225586,0,2010,3
"7019",407,2004,5.38546895980835,0,2010,3
"7020",407,2005,5.33737707138062,0,2010,3
"7021",407,2006,6.47886896133423,0,2010,3
"7022",407,2007,6.54044008255005,0,2010,3
"7023",407,2008,6.48939609527588,0,2010,3
"7024",407,2009,6.55912733078003,0,2010,3
"7025",407,2010,6.58273792266846,1,2010,3
"7026",407,2011,6.44162464141846,1,2010,3
"7027",407,2012,6.40018796920776,1,2010,3
"7028",408,1992,0.721318125724792,0,NA,0
"7029",408,1993,0.585901618003845,0,NA,0
"7030",408,1994,0.784363150596619,0,NA,0
"7031",408,1995,0.861196100711823,0,NA,0
"7032",408,1996,0.842323362827301,0,NA,0
"7033",408,1997,0.836853861808777,0,NA,0
"7034",408,1998,0.952395737171173,0,NA,0
"7035",408,1999,0.936273217201233,0,NA,0
"7036",408,2000,0.923408150672913,0,NA,0
"7037",408,2001,0.947817027568817,0,NA,0
"7038",408,2002,0.984810709953308,0,NA,0
"7039",408,2003,1.68601441383362,0,NA,0
"7040",408,2004,1.77444541454315,0,NA,0
"7041",408,2005,1.9125736951828,0,NA,0
"7042",408,2006,2.35858726501465,0,NA,0
"7043",408,2007,2.30896472930908,0,NA,0
"7044",408,2008,2.07228398323059,0,NA,0
"7045",408,2009,2.62131857872009,0,NA,0
"7046",408,2010,2.72417974472046,0,NA,0
"7047",408,2011,2.69933438301086,0,NA,0
"7048",408,2012,3.01752948760986,0,NA,0
"7049",409,1992,4.40322065353394,0,1997,2
"7050",409,1993,4.68487691879272,0,1997,2
"7051",409,1994,2.87578773498535,0,1997,2
"7052",409,1995,4.3540678024292,0,1997,2
"7053",409,1996,4.198974609375,0,1997,2
"7054",409,1997,4.10999202728271,1,1997,2
"7055",409,1998,4.31226491928101,1,1997,2
"7056",409,1999,4.34801483154297,1,1997,2
"7057",409,2000,4.65912771224976,1,1997,2
"7058",409,2001,5.35709619522095,1,1997,2
"7059",409,2002,5.69069957733154,1,1997,2
"7060",409,2003,5.74731063842773,1,1997,2
"7061",409,2004,5.9425859451294,1,1997,2
"7062",409,2005,6.08901643753052,1,1997,2
"7063",409,2006,7.26174020767212,1,1997,2
"7064",409,2007,7.32118129730225,1,1997,2
"7065",409,2008,7.16646575927734,1,1997,2
"7066",409,2009,7.27932834625244,1,1997,2
"7067",409,2010,7.30945539474487,0,1997,2
"7068",409,2011,7.28153705596924,0,1997,2
"7069",409,2012,7.30333566665649,0,1997,2
"7070",410,1992,3.0983579158783,1,1992,1
"7071",410,1993,3.54326057434082,1,1992,1
"7072",410,1994,3.56337237358093,1,1992,1
"7073",410,1995,3.47420310974121,0,1992,1
"7074",410,1996,3.36723279953003,0,1992,1
"7075",410,1997,3.33882474899292,1,1992,1
"7076",410,1998,3.41345643997192,1,1992,1
"7077",410,1999,3.58107733726501,1,1992,1
"7078",410,2000,3.85553193092346,1,1992,1
"7079",410,2001,4.40830183029175,1,1992,1
"7080",410,2002,4.66615295410156,1,1992,1
"7081",410,2003,4.95685195922852,0,1992,1
"7082",410,2004,4.89262580871582,0,1992,1
"7083",410,2005,5.07711935043335,0,1992,1
"7084",410,2006,6.55739831924438,0,1992,1
"7085",410,2007,6.63374328613281,0,1992,1
"7086",410,2008,6.64230537414551,0,1992,1
"7087",410,2009,6.69039249420166,0,1992,1
"7088",410,2010,6.72040033340454,1,1992,1
"7089",410,2011,6.62588357925415,1,1992,1
"7090",410,2012,6.61388111114502,1,1992,1
"7091",411,1992,0.451710373163223,1,1992,1
"7092",411,1993,0.459686607122421,1,1992,1
"7093",411,1994,0.625341773033142,0,1992,1
"7094",411,1995,0.801435947418213,0,1992,1
"7095",411,1996,0.827773451805115,0,1992,1
"7096",411,1997,0.851300358772278,0,1992,1
"7097",411,1998,0.837222218513489,0,1992,1
"7098",411,1999,5.24287223815918,0,1992,1
"7099",411,2000,0.786777317523956,0,1992,1
"7100",411,2001,0.83624804019928,0,1992,1
"7101",411,2002,0.856848061084747,0,1992,1
"7102",411,2003,1.73137497901917,0,1992,1
"7103",411,2004,2.23393559455872,0,1992,1
"7104",411,2005,2.55229568481445,0,1992,1
"7105",411,2006,2.48426795005798,0,1992,1
"7106",411,2007,2.33409833908081,0,1992,1
"7107",411,2008,2.17842578887939,0,1992,1
"7108",411,2009,2.24308443069458,0,1992,1
"7109",411,2010,2.67459797859192,1,1992,1
"7110",411,2011,2.35508584976196,1,1992,1
"7111",411,2012,2.43646311759949,1,1992,1
"7112",412,1992,0.552068591117859,0,NA,0
"7113",412,1993,0.480814576148987,0,NA,0
"7114",412,1994,0.546819269657135,0,NA,0
"7115",412,1995,0.611654102802277,0,NA,0
"7116",412,1996,0.727048695087433,0,NA,0
"7117",412,1997,0.493433862924576,0,NA,0
"7118",412,1998,0.574285984039307,0,NA,0
"7119",412,1999,0.524524450302124,0,NA,0
"7120",412,2000,0.524524450302124,0,NA,0
"7121",412,2001,0.544727146625519,0,NA,0
"7122",412,2002,0.950192272663116,0,NA,0
"7123",412,2003,1.01473081111908,0,NA,0
"7124",412,2004,1.6728982925415,0,NA,0
"7125",412,2005,1.64998400211334,0,NA,0
"7126",412,2006,1.68256008625031,0,NA,0
"7127",412,2007,1.8718022108078,0,NA,0
"7128",412,2008,1.85306000709534,0,NA,0
"7129",413,1992,0.0645385757088661,1,1992,1
"7130",413,1993,0.290716975927353,1,1992,1
"7131",413,1994,0.426268249750137,1,1992,1
"7132",413,1995,0.445686340332031,0,1992,1
"7133",413,1996,0.550046324729919,0,1992,1
"7134",413,1997,0.541462600231171,0,1992,1
"7135",413,1998,0.3375144302845,0,1992,1
"7136",413,1999,0.3375144302845,0,1992,1
"7137",413,2000,0.272414535284042,0,1992,1
"7138",413,2001,0.265225470066071,0,1992,1
"7139",413,2002,0.290522903203964,0,1992,1
"7140",413,2003,1.98050165176392,0,1992,1
"7141",413,2004,2.24931812286377,0,1992,1
"7142",413,2005,2.99287104606628,0,1992,1
"7143",413,2006,2.8432469367981,0,1992,1
"7144",413,2007,3.15639233589172,0,1992,1
"7145",413,2008,2.70617055892944,0,1992,1
"7146",413,2009,2.57182216644287,0,1992,1
"7147",413,2010,2.70033168792725,1,1992,1
"7148",413,2011,2.4890866279602,1,1992,1
"7149",413,2012,3.32341027259827,1,1992,1
"7150",414,1992,0.123472228646278,1,1992,1
"7151",414,1993,0.2659892141819,1,1992,1
"7152",414,1994,0.192798763513565,1,1992,1
"7153",414,1995,0.447724968194962,0,1992,1
"7154",414,1996,0.37678936123848,0,1992,1
"7155",414,1997,0.37678936123848,0,1992,1
"7156",414,1998,0.381948590278625,0,1992,1
"7157",414,1999,0.377545267343521,0,1992,1
"7158",414,2000,0.376666933298111,0,1992,1
"7159",414,2001,0.378424376249313,0,1992,1
"7160",414,2002,0.675447583198547,0,1992,1
"7161",414,2003,1.09568405151367,0,1992,1
"7162",414,2004,1.21165525913239,0,1992,1
"7163",414,2005,1.57367312908173,0,1992,1
"7164",414,2006,1.56925773620605,0,1992,1
"7165",414,2007,1.95925176143646,0,1992,1
"7166",414,2008,2.369469165802,0,1992,1
"7167",414,2009,2.26247501373291,0,1992,1
"7168",414,2010,2.51316070556641,0,1992,1
"7169",414,2011,1.87108910083771,1,1992,1
"7170",414,2012,2.65784001350403,1,1992,1
"7172",415,1993,0.405174523591995,0,1997,2
"7173",415,1994,0.4886714220047,0,1997,2
"7174",415,1995,0.434701919555664,0,1997,2
"7175",415,1996,0.456176996231079,0,1997,2
"7176",415,1997,0.450636833906174,1,1997,2
"7177",415,1998,0.51602041721344,1,1997,2
"7178",415,1999,0.502227127552032,1,1997,2
"7179",415,2000,0.504011273384094,1,1997,2
"7180",415,2001,0.53008109331131,1,1997,2
"7181",415,2002,0.519152104854584,1,1997,2
"7182",415,2003,1.6408793926239,1,1997,2
"7183",415,2004,1.97547686100006,1,1997,2
"7184",415,2005,2.17742204666138,1,1997,2
"7185",415,2006,2.27983832359314,1,1997,2
"7186",415,2007,2.19140672683716,0,1997,2
"7187",415,2008,2.27359747886658,0,1997,2
"7188",416,1992,3.62303137779236,0,1997,2
"7189",416,1993,4.13336849212646,0,1997,2
"7190",416,1994,3.61565113067627,0,1997,2
"7191",416,1995,3.55516839027405,0,1997,2
"7192",416,1996,3.46557831764221,0,1997,2
"7193",416,1997,3.35679817199707,1,1997,2
"7194",416,1998,3.43059611320496,1,1997,2
"7195",416,1999,3.55462765693665,1,1997,2
"7196",416,2000,3.80568623542786,1,1997,2
"7197",416,2001,4.28818798065186,1,1997,2
"7198",416,2002,4.70124626159668,1,1997,2
"7199",416,2003,4.58660984039307,1,1997,2
"7200",416,2004,5.01255083084106,1,1997,2
"7201",416,2005,5.22180652618408,1,1997,2
"7202",416,2006,6.56690073013306,1,1997,2
"7203",416,2007,6.63347721099854,1,1997,2
"7204",416,2008,6.58985424041748,1,1997,2
"7205",416,2009,6.63514566421509,1,1997,2
"7206",416,2010,6.6416974067688,0,1997,2
"7207",416,2011,6.56174087524414,0,1997,2
"7208",416,2012,6.52578973770142,0,1997,2
"7209",417,1992,3.46963310241699,0,1999,2
"7210",417,1993,3.63436388969421,0,1999,2
"7211",417,1994,3.78751850128174,0,1999,2
"7212",417,1995,3.67958045005798,0,1999,2
"7213",417,1996,3.54089903831482,0,1999,2
"7214",417,1997,3.51621437072754,0,1999,2
"7215",417,1998,3.94540190696716,0,1999,2
"7216",417,1999,3.60481309890747,1,1999,2
"7217",417,2000,4.1551194190979,0,1999,2
"7218",417,2001,4.77846813201904,0,1999,2
"7219",417,2002,5.01390075683594,0,1999,2
"7220",417,2003,5.26095199584961,0,1999,2
"7221",417,2004,5.41279029846191,0,1999,2
"7222",417,2005,5.44369649887085,0,1999,2
"7223",417,2006,6.7710132598877,0,1999,2
"7224",417,2007,6.81870698928833,0,1999,2
"7225",417,2008,6.78099727630615,0,1999,2
"7226",417,2009,6.82901811599731,0,1999,2
"7227",417,2010,6.82094192504883,1,1999,2
"7228",417,2011,6.77446746826172,0,1999,2
"7229",417,2012,6.78133201599121,0,1999,2
"7230",418,1992,3.54051041603088,0,1998,2
"7231",418,1993,3.91110038757324,0,1998,2
"7232",418,1994,3.99672794342041,0,1998,2
"7233",418,1995,3.88742828369141,0,1998,2
"7234",418,1996,3.6997504234314,0,1998,2
"7235",418,1997,3.65442323684692,0,1998,2
"7236",418,1998,3.74121856689453,1,1998,2
"7237",418,1999,3.76560997962952,1,1998,2
"7238",418,2000,3.86158585548401,1,1998,2
"7239",418,2001,4.68347215652466,1,1998,2
"7240",418,2002,5.36023139953613,0,1998,2
"7241",418,2003,5.67136478424072,0,1998,2
"7242",418,2004,5.67479705810547,0,1998,2
"7243",418,2005,5.53421306610107,0,1998,2
"7244",418,2006,6.76833248138428,0,1998,2
"7245",418,2007,7.2273473739624,0,1998,2
"7246",418,2008,7.25956916809082,0,1998,2
"7247",418,2009,6.97106981277466,0,1998,2
"7248",418,2010,6.96371364593506,0,1998,2
"7249",418,2011,7.02362442016602,0,1998,2
"7250",418,2012,7.04757070541382,0,1998,2
"7251",419,1992,3.21523571014404,1,1992,1
"7252",419,1993,3.82156372070312,1,1992,1
"7253",419,1994,3.88604950904846,1,1992,1
"7254",419,1995,3.55138993263245,1,1992,1
"7255",419,1996,3.46884775161743,1,1992,1
"7256",419,1997,3.401700258255,0,1992,1
"7257",419,1998,3.62543153762817,0,1992,1
"7258",419,1999,3.9392204284668,0,1992,1
"7259",419,2000,4.44539356231689,0,1992,1
"7260",419,2001,4.7211184501648,0,1992,1
"7261",419,2002,4.94501066207886,0,1992,1
"7262",419,2003,5.25885391235352,0,1992,1
"7263",419,2004,5.33873462677002,0,1992,1
"7264",419,2005,5.29418611526489,0,1992,1
"7265",419,2006,6.44424676895142,0,1992,1
"7266",419,2007,6.51854801177979,0,1992,1
"7267",419,2008,6.44587707519531,0,1992,1
"7268",419,2009,6.49012994766235,0,1992,1
"7269",419,2010,6.54306030273438,1,1992,1
"7270",419,2011,6.61847162246704,1,1992,1
"7271",419,2012,6.63951444625854,1,1992,1
"7272",420,1992,1.21221685409546,0,1997,2
"7273",420,1993,1.10131859779358,0,1997,2
"7274",420,1994,1.09160983562469,0,1997,2
"7275",420,1995,1.17455899715424,0,1997,2
"7276",420,1996,1.11300098896027,0,1997,2
"7277",420,1997,1.10558843612671,1,1997,2
"7278",420,1998,1.29058015346527,1,1997,2
"7279",420,1999,1.18285095691681,1,1997,2
"7280",420,2000,1.1118575334549,1,1997,2
"7281",420,2001,2.64475536346436,1,1997,2
"7282",420,2002,1.22005033493042,1,1997,2
"7283",420,2003,2.27797365188599,1,1997,2
"7284",420,2004,2.33291459083557,1,1997,2
"7285",420,2005,2.3577606678009,1,1997,2
"7286",420,2006,2.63464856147766,1,1997,2
"7287",420,2007,2.74173426628113,1,1997,2
"7288",420,2008,2.3042151927948,1,1997,2
"7296",423,1995,0.861565828323364,0,1997,2
"7297",423,1996,0.717081785202026,0,1997,2
"7298",423,1997,0.804510593414307,1,1997,2
"7299",424,1998,3.2457971572876,1,1998,2
"7300",424,1999,3.61273884773254,1,1998,2
"7301",424,2000,3.66568493843079,1,1998,2
"7302",424,2001,4.22228956222534,1,1998,2
"7303",424,2002,4.52815055847168,1,1998,2
"7304",424,2003,4.78562545776367,1,1998,2
"7305",424,2004,4.96262311935425,1,1998,2
"7306",424,2005,5.03769445419312,1,1998,2
"7307",424,2006,6.52369689941406,0,1998,2
"7308",424,2007,6.57337093353271,0,1998,2
"7309",424,2008,6.52194166183472,0,1998,2
"7310",424,2009,6.5997519493103,0,1998,2
"7311",424,2010,6.57957696914673,0,1998,2
"7312",424,2011,6.71175527572632,0,1998,2
"7313",424,2012,6.71051168441772,0,1998,2
"7314",425,1992,0.484438896179199,1,1992,1
"7315",425,1993,0.585535705089569,1,1992,1
"7316",425,1994,0.628329694271088,1,1992,1
"7318",425,1996,0.661881506443024,0,1992,1
"7319",425,1997,0.641680777072906,0,1992,1
"7320",425,1998,0.61860454082489,0,1992,1
"7321",425,1999,0.596625566482544,0,1992,1
"7322",425,2000,0.587340354919434,0,1992,1
"7323",425,2001,0.592221260070801,0,1992,1
"7324",425,2002,0.78737884759903,0,1992,1
"7325",425,2003,2.12763214111328,0,1992,1
"7326",425,2004,2.26156997680664,0,1992,1
"7327",425,2005,1.85876321792603,0,1992,1
"7328",425,2006,1.80945062637329,0,1992,1
"7330",425,2008,2.35238194465637,0,1992,1
"7331",425,2009,2.3700909614563,0,1992,1
"7332",425,2010,2.44071173667908,0,1992,1
"7333",425,2011,1.92618978023529,1,1992,1
"7334",425,2012,2.54908490180969,1,1992,1
"7335",426,1992,4.28943729400635,1,1992,1
"7336",426,1993,4.30704736709595,0,1992,1
"7337",426,1994,4.3253116607666,0,1992,1
"7338",426,1995,3.23032379150391,0,1992,1
"7339",426,1996,3.18254828453064,0,1992,1
"7340",426,1997,3.09279465675354,0,1992,1
"7341",426,1998,3.22251558303833,0,1992,1
"7342",426,1999,3.63949918746948,0,1992,1
"7343",426,2000,3.80670595169067,0,1992,1
"7344",426,2001,4.26853799819946,0,1992,1
"7345",426,2002,4.62093162536621,0,1992,1
"7346",426,2003,4.44807720184326,0,1992,1
"7347",426,2004,4.84755611419678,0,1992,1
"7348",426,2005,4.89123773574829,0,1992,1
"7349",426,2006,6.41343116760254,0,1992,1
"7350",426,2007,6.47733497619629,0,1992,1
"7351",426,2008,6.46422004699707,0,1992,1
"7352",426,2009,6.52062845230103,0,1992,1
"7353",426,2010,6.55420064926147,1,1992,1
"7354",426,2011,6.51464509963989,1,1992,1
"7355",426,2012,6.36857748031616,1,1992,1
"7356",427,1992,0.593269228935242,0,1997,2
"7357",427,1993,0.564070045948029,0,1997,2
"7358",427,1994,0.821497142314911,0,1997,2
"7359",427,1995,0.825871765613556,0,1997,2
"7360",427,1996,0.994514763355255,0,1997,2
"7361",427,1997,0.868536353111267,1,1997,2
"7362",427,1998,0.841304838657379,1,1997,2
"7363",427,1999,0.860009849071503,1,1997,2
"7364",427,2000,0.788679540157318,0,1997,2
"7365",427,2001,0.73494428396225,0,1997,2
"7366",427,2002,0.436081767082214,0,1997,2
"7367",427,2003,1.62314534187317,0,1997,2
"7368",427,2004,1.62066698074341,0,1997,2
"7369",427,2005,1.64032363891602,0,1997,2
"7370",427,2006,2.61701822280884,0,1997,2
"7371",427,2007,2.58461213111877,0,1997,2
"7372",427,2008,2.57571458816528,0,1997,2
"7373",427,2009,2.40505576133728,0,1997,2
"7374",427,2010,2.93135833740234,0,1997,2
"7375",427,2011,2.6624767780304,1,1997,2
"7376",427,2012,3.32511973381042,1,1997,2
"7377",428,1992,0.845832228660583,0,1997,2
"7378",428,1993,0.997694611549377,0,1997,2
"7379",428,1994,1.07530117034912,0,1997,2
"7380",428,1995,1.11234247684479,0,1997,2
"7381",428,1996,1.14219546318054,0,1997,2
"7382",428,1997,1.15311443805695,1,1997,2
"7383",428,1998,1.20397281646729,1,1997,2
"7384",428,1999,1.21936464309692,1,1997,2
"7385",428,2000,1.48871731758118,1,1997,2
"7386",428,2001,1.47349083423615,1,1997,2
"7387",428,2002,1.22082459926605,0,1997,2
"7388",428,2003,2.25732851028442,0,1997,2
"7389",428,2004,2.39390015602112,0,1997,2
"7390",428,2005,2.65262937545776,0,1997,2
"7391",428,2006,2.53121185302734,0,1997,2
"7392",428,2007,2.49623823165894,0,1997,2
"7393",428,2008,2.69520211219788,0,1997,2
"7394",428,2009,2.81596493721008,0,1997,2
"7395",428,2010,2.8332633972168,1,1997,2
"7396",428,2011,2.42027378082275,0,1997,2
"7397",428,2012,2.35238790512085,0,1997,2
"7398",429,1992,0.620387852191925,0,2010,3
"7399",429,1993,1.24782466888428,0,2010,3
"7400",429,1994,0.76390528678894,0,2010,3
"7401",429,1995,0.495945692062378,0,2010,3
"7402",429,1996,0.509081959724426,0,2010,3
"7403",429,1997,0.388261020183563,0,2010,3
"7404",429,1998,0.392823487520218,0,2010,3
"7405",429,1999,0.388450920581818,0,2010,3
"7406",429,2000,0.38149431347847,0,2010,3
"7407",429,2001,0.388073354959488,0,2010,3
"7408",429,2002,0.407190710306168,0,2010,3
"7409",429,2003,1.12587118148804,0,2010,3
"7410",429,2004,1.56537795066833,0,2010,3
"7411",429,2005,2.02433300018311,0,2010,3
"7412",429,2006,2.08585858345032,0,2010,3
"7413",429,2007,2.01861572265625,0,2010,3
"7414",429,2008,2.12111854553223,0,2010,3
"7415",429,2009,2.20174169540405,0,2010,3
"7416",429,2010,2.19881463050842,1,2010,3
"7417",429,2011,1.93131482601166,1,2010,3
"7418",429,2012,2.43330693244934,1,2010,3
"7419",430,1992,0.485507816076279,1,1992,1
"7420",430,1993,0.530759811401367,1,1992,1
"7421",430,1994,0.293222308158875,1,1992,1
"7422",430,1995,0.382992267608643,0,1992,1
"7423",430,1996,0.382725656032562,0,1992,1
"7424",430,1997,0.357411623001099,0,1992,1
"7425",430,1998,0.36739319562912,0,1992,1
"7426",430,1999,0.457690358161926,0,1992,1
"7427",430,2000,0.309698224067688,0,1992,1
"7428",430,2001,0.339403361082077,0,1992,1
"7429",430,2002,0.369054734706879,0,1992,1
"7430",430,2003,1.18109834194183,0,1992,1
"7431",430,2004,1.29186713695526,0,1992,1
"7432",430,2005,1.45125448703766,0,1992,1
"7433",430,2006,1.47092688083649,0,1992,1
"7434",430,2007,1.87425982952118,0,1992,1
"7435",430,2008,2.14114117622375,0,1992,1
"7436",430,2009,2.10399842262268,0,1992,1
"7437",430,2010,1.99445819854736,1,1992,1
"7438",430,2011,1.99204885959625,1,1992,1
"7439",430,2012,2.81645941734314,1,1992,1
"7440",431,1992,1.17197000980377,0,1997,2
"7441",431,1993,1.20870089530945,0,1997,2
"7442",431,1994,1.1992222070694,0,1997,2
"7443",431,1995,1.21022284030914,0,1997,2
"7444",431,1996,1.16532063484192,0,1997,2
"7445",431,1997,1.17498528957367,1,1997,2
"7446",431,1998,1.1992222070694,1,1997,2
"7447",431,1999,1.18157184123993,1,1997,2
"7448",431,2000,1.22284126281738,1,1997,2
"7449",431,2001,1.25092971324921,1,1997,2
"7450",431,2002,1.52183985710144,1,1997,2
"7451",431,2003,2.19794821739197,1,1997,2
"7452",431,2004,3.02709794044495,1,1997,2
"7453",431,2005,2.83061051368713,1,1997,2
"7454",431,2006,3.08042240142822,1,1997,2
"7455",431,2007,3.24559569358826,0,1997,2
"7456",431,2008,3.02208113670349,0,1997,2
"7457",432,1992,0.69165575504303,1,1992,1
"7458",432,1993,0.671168267726898,1,1992,1
"7459",432,1994,0.749500095844269,1,1992,1
"7460",432,1995,0.871838927268982,0,1992,1
"7461",432,1996,0.741867482662201,0,1992,1
"7462",432,1997,0.64508992433548,0,1992,1
"7463",432,1998,0.649498403072357,0,1992,1
"7464",432,1999,0.663294196128845,1,1992,1
"7465",432,2000,0.676741123199463,1,1992,1
"7466",432,2001,0.975714206695557,1,1992,1
"7467",432,2002,1.01382851600647,1,1992,1
"7468",432,2003,1.85646963119507,0,1992,1
"7469",432,2004,2.60203790664673,0,1992,1
"7470",432,2005,2.6740550994873,0,1992,1
"7471",432,2006,2.63005185127258,0,1992,1
"7472",432,2007,2.43342471122742,0,1992,1
"7473",432,2008,2.47588658332825,0,1992,1
"7474",432,2009,2.49929547309875,0,1992,1
"7475",432,2010,2.78769016265869,1,1992,1
"7476",432,2011,2.40065360069275,1,1992,1
"7477",432,2012,2.73111987113953,1,1992,1
"7478",433,1992,0.777616322040558,1,1992,1
"7479",433,1993,0.809734761714935,1,1992,1
"7480",433,1994,0.745493650436401,0,1992,1
"7481",433,1995,0.746275067329407,0,1992,1
"7482",433,1996,0.774232089519501,0,1992,1
"7483",433,1997,0.852794468402863,1,1992,1
"7484",433,1998,0.762837171554565,1,1992,1
"7485",433,1999,0.822454750537872,0,1992,1
"7486",433,2000,0.744440495967865,1,1992,1
"7487",433,2001,0.735011398792267,1,1992,1
"7488",433,2002,0.706570267677307,0,1992,1
"7489",433,2003,0.825731158256531,0,1992,1
"7490",433,2004,1.55137419700623,0,1992,1
"7491",433,2005,1.66772603988647,0,1992,1
"7492",433,2006,2.41108465194702,0,1992,1
"7493",433,2007,2.32639575004578,0,1992,1
"7494",433,2008,2.13138628005981,0,1992,1
"7495",433,2009,2.03806304931641,0,1992,1
"7496",433,2010,2.3660843372345,1,1992,1
"7497",433,2011,2.23946404457092,1,1992,1
"7498",433,2012,2.6442883014679,1,1992,1
"7499",434,1998,3.1793360710144,0,2010,3
"7500",434,1999,3.58206796646118,0,2010,3
"7501",434,2000,3.81400203704834,0,2010,3
"7502",434,2001,4.17909860610962,0,2010,3
"7503",434,2002,4.3730640411377,0,2010,3
"7504",434,2003,4.56897211074829,0,2010,3
"7505",434,2004,5.12048578262329,0,2010,3
"7506",434,2005,5.17338752746582,0,2010,3
"7507",434,2006,6.60128259658813,0,2010,3
"7508",434,2007,6.66663885116577,0,2010,3
"7509",434,2008,6.66089200973511,0,2010,3
"7510",434,2009,6.70245933532715,0,2010,3
"7511",434,2010,6.69833421707153,1,2010,3
"7512",434,2011,6.79907035827637,1,2010,3
"7513",434,2012,6.61325359344482,1,2010,3
"7514",435,1992,0.661107778549194,0,2011,3
"7515",435,1993,0.630063235759735,0,2011,3
"7516",435,1994,0.69750452041626,0,2011,3
"7517",435,1995,0.614130616188049,0,2011,3
"7518",435,1996,0.641187369823456,0,2011,3
"7519",435,1997,0.699482977390289,0,2011,3
"7520",435,1998,0.699482977390289,0,2011,3
"7521",435,1999,0.699482977390289,0,2011,3
"7522",435,2000,0.676445364952087,0,2011,3
"7523",435,2001,0.772396564483643,0,2011,3
"7524",435,2002,0.78100848197937,0,2011,3
"7525",435,2003,1.49725139141083,0,2011,3
"7526",435,2004,1.61140835285187,0,2011,3
"7527",435,2005,1.63334345817566,0,2011,3
"7528",435,2006,1.78107845783234,0,2011,3
"7529",435,2007,1.91749918460846,0,2011,3
"7530",435,2008,2.36320972442627,0,2011,3
"7531",435,2009,2.31023335456848,0,2011,3
"7532",435,2010,2.23817253112793,0,2011,3
"7533",435,2011,2.49528908729553,1,2011,3
"7534",435,2012,3.17930865287781,1,2011,3
"7535",436,1992,0.402416348457336,0,2010,3
"7536",436,1993,0.48962339758873,0,2010,3
"7537",436,1994,0.540747344493866,0,2010,3
"7538",436,1995,1.17453610897064,0,2010,3
"7539",436,1996,0.896716177463531,0,2010,3
"7540",436,1997,2.57191801071167,0,2010,3
"7541",436,1998,0.850539326667786,0,2010,3
"7542",436,1999,1.28987610340118,0,2010,3
"7543",436,2000,1.12556803226471,0,2010,3
"7544",436,2001,1.14662158489227,0,2010,3
"7545",436,2002,1.36490321159363,0,2010,3
"7546",436,2003,1.84921658039093,0,2010,3
"7547",436,2004,1.89085042476654,0,2010,3
"7548",436,2005,1.70761477947235,0,2010,3
"7549",436,2006,1.95178389549255,0,2010,3
"7550",436,2007,2.52531623840332,0,2010,3
"7551",436,2008,2.56017994880676,0,2010,3
"7552",436,2009,2.51015996932983,0,2010,3
"7553",436,2010,2.34587335586548,1,2010,3
"7554",436,2011,1.93773472309113,1,2010,3
"7555",436,2012,2.2341091632843,1,2010,3
"7556",437,1992,1.21351480484009,0,1997,2
"7557",437,1993,0.998094618320465,0,1997,2
"7558",437,1994,1.10675346851349,0,1997,2
"7559",437,1995,1.14529943466187,0,1997,2
"7560",437,1996,1.16598773002625,0,1997,2
"7561",437,1997,1.20849978923798,1,1997,2
"7562",437,1998,1.24937438964844,1,1997,2
"7563",437,1999,1.2649188041687,1,1997,2
"7564",437,2000,1.2801342010498,1,1997,2
"7565",437,2001,1.3205429315567,1,1997,2
"7566",437,2002,1.32085049152374,0,1997,2
"7567",437,2003,1.80397343635559,0,1997,2
"7568",437,2004,1.89019000530243,0,1997,2
"7569",437,2005,1.97688031196594,0,1997,2
"7570",437,2006,2.41935563087463,0,1997,2
"7571",437,2007,2.66025948524475,0,1997,2
"7572",437,2008,2.3133864402771,0,1997,2
"7573",437,2009,2.32242345809937,0,1997,2
"7574",437,2010,2.28785181045532,1,1997,2
"7575",437,2011,2.3434796333313,1,1997,2
"7576",437,2012,2.33382368087769,1,1997,2
"7577",438,1992,0.603574991226196,0,2010,3
"7578",438,1993,0.804285645484924,0,2010,3
"7579",438,1994,0.840047240257263,0,2010,3
"7580",438,1995,0.582906484603882,0,2010,3
"7581",438,1996,0.580332458019257,0,2010,3
"7582",438,1997,0.568413496017456,0,2010,3
"7583",438,1998,0.637207210063934,0,2010,3
"7584",438,1999,0.625616610050201,0,2010,3
"7585",438,2000,0.632039248943329,0,2010,3
"7586",438,2001,0.888747930526733,0,2010,3
"7587",438,2002,0.961638569831848,0,2010,3
"7588",438,2003,1.68677115440369,0,2010,3
"7589",438,2004,1.76218020915985,0,2010,3
"7590",438,2005,1.9203976392746,0,2010,3
"7591",438,2006,2.66742324829102,0,2010,3
"7592",438,2007,2.37635636329651,0,2010,3
"7593",438,2008,2.27832055091858,0,2010,3
"7594",438,2009,2.32283329963684,0,2010,3
"7595",438,2010,2.33250427246094,1,2010,3
"7596",438,2011,2.20172905921936,1,2010,3
"7597",438,2012,2.87899732589722,1,2010,3
"7598",439,1992,0.344377428293228,0,2010,3
"7599",439,1993,1.16449403762817,0,2010,3
"7600",439,1994,0.423227548599243,0,2010,3
"7601",439,1995,0.440311878919601,0,2010,3
"7602",439,1996,0.456758439540863,0,2010,3
"7603",439,1997,0.33647221326828,0,2010,3
"7604",439,1998,0.315638154745102,0,2010,3
"7605",439,1999,0.337943881750107,0,2010,3
"7606",439,2000,0.253602772951126,0,2010,3
"7607",439,2001,0.289704322814941,0,2010,3
"7608",439,2002,0.24704909324646,0,2010,3
"7609",439,2003,1.28626596927643,0,2010,3
"7610",439,2004,1.32828402519226,0,2010,3
"7611",439,2005,1.33242893218994,0,2010,3
"7612",439,2006,1.49598658084869,0,2010,3
"7613",439,2007,1.39240431785583,0,2010,3
"7614",439,2008,1.57928490638733,0,2010,3
"7615",439,2009,2.23119902610779,0,2010,3
"7616",439,2010,1.93431341648102,1,2010,3
"7617",439,2011,2.29278111457825,1,2010,3
"7618",439,2012,2.43418788909912,1,2010,3
"7619",440,1992,0.922333061695099,0,2011,3
"7620",440,1993,0.987749636173248,0,2011,3
"7621",440,1994,1.08068871498108,0,2011,3
"7622",440,1995,1.02290046215057,0,2011,3
"7623",440,1996,1.04200351238251,0,2011,3
"7624",440,1997,1.02165126800537,0,2011,3
"7625",440,1998,1.06956470012665,0,2011,3
"7626",440,1999,1.06784069538116,0,2011,3
"7627",440,2000,1.19484031200409,0,2011,3
"7628",440,2001,1.21005189418793,0,2011,3
"7629",440,2002,1.30011665821075,0,2011,3
"7630",440,2003,1.98697638511658,0,2011,3
"7631",440,2004,2.04688382148743,0,2011,3
"7632",440,2005,2.07874488830566,0,2011,3
"7633",440,2006,2.37568950653076,0,2011,3
"7635",440,2008,2.88465738296509,0,2011,3
"7636",440,2009,2.91944885253906,0,2011,3
"7637",440,2010,2.53971481323242,0,2011,3
"7638",440,2011,2.51550698280334,1,2011,3
"7639",440,2012,2.22630167007446,1,2011,3
"7640",441,1992,4.03091621398926,1,1992,1
"7641",441,1993,4.28402662277222,0,1992,1
"7642",441,1994,4.30627107620239,0,1992,1
"7643",441,1995,3.27448654174805,0,1992,1
"7644",441,1996,3.07561707496643,0,1992,1
"7645",441,1997,2.99140858650208,0,1992,1
"7646",441,1998,3.30597710609436,0,1992,1
"7647",441,1999,3.34874987602234,0,1992,1
"7648",441,2000,3.64875531196594,0,1992,1
"7649",441,2001,3.9267566204071,0,1992,1
"7650",441,2002,4.49604606628418,0,1992,1
"7651",441,2003,4.49753952026367,0,1992,1
"7652",441,2004,4.62368965148926,0,1992,1
"7653",441,2005,4.65251731872559,0,1992,1
"7654",441,2006,6.38402700424194,0,1992,1
"7655",441,2007,6.46283626556396,0,1992,1
"7656",441,2008,6.42733478546143,0,1992,1
"7657",441,2009,6.47420597076416,0,1992,1
"7658",441,2010,6.52045249938965,1,1992,1
"7659",441,2011,6.52647495269775,1,1992,1
"7660",441,2012,6.48062658309937,1,1992,1
"7662",442,1993,0.541104018688202,0,NA,0
"7663",442,1994,0.561669170856476,0,NA,0
"7665",442,1996,0.604922950267792,0,NA,0
"7666",442,1997,0.553385257720947,0,NA,0
"7667",442,1998,0.612874805927277,0,NA,0
"7668",442,1999,0.660510241985321,0,NA,0
"7669",442,2000,0.665238380432129,0,NA,0
"7670",442,2001,0.611654102802277,0,NA,0
"7671",442,2002,0.611654102802277,0,NA,0
"7672",442,2003,1.45135796070099,0,NA,0
"7673",442,2004,1.58940386772156,0,NA,0
"7674",442,2005,1.59338617324829,0,NA,0
"7675",442,2006,2.15715432167053,0,NA,0
"7676",442,2007,2.06170701980591,0,NA,0
"7677",442,2008,2.18031406402588,0,NA,0
"7678",443,1992,5.30623817443848,1,1992,1
"7679",443,1993,3.91681694984436,1,1992,1
"7680",443,1994,3.99725651741028,1,1992,1
"7681",443,1995,3.87914156913757,1,1992,1
"7682",443,1996,3.74639678001404,1,1992,1
"7683",443,1997,3.5518434047699,0,1992,1
"7684",443,1998,3.45539355278015,0,1992,1
"7685",443,1999,4.58821153640747,0,1992,1
"7686",443,2000,4.67938470840454,0,1992,1
"7687",443,2001,5.01870346069336,0,1992,1
"7688",443,2002,5.07917737960815,0,1992,1
"7689",443,2003,5.77101755142212,0,1992,1
"7690",443,2004,5.6967625617981,0,1992,1
"7691",443,2005,5.66955471038818,0,1992,1
"7692",443,2006,6.39142608642578,0,1992,1
"7693",443,2007,6.43700456619263,0,1992,1
"7694",443,2008,6.31173276901245,0,1992,1
"7695",443,2009,6.44299030303955,0,1992,1
"7696",443,2010,6.3954029083252,1,1992,1
"7697",443,2011,6.33468008041382,1,1992,1
"7698",443,2012,6.2748875617981,1,1992,1
"7699",444,1992,-0.251536667346954,0,NA,0
"7700",444,1993,-0.271739393472672,0,NA,0
"7701",444,1994,0.0846425741910934,0,NA,0
"7702",444,1995,-0.10821358114481,0,NA,0
"7703",444,1996,-0.0715184137225151,0,NA,0
"7704",444,1997,2.38482308387756,0,NA,0
"7705",444,1998,1.0159205198288,0,NA,0
"7706",444,1999,0.992663681507111,0,NA,0
"7707",444,2000,0.992663681507111,0,NA,0
"7708",444,2001,1.06260180473328,0,NA,0
"7709",444,2002,1.13145339488983,0,NA,0
"7710",444,2003,1.8221663236618,0,NA,0
"7711",444,2004,2.16771769523621,0,NA,0
"7712",444,2005,2.14869284629822,0,NA,0
"7713",444,2006,2.44939994812012,0,NA,0
"7714",444,2007,2.49117636680603,0,NA,0
"7715",444,2008,2.94076037406921,0,NA,0
"7716",444,2009,2.9380316734314,0,NA,0
"7717",444,2010,2.92398834228516,0,NA,0
"7718",444,2011,2.18950796127319,0,NA,0
"7719",444,2012,2.71067142486572,0,NA,0
"7720",445,1992,3.09121823310852,0,1997,2
"7721",445,1993,3.43844676017761,0,1997,2
"7722",445,1994,3.58036637306213,0,1997,2
"7723",445,1995,3.50559592247009,0,1997,2
"7724",445,1996,3.43366765975952,0,1997,2
"7725",445,1997,3.41008257865906,1,1997,2
"7726",445,1998,3.06384301185608,1,1997,2
"7727",445,1999,3.46078419685364,1,1997,2
"7728",445,2000,3.76180005073547,1,1997,2
"7729",445,2001,4.40461015701294,1,1997,2
"7730",445,2002,4.49813461303711,1,1997,2
"7731",445,2003,4.99667072296143,1,1997,2
"7732",445,2004,5.12100315093994,1,1997,2
"7733",445,2005,5.23440217971802,1,1997,2
"7734",445,2006,6.62514638900757,1,1997,2
"7735",445,2007,6.63878202438354,1,1997,2
"7736",445,2008,6.61414623260498,1,1997,2
"7737",445,2009,6.61990308761597,1,1997,2
"7738",445,2010,6.67913293838501,0,1997,2
"7739",445,2011,6.71618413925171,0,1997,2
"7740",445,2012,6.70016384124756,0,1997,2
"7758",447,2009,6.50004768371582,0,NA,0
"7759",447,2010,6.55574560165405,0,NA,0
"7760",447,2011,6.47592973709106,0,NA,0
"7761",447,2012,6.27252006530762,0,NA,0
"7762",448,1992,0.458865821361542,0,NA,0
"7763",448,1993,0.532760739326477,0,NA,0
"7764",448,1994,0.581678211688995,0,NA,0
"7765",448,1995,0.539161622524261,0,NA,0
"7766",448,1996,0.575613915920258,0,NA,0
"7767",448,1997,0.57262134552002,0,NA,0
"7768",448,1998,0.483101069927216,0,NA,0
"7769",448,1999,0.429368197917938,0,NA,0
"7770",448,2000,0.428426146507263,0,NA,0
"7771",448,2001,0.419054001569748,0,NA,0
"7772",448,2002,0.433145314455032,0,NA,0
"7773",448,2003,1.14786517620087,0,NA,0
"7774",448,2004,1.74061465263367,0,NA,0
"7775",448,2005,1.97625231742859,0,NA,0
"7776",448,2006,1.86668884754181,0,NA,0
"7777",448,2007,2.22343730926514,0,NA,0
"7778",448,2008,2.26699423789978,0,NA,0
"7779",448,2009,2.19452548027039,0,NA,0
"7781",448,2011,2.37574696540833,0,NA,0
"7782",448,2012,2.77815055847168,0,NA,0
"7786",449,1995,0.775943398475647,0,NA,0
"7787",449,1996,0.631024718284607,0,NA,0
"7788",449,1997,0.747289538383484,0,NA,0
"7789",450,1998,3.38005304336548,0,2010,3
"7790",450,1999,3.33733296394348,0,2010,3
"7791",450,2000,3.56737518310547,0,2010,3
"7792",450,2001,4.20971155166626,0,2010,3
"7793",450,2002,4.39759540557861,0,2010,3
"7794",450,2003,4.6096887588501,0,2010,3
"7795",450,2004,4.84422254562378,0,2010,3
"7796",450,2005,4.90805292129517,0,2010,3
"7797",450,2006,6.41623735427856,0,2010,3
"7798",450,2007,6.50305604934692,0,2010,3
"7799",450,2008,6.45611238479614,0,2010,3
"7800",450,2009,6.55926370620728,0,2010,3
"7801",450,2010,6.52733135223389,1,2010,3
"7802",450,2011,6.60903406143188,1,2010,3
"7803",450,2012,6.54029560089111,1,2010,3
"7804",451,1992,3.62929010391235,0,1997,2
"7805",451,1993,3.71520757675171,0,1997,2
"7806",451,1994,3.698805809021,0,1997,2
"7807",451,1995,3.52602553367615,0,1997,2
"7808",451,1996,3.3944821357727,0,1997,2
"7809",451,1997,3.32137942314148,1,1997,2
"7810",451,1998,3.47241544723511,1,1997,2
"7811",451,1999,3.68076229095459,1,1997,2
"7812",451,2000,4.05250120162964,1,1997,2
"7813",451,2001,4.69636487960815,1,1997,2
"7814",451,2002,5.02929544448853,0,1997,2
"7815",451,2003,5.16176176071167,0,1997,2
"7816",451,2004,5.42985200881958,0,1997,2
"7817",451,2005,5.55389213562012,0,1997,2
"7818",451,2006,6.66675710678101,0,1997,2
"7819",451,2007,6.68017292022705,0,1997,2
"7820",451,2008,6.61829996109009,0,1997,2
"7821",451,2009,6.72346639633179,0,1997,2
"7822",451,2010,6.7269458770752,0,1997,2
"7823",451,2011,6.76759481430054,0,1997,2
"7824",451,2012,6.62322902679443,0,1997,2
"7825",452,1992,-0.6931471824646,1,1992,1
"7826",452,1993,0.383825927972794,1,1992,1
"7827",452,1994,0.474458009004593,0,1992,1
"7828",452,1995,0.501856982707977,0,1992,1
"7829",452,1996,0.51738303899765,0,1992,1
"7830",452,1997,0.508649349212646,0,1992,1
"7831",452,1998,0.362100839614868,0,1992,1
"7832",452,1999,0.367556393146515,0,1992,1
"7833",452,2000,-0.229152873158455,0,1992,1
"7834",452,2001,-0.233896374702454,0,1992,1
"7835",452,2002,-0.237099826335907,0,1992,1
"7836",452,2003,1.20619750022888,0,1992,1
"7837",452,2004,2.0520658493042,0,1992,1
"7838",452,2005,1.28006732463837,0,1992,1
"7839",452,2006,1.66374003887177,0,1992,1
"7840",452,2007,1.86967504024506,0,1992,1
"7841",452,2008,2.28490495681763,0,1992,1
"7842",452,2009,2.01854348182678,0,1992,1
"7843",452,2010,2.42109107971191,0,1992,1
"7844",452,2011,2.54629492759705,1,1992,1
"7845",452,2012,2.89452242851257,1,1992,1
"7846",453,1992,-0.115541070699692,0,NA,0
"7847",453,1993,1.1953147649765,0,NA,0
"7848",453,1994,-0.076099343597889,0,NA,0
"7849",453,1995,-0.0643052160739899,0,NA,0
"7850",453,1996,0.133005693554878,0,NA,0
"7851",453,1997,0.188351258635521,0,NA,0
"7852",454,1998,3.76666188240051,0,2010,3
"7853",454,1999,3.26030278205872,0,2010,3
"7854",454,2000,3.86528491973877,0,2010,3
"7855",454,2001,4.23977518081665,0,2010,3
"7856",454,2002,4.65356588363647,0,2010,3
"7857",454,2003,4.56015634536743,0,2010,3
"7858",454,2004,4.65490961074829,0,2010,3
"7859",454,2005,4.81215190887451,0,2010,3
"7860",454,2006,6.39770746231079,0,2010,3
"7861",454,2007,6.47380447387695,0,2010,3
"7862",454,2008,6.5152153968811,0,2010,3
"7863",454,2009,6.59521150588989,0,2010,3
"7864",454,2010,6.6394362449646,1,2010,3
"7865",454,2011,6.72377443313599,1,2010,3
"7866",454,2012,6.73849534988403,1,2010,3
"7867",455,1992,3.72474217414856,0,1997,2
"7868",455,1993,4.04696941375732,0,1997,2
"7869",455,1994,4.09725618362427,0,1997,2
"7870",455,1995,3.8704400062561,0,1997,2
"7871",455,1996,3.74562311172485,0,1997,2
"7872",455,1997,3.73292183876038,1,1997,2
"7873",455,1998,3.81015563011169,1,1997,2
"7874",455,1999,3.87877607345581,1,1997,2
"7875",455,2000,4.32115268707275,1,1997,2
"7876",455,2001,4.70609664916992,1,1997,2
"7877",455,2002,5.06540679931641,1,1997,2
"7878",455,2003,5.31045198440552,1,1997,2
"7879",455,2004,5.47061681747437,1,1997,2
"7880",455,2005,5.59733200073242,1,1997,2
"7881",455,2006,6.74009132385254,1,1997,2
"7882",455,2007,6.83089685440063,1,1997,2
"7883",455,2008,6.74614334106445,0,1997,2
"7884",455,2009,6.76930141448975,0,1997,2
"7885",455,2010,6.74396133422852,0,1997,2
"7886",455,2011,6.81051445007324,0,1997,2
"7887",455,2012,6.80987644195557,0,1997,2
"7892",457,1992,0.702774286270142,0,1997,2
"7893",457,1993,0.670240819454193,0,1997,2
"7894",457,1994,0.77223551273346,0,1997,2
"7895",457,1995,0.832520842552185,0,1997,2
"7896",457,1996,0.778304994106293,0,1997,2
"7897",457,1997,0.726345181465149,1,1997,2
"7898",457,1998,0.740238785743713,1,1997,2
"7899",457,1999,0.725670337677002,1,1997,2
"7900",457,2000,0.737598896026611,0,1997,2
"7901",457,2001,0.758007764816284,0,1997,2
"7902",457,2002,0.758007764816284,0,1997,2
"7903",457,2003,1.54532754421234,0,1997,2
"7904",457,2004,4.07100582122803,0,1997,2
"7905",457,2005,2.7396445274353,0,1997,2
"7906",457,2006,2.18214726448059,0,1997,2
"7907",457,2007,1.97708106040955,0,1997,2
"7908",457,2008,2.23504424095154,0,1997,2
"7909",457,2009,2.57548403739929,0,1997,2
"7910",457,2010,2.83089780807495,0,1997,2
"7911",457,2011,2.05863523483276,1,1997,2
"7912",457,2012,2.2866358757019,1,1997,2
"7913",458,1998,3.10127663612366,0,2010,3
"7914",458,1999,3.55864548683167,0,2010,3
"7915",458,2000,3.95638227462769,0,2010,3
"7916",458,2001,4.4201831817627,0,2010,3
"7917",458,2002,4.67137002944946,0,2010,3
"7918",458,2003,4.83197689056396,0,2010,3
"7919",458,2004,4.96650218963623,0,2010,3
"7920",458,2005,5.05380916595459,0,2010,3
"7921",458,2006,6.42850828170776,0,2010,3
"7922",458,2007,6.47186660766602,0,2010,3
"7923",458,2008,6.45850944519043,0,2010,3
"7924",458,2009,6.51924514770508,0,2010,3
"7925",458,2010,6.5091495513916,1,2010,3
"7926",458,2011,6.54060077667236,1,2010,3
"7927",458,2012,6.39484643936157,1,2010,3
"7929",459,1993,0.965953469276428,1,1992,1
"7930",459,1994,0.99242502450943,0,1992,1
"7932",459,1996,0.838571667671204,0,1992,1
"7933",459,1997,0.897941589355469,0,1992,1
"7934",459,1998,0.887658894062042,0,1992,1
"7935",459,1999,0.847155392169952,0,1992,1
"7936",459,2000,0.894090056419373,0,1992,1
"7937",459,2001,0.916290760040283,0,1992,1
"7938",459,2002,0.954609572887421,0,1992,1
"7939",459,2003,1.82418751716614,0,1992,1
"7940",459,2004,2.12818312644958,0,1992,1
"7941",459,2005,2.34739112854004,0,1992,1
"7942",459,2006,2.56101703643799,0,1992,1
"7943",459,2007,2.5295946598053,0,1992,1
"7944",459,2008,2.18135571479797,0,1992,1
"7945",459,2009,1.94705700874329,0,1992,1
"7946",459,2010,2.87100148200989,1,1992,1
"7947",459,2011,2.0582218170166,1,1992,1
"7948",459,2012,2.4297981262207,1,1992,1
"7952",460,1995,1.00444781780243,0,1997,2
"7953",460,1996,0.984597027301788,0,1997,2
"7954",460,1997,0.968672692775726,1,1997,2
"7955",461,1992,0.584217548370361,0,2010,3
"7956",461,1993,0.298366963863373,0,2010,3
"7957",461,1994,0.296168714761734,0,2010,3
"7958",461,1995,0.431721478700638,0,2010,3
"7959",461,1996,0.44972288608551,0,2010,3
"7960",461,1997,0.656677484512329,0,2010,3
"7961",461,1998,0.594207167625427,0,2010,3
"7962",461,1999,0.568287312984467,0,2010,3
"7963",461,2000,0.530209481716156,0,2010,3
"7964",461,2001,0.576253473758698,0,2010,3
"7965",461,2002,0.620936751365662,0,2010,3
"7966",461,2003,1.95560610294342,0,2010,3
"7967",461,2004,1.73251664638519,0,2010,3
"7968",461,2005,1.81468307971954,0,2010,3
"7969",461,2006,1.57215571403503,0,2010,3
"7970",461,2007,2.04569244384766,0,2010,3
"7971",461,2008,2.0554883480072,0,2010,3
"7972",461,2009,2.32035946846008,0,2010,3
"7973",461,2010,2.67951393127441,1,2010,3
"7974",461,2011,2.16106486320496,1,2010,3
"7975",461,2012,2.28621244430542,1,2010,3
"7976",462,1992,0.284571617841721,1,1992,1
"7977",462,1993,0.184396266937256,1,1992,1
"7978",462,1994,0.424211114645004,1,1992,1
"7979",462,1995,0.426742553710938,0,1992,1
"7980",462,1996,0.427710711956024,0,1992,1
"7981",462,1997,0.352955102920532,0,1992,1
"7982",462,1998,0.302810966968536,0,1992,1
"7983",462,1999,0.31526380777359,0,1992,1
"7984",462,2000,0.299009323120117,0,1992,1
"7985",462,2001,0.37923002243042,0,1992,1
"7986",462,2002,0.429856538772583,0,1992,1
"7987",462,2003,1.44305777549744,0,1992,1
"7988",462,2004,1.74173319339752,0,1992,1
"7989",462,2005,1.64673972129822,0,1992,1
"7990",462,2006,2.09667921066284,0,1992,1
"7991",462,2007,2.12846946716309,0,1992,1
"7992",462,2008,2.0192334651947,0,1992,1
"7993",462,2009,1.98513770103455,0,1992,1
"7994",462,2010,2.32463121414185,1,1992,1
"7995",462,2011,2.22574639320374,1,1992,1
"7996",462,2012,2.81607699394226,1,1992,1
"7997",463,1992,0.888147234916687,1,1992,1
"7998",463,1993,0.84522533416748,1,1992,1
"7999",463,1994,0.790293157100677,1,1992,1
"8000",463,1995,0.882157742977142,0,1992,1
"8001",463,1996,0.683531701564789,0,1992,1
"8002",463,1997,0.635932326316833,1,1992,1
"8003",463,1998,0.718704700469971,1,1992,1
"8004",463,1999,0.707331776618958,0,1992,1
"8005",463,2000,0.715725719928741,0,1992,1
"8006",463,2001,0.741404235363007,0,1992,1
"8007",463,2002,0.858693301677704,0,1992,1
"8008",463,2003,1.7301516532898,0,1992,1
"8009",463,2004,1.71668338775635,0,1992,1
"8010",463,2005,2.1383810043335,0,1992,1
"8011",463,2006,2.36515974998474,0,1992,1
"8012",463,2007,2.31758308410645,0,1992,1
"8013",463,2008,2.46829223632812,0,1992,1
"8014",463,2009,2.61652016639709,0,1992,1
"8015",463,2010,2.55119061470032,1,1992,1
"8016",463,2011,2.39781332015991,1,1992,1
"8017",463,2012,2.67210364341736,1,1992,1
"8018",464,1992,0.554420948028564,0,1997,2
"8019",464,1993,0.606606721878052,0,1997,2
"8020",464,1994,0.654740810394287,0,1997,2
"8021",464,1995,0.645121276378632,0,1997,2
"8022",464,1996,0.651256263256073,0,1997,2
"8023",464,1997,0.629968285560608,1,1997,2
"8024",464,1998,0.640224754810333,1,1997,2
"8025",464,1999,0.640224754810333,0,1997,2
"8026",464,2000,0.656007647514343,0,1997,2
"8027",464,2001,0.664679288864136,0,1997,2
"8028",464,2002,0.957112729549408,0,1997,2
"8029",464,2003,1.86407208442688,0,1997,2
"8030",464,2004,1.94000172615051,0,1997,2
"8031",464,2005,1.86942028999329,0,1997,2
"8032",464,2006,2.29851174354553,0,1997,2
"8033",464,2007,2.30559873580933,0,1997,2
"8034",464,2008,2.19129920005798,0,1997,2
"8035",464,2009,2.68755769729614,0,1997,2
"8036",464,2010,2.7648332118988,1,1997,2
"8037",464,2011,2.57950615882874,1,1997,2
"8038",464,2012,2.71313405036926,1,1997,2
"8039",465,1992,1.02678656578064,0,NA,0
"8040",465,1993,1.09211874008179,0,NA,0
"8041",465,1994,1.02203583717346,0,NA,0
"8042",465,1995,1.01160097122192,0,NA,0
"8043",466,1996,2.77592873573303,0,1997,2
"8044",466,1997,3.20095109939575,1,1997,2
"8045",466,1998,3.23377847671509,1,1997,2
"8046",466,1999,3.08109974861145,1,1997,2
"8047",466,2000,3.47675561904907,1,1997,2
"8048",466,2001,4.33944272994995,1,1997,2
"8049",466,2002,4.5449104309082,1,1997,2
"8050",466,2003,4.75659084320068,0,1997,2
"8051",466,2004,5.0420093536377,0,1997,2
"8052",466,2005,5.14191579818726,0,1997,2
"8053",466,2006,6.35360383987427,0,1997,2
"8054",466,2007,6.37912082672119,0,1997,2
"8055",466,2008,6.36878252029419,0,1997,2
"8056",466,2009,6.34480094909668,0,1997,2
"8057",466,2010,6.3640866279602,0,1997,2
"8058",466,2011,6.44526433944702,0,1997,2
"8059",466,2012,6.43341827392578,0,1997,2
