"","swis_code","reassessed","appointed","year","cohort"
"1","12000",0,0,"1987",1
"2","12000",0,0,"1988",1
"3","12000",0,0,"1989",1
"4","12000",0,0,"1990",1
"5","12000",0,0,"1991",1
"6","12000",0,0,"1992",1
"7","12000",0,0,"1993",1
"8","12000",0,0,"1994",1
"9","12000",0,0,"1995",1
"10","12000",0,0,"1996",1
"11","12000",100,0,"1997",1
"12","12000",0,0,"1998",1
"13","12000",0,0,"1999",1
"14","12000",0,0,"2000",1
"15","12000",0,0,"2001",1
"16","12000",0,0,"2002",1
"17","12000",0,0,"2003",1
"18","12000",0,0,"2004",1
"19","12000",0,0,"2005",1
"20","12000",0,0,"2006",1
"21","12000",0,0,"2007",1
"22","12000",0,0,"2008",1
"23","12000",0,0,"2009",1
"24","12000",0,0,"2010",1
"25","12000",0,0,"2011",1
"51","12400",0,0,"1987",16
"52","12400",0,0,"1988",16
"53","12400",0,0,"1989",16
"54","12400",0,0,"1990",16
"55","12400",0,0,"1991",16
"56","12400",0,0,"1992",16
"57","12400",0,0,"1993",16
"58","12400",0,0,"1994",16
"59","12400",0,0,"1995",16
"60","12400",0,0,"1996",16
"61","12400",0,1,"1997",16
"62","12400",0,1,"1998",16
"63","12400",0,1,"1999",16
"64","12400",100,1,"2000",16
"65","12400",0,1,"2001",16
"66","12400",0,1,"2002",16
"67","12400",0,1,"2003",16
"68","12400",0,1,"2004",16
"69","12400",0,1,"2005",16
"70","12400",0,1,"2006",16
"71","12400",100,1,"2007",16
"72","12400",0,1,"2008",16
"73","12400",0,1,"2009",16
"74","12400",0,1,"2010",16
"75","12400",0,1,"2011",16
"176","13400",0,0,"1987",16
"177","13400",0,0,"1988",16
"178","13400",0,0,"1989",16
"179","13400",0,0,"1990",16
"180","13400",0,0,"1991",16
"181","13400",0,0,"1992",16
"182","13400",100,0,"1993",16
"183","13400",0,0,"1994",16
"184","13400",0,0,"1995",16
"185","13400",0,0,"1996",16
"186","13400",100,1,"1997",16
"187","13400",0,1,"1998",16
"188","13400",0,1,"1999",16
"189","13400",0,1,"2000",16
"190","13400",0,1,"2001",16
"191","13400",0,1,"2002",16
"192","13400",0,1,"2003",16
"193","13400",0,1,"2004",16
"194","13400",0,1,"2005",16
"195","13400",100,1,"2006",16
"196","13400",0,1,"2007",16
"197","13400",0,1,"2008",16
"198","13400",0,1,"2009",16
"199","13400",0,1,"2010",16
"200","13400",0,1,"2011",16
"201","13600",0,0,"1987",1
"202","13600",0,0,"1988",1
"203","13600",0,0,"1989",1
"204","13600",0,0,"1990",1
"205","13600",0,0,"1991",1
"206","13600",0,0,"1992",1
"207","13600",0,0,"1993",1
"208","13600",0,0,"1994",1
"209","13600",0,0,"1995",1
"210","13600",0,0,"1996",1
"211","13600",0,0,"1997",1
"212","13600",100,0,"1998",1
"213","13600",0,0,"1999",1
"214","13600",0,0,"2000",1
"215","13600",0,0,"2001",1
"216","13600",0,0,"2002",1
"217","13600",0,0,"2003",1
"218","13600",0,0,"2004",1
"219","13600",0,0,"2005",1
"220","13600",0,0,"2006",1
"221","13600",0,0,"2007",1
"222","13600",0,0,"2008",1
"223","13600",0,0,"2009",1
"224","13600",0,0,"2010",1
"225","13600",0,0,"2011",1
"226","13800",0,0,"1987",12
"227","13800",0,0,"1988",12
"228","13800",0,0,"1989",12
"229","13800",0,0,"1990",12
"230","13800",0,0,"1991",12
"231","13800",0,0,"1992",12
"232","13800",0,0,"1993",12
"233","13800",0,0,"1994",12
"234","13800",0,0,"1995",12
"235","13800",0,0,"1996",12
"236","13800",0,0,"1997",12
"237","13800",0,0,"1998",12
"238","13800",0,0,"1999",12
"239","13800",0,0,"2000",12
"240","13800",0,1,"2001",12
"241","13800",0,1,"2002",12
"242","13800",0,1,"2003",12
"243","13800",0,1,"2004",12
"244","13800",0,1,"2005",12
"245","13800",0,1,"2006",12
"246","13800",0,1,"2007",12
"247","13800",0,1,"2008",12
"248","13800",0,1,"2009",12
"249","13800",0,1,"2010",12
"250","13800",0,1,"2011",12
"251","22000",0,0,"1987",23
"252","22000",0,0,"1988",23
"253","22000",0,0,"1989",23
"254","22000",0,1,"1990",23
"255","22000",0,1,"1991",23
"256","22000",0,1,"1992",23
"257","22000",0,1,"1993",23
"258","22000",0,1,"1994",23
"259","22000",0,1,"1995",23
"260","22000",100,1,"1996",23
"261","22000",0,1,"1997",23
"262","22000",0,1,"1998",23
"263","22000",0,1,"1999",23
"264","22000",0,1,"2000",23
"265","22000",0,1,"2001",23
"266","22000",0,1,"2002",23
"267","22000",0,1,"2003",23
"268","22000",0,1,"2004",23
"269","22000",0,1,"2005",23
"270","22000",0,1,"2006",23
"271","22000",100,1,"2007",23
"272","22000",100,1,"2008",23
"273","22000",100,1,"2009",23
"274","22000",100,1,"2010",23
"275","22000",0,1,"2011",23
"276","22200",0,0,"1987",14
"277","22200",0,0,"1988",14
"278","22200",0,0,"1989",14
"279","22200",0,0,"1990",14
"280","22200",0,0,"1991",14
"281","22200",0,0,"1992",14
"282","22200",0,0,"1993",14
"283","22200",0,0,"1994",14
"284","22200",0,0,"1995",14
"285","22200",0,0,"1996",14
"286","22200",100,0,"1997",14
"287","22200",0,0,"1998",14
"288","22200",0,1,"1999",14
"289","22200",0,1,"2000",14
"290","22200",0,1,"2001",14
"291","22200",0,1,"2002",14
"292","22200",0,1,"2003",14
"293","22200",0,1,"2004",14
"294","22200",100,1,"2005",14
"295","22200",100,1,"2006",14
"296","22200",100,1,"2007",14
"297","22200",0,1,"2008",14
"298","22200",100,1,"2009",14
"299","22200",100,1,"2010",14
"300","22200",100,1,"2011",14
"351","22800",0,0,"1987",24
"352","22800",0,0,"1988",24
"353","22800",0,1,"1989",24
"354","22800",0,1,"1990",24
"355","22800",0,1,"1991",24
"356","22800",100,1,"1992",24
"357","22800",0,1,"1993",24
"358","22800",0,1,"1994",24
"359","22800",0,1,"1995",24
"360","22800",0,1,"1996",24
"361","22800",0,1,"1997",24
"362","22800",0,1,"1998",24
"363","22800",0,1,"1999",24
"364","22800",0,1,"2000",24
"365","22800",0,1,"2001",24
"366","22800",0,1,"2002",24
"367","22800",0,1,"2003",24
"368","22800",0,1,"2004",24
"369","22800",0,1,"2005",24
"370","22800",0,1,"2006",24
"371","22800",0,1,"2007",24
"372","22800",0,1,"2008",24
"373","22800",0,1,"2009",24
"374","22800",0,1,"2010",24
"375","22800",100,1,"2011",24
"401","23200",0,0,"1987",14
"402","23200",0,0,"1988",14
"403","23200",0,0,"1989",14
"404","23200",0,0,"1990",14
"405","23200",0,0,"1991",14
"406","23200",0,0,"1992",14
"407","23200",100,0,"1993",14
"408","23200",0,0,"1994",14
"409","23200",0,0,"1995",14
"410","23200",0,0,"1996",14
"411","23200",0,0,"1997",14
"412","23200",0,0,"1998",14
"413","23200",0,1,"1999",14
"414","23200",100,1,"2000",14
"415","23200",100,1,"2001",14
"416","23200",100,1,"2002",14
"417","23200",100,1,"2003",14
"418","23200",0,1,"2004",14
"419","23200",0,1,"2005",14
"420","23200",100,1,"2006",14
"421","23200",100,1,"2007",14
"422","23200",100,1,"2008",14
"423","23200",100,1,"2009",14
"424","23200",0,1,"2010",14
"425","23200",0,1,"2011",14
"426","23400",0,0,"1987",14
"427","23400",0,0,"1988",14
"428","23400",0,0,"1989",14
"429","23400",0,0,"1990",14
"430","23400",0,0,"1991",14
"431","23400",0,0,"1992",14
"432","23400",0,0,"1993",14
"433","23400",0,0,"1994",14
"434","23400",100,0,"1995",14
"435","23400",0,0,"1996",14
"436","23400",0,0,"1997",14
"437","23400",0,0,"1998",14
"438","23400",0,1,"1999",14
"439","23400",0,1,"2000",14
"440","23400",0,1,"2001",14
"441","23400",0,1,"2002",14
"442","23400",0,1,"2003",14
"443","23400",0,1,"2004",14
"444","23400",0,1,"2005",14
"445","23400",0,1,"2006",14
"446","23400",0,1,"2007",14
"447","23400",100,1,"2008",14
"448","23400",0,1,"2009",14
"449","23400",0,1,"2010",14
"450","23400",0,1,"2011",14
"451","23600",0,0,"1987",23
"452","23600",0,0,"1988",23
"453","23600",0,0,"1989",23
"454","23600",0,1,"1990",23
"455","23600",0,1,"1991",23
"456","23600",0,1,"1992",23
"457","23600",0,1,"1993",23
"458","23600",100,1,"1994",23
"459","23600",0,1,"1995",23
"460","23600",0,1,"1996",23
"461","23600",0,1,"1997",23
"462","23600",0,1,"1998",23
"463","23600",0,1,"1999",23
"464","23600",0,1,"2000",23
"465","23600",100,1,"2001",23
"466","23600",100,1,"2002",23
"467","23600",100,1,"2003",23
"468","23600",100,1,"2004",23
"469","23600",100,1,"2005",23
"470","23600",100,1,"2006",23
"471","23600",100,1,"2007",23
"472","23600",100,1,"2008",23
"473","23600",100,1,"2009",23
"474","23600",100,1,"2010",23
"475","23600",100,1,"2011",23
"501","24000",0,0,"1987",14
"502","24000",0,0,"1988",14
"503","24000",0,0,"1989",14
"504","24000",0,0,"1990",14
"505","24000",0,0,"1991",14
"506","24000",0,0,"1992",14
"507","24000",100,0,"1993",14
"508","24000",0,0,"1994",14
"509","24000",0,0,"1995",14
"510","24000",100,0,"1996",14
"511","24000",0,0,"1997",14
"512","24000",0,0,"1998",14
"513","24000",0,1,"1999",14
"514","24000",0,1,"2000",14
"515","24000",100,1,"2001",14
"516","24000",100,1,"2002",14
"517","24000",100,1,"2003",14
"518","24000",100,1,"2004",14
"519","24000",100,1,"2005",14
"520","24000",100,1,"2006",14
"521","24000",100,1,"2007",14
"522","24000",100,1,"2008",14
"523","24000",0,1,"2009",14
"524","24000",100,1,"2010",14
"525","24000",0,1,"2011",14
"526","24200",0,0,"1987",14
"527","24200",0,0,"1988",14
"528","24200",0,0,"1989",14
"529","24200",0,0,"1990",14
"530","24200",0,0,"1991",14
"531","24200",0,0,"1992",14
"532","24200",0,0,"1993",14
"533","24200",0,0,"1994",14
"534","24200",100,0,"1995",14
"535","24200",0,0,"1996",14
"536","24200",0,0,"1997",14
"537","24200",0,0,"1998",14
"538","24200",0,1,"1999",14
"539","24200",0,1,"2000",14
"540","24200",100,1,"2001",14
"541","24200",100,1,"2002",14
"542","24200",100,1,"2003",14
"543","24200",100,1,"2004",14
"544","24200",100,1,"2005",14
"545","24200",0,1,"2006",14
"546","24200",0,1,"2007",14
"547","24200",100,1,"2008",14
"548","24200",100,1,"2009",14
"549","24200",100,1,"2010",14
"550","24200",0,1,"2011",14
"551","24400",0,0,"1987",14
"552","24400",0,0,"1988",14
"553","24400",0,0,"1989",14
"554","24400",0,0,"1990",14
"555","24400",0,0,"1991",14
"556","24400",0,0,"1992",14
"557","24400",0,0,"1993",14
"558","24400",0,0,"1994",14
"559","24400",0,0,"1995",14
"560","24400",0,0,"1996",14
"561","24400",100,0,"1997",14
"562","24400",0,0,"1998",14
"563","24400",0,1,"1999",14
"564","24400",0,1,"2000",14
"565","24400",0,1,"2001",14
"566","24400",0,1,"2002",14
"567","24400",100,1,"2003",14
"568","24400",100,1,"2004",14
"569","24400",100,1,"2005",14
"570","24400",100,1,"2006",14
"571","24400",100,1,"2007",14
"572","24400",100,1,"2008",14
"573","24400",100,1,"2009",14
"574","24400",0,1,"2010",14
"575","24400",100,1,"2011",14
"576","24600",0,0,"1987",14
"577","24600",0,0,"1988",14
"578","24600",0,0,"1989",14
"579","24600",0,0,"1990",14
"580","24600",0,0,"1991",14
"581","24600",0,0,"1992",14
"582","24600",0,0,"1993",14
"583","24600",0,0,"1994",14
"584","24600",0,0,"1995",14
"585","24600",100,0,"1996",14
"586","24600",0,0,"1997",14
"587","24600",0,0,"1998",14
"588","24600",0,1,"1999",14
"589","24600",0,1,"2000",14
"590","24600",0,1,"2001",14
"591","24600",0,1,"2002",14
"592","24600",0,1,"2003",14
"593","24600",0,1,"2004",14
"594","24600",0,1,"2005",14
"595","24600",0,1,"2006",14
"596","24600",0,1,"2007",14
"597","24600",0,1,"2008",14
"598","24600",100,1,"2009",14
"599","24600",100,1,"2010",14
"600","24600",0,1,"2011",14
"601","24800",0,0,"1987",1
"602","24800",0,0,"1988",1
"603","24800",0,0,"1989",1
"604","24800",0,0,"1990",1
"605","24800",0,0,"1991",1
"606","24800",100,0,"1992",1
"607","24800",0,0,"1993",1
"608","24800",0,0,"1994",1
"609","24800",0,0,"1995",1
"610","24800",0,0,"1996",1
"611","24800",0,0,"1997",1
"612","24800",0,0,"1998",1
"613","24800",0,0,"1999",1
"614","24800",100,0,"2000",1
"615","24800",0,0,"2001",1
"616","24800",0,0,"2002",1
"617","24800",0,0,"2003",1
"618","24800",0,0,"2004",1
"619","24800",0,0,"2005",1
"620","24800",0,0,"2006",1
"621","24800",0,0,"2007",1
"622","24800",0,0,"2008",1
"623","24800",100,0,"2009",1
"624","24800",100,0,"2010",1
"625","24800",0,0,"2011",1
"651","25200",0,0,"1987",1
"652","25200",0,0,"1988",1
"653","25200",0,0,"1989",1
"654","25200",0,0,"1990",1
"655","25200",0,0,"1991",1
"656","25200",0,0,"1992",1
"657","25200",0,0,"1993",1
"658","25200",100,0,"1994",1
"659","25200",0,0,"1995",1
"660","25200",0,0,"1996",1
"661","25200",0,0,"1997",1
"662","25200",0,0,"1998",1
"663","25200",0,0,"1999",1
"664","25200",0,0,"2000",1
"665","25200",0,0,"2001",1
"666","25200",0,0,"2002",1
"667","25200",0,0,"2003",1
"668","25200",0,0,"2004",1
"669","25200",100,0,"2005",1
"670","25200",100,0,"2006",1
"671","25200",100,0,"2007",1
"672","25200",100,0,"2008",1
"673","25200",100,0,"2009",1
"674","25200",100,0,"2010",1
"675","25200",0,0,"2011",1
"676","25400",0,0,"1987",23
"677","25400",0,0,"1988",23
"678","25400",0,0,"1989",23
"679","25400",0,1,"1990",23
"680","25400",0,1,"1991",23
"681","25400",0,1,"1992",23
"682","25400",0,1,"1993",23
"683","25400",0,1,"1994",23
"684","25400",0,1,"1995",23
"685","25400",0,1,"1996",23
"686","25400",0,1,"1997",23
"687","25400",0,1,"1998",23
"688","25400",0,1,"1999",23
"689","25400",100,1,"2000",23
"690","25400",0,1,"2001",23
"691","25400",0,1,"2002",23
"692","25400",0,1,"2003",23
"693","25400",0,1,"2004",23
"694","25400",100,1,"2005",23
"695","25400",0,1,"2006",23
"696","25400",0,1,"2007",23
"697","25400",0,1,"2008",23
"698","25400",0,1,"2009",23
"699","25400",0,1,"2010",23
"700","25400",0,1,"2011",23
"701","25600",0,0,"1987",23
"702","25600",0,0,"1988",23
"703","25600",0,0,"1989",23
"704","25600",0,1,"1990",23
"705","25600",100,1,"1991",23
"706","25600",0,1,"1992",23
"707","25600",0,1,"1993",23
"708","25600",0,1,"1994",23
"709","25600",0,1,"1995",23
"710","25600",100,1,"1996",23
"711","25600",0,1,"1997",23
"712","25600",0,1,"1998",23
"713","25600",0,1,"1999",23
"714","25600",0,1,"2000",23
"715","25600",0,1,"2001",23
"716","25600",0,1,"2002",23
"717","25600",0,1,"2003",23
"718","25600",100,1,"2004",23
"719","25600",100,1,"2005",23
"720","25600",100,1,"2006",23
"721","25600",100,1,"2007",23
"722","25600",100,1,"2008",23
"723","25600",100,1,"2009",23
"724","25600",100,1,"2010",23
"725","25600",100,1,"2011",23
"776","26200",0,0,"1987",23
"777","26200",0,0,"1988",23
"778","26200",0,0,"1989",23
"779","26200",0,1,"1990",23
"780","26200",0,1,"1991",23
"781","26200",0,1,"1992",23
"782","26200",100,1,"1993",23
"783","26200",0,1,"1994",23
"784","26200",0,1,"1995",23
"785","26200",0,1,"1996",23
"786","26200",0,1,"1997",23
"787","26200",0,1,"1998",23
"788","26200",0,1,"1999",23
"789","26200",0,1,"2000",23
"790","26200",0,1,"2001",23
"791","26200",100,1,"2002",23
"792","26200",100,1,"2003",23
"793","26200",100,1,"2004",23
"794","26200",100,1,"2005",23
"795","26200",100,1,"2006",23
"796","26200",100,1,"2007",23
"797","26200",0,1,"2008",23
"798","26200",100,1,"2009",23
"799","26200",100,1,"2010",23
"800","26200",0,1,"2011",23
"801","26400",0,0,"1987",23
"802","26400",0,0,"1988",23
"803","26400",0,0,"1989",23
"804","26400",0,1,"1990",23
"805","26400",0,1,"1991",23
"806","26400",0,1,"1992",23
"807","26400",0,1,"1993",23
"808","26400",0,1,"1994",23
"809","26400",100,1,"1995",23
"810","26400",0,1,"1996",23
"811","26400",0,1,"1997",23
"812","26400",0,1,"1998",23
"813","26400",0,1,"1999",23
"814","26400",0,1,"2000",23
"815","26400",100,1,"2001",23
"816","26400",100,1,"2002",23
"817","26400",100,1,"2003",23
"818","26400",100,1,"2004",23
"819","26400",100,1,"2005",23
"820","26400",0,1,"2006",23
"821","26400",100,1,"2007",23
"822","26400",0,1,"2008",23
"823","26400",100,1,"2009",23
"824","26400",0,1,"2010",23
"825","26400",0,1,"2011",23
"826","26600",0,0,"1987",14
"827","26600",0,0,"1988",14
"828","26600",0,0,"1989",14
"829","26600",0,0,"1990",14
"830","26600",0,0,"1991",14
"831","26600",0,0,"1992",14
"832","26600",0,0,"1993",14
"833","26600",0,0,"1994",14
"834","26600",100,0,"1995",14
"835","26600",0,0,"1996",14
"836","26600",0,0,"1997",14
"837","26600",0,0,"1998",14
"838","26600",0,1,"1999",14
"839","26600",0,1,"2000",14
"840","26600",0,1,"2001",14
"841","26600",0,1,"2002",14
"842","26600",0,1,"2003",14
"843","26600",0,1,"2004",14
"844","26600",0,1,"2005",14
"845","26600",0,1,"2006",14
"846","26600",0,1,"2007",14
"847","26600",0,1,"2008",14
"848","26600",0,1,"2009",14
"849","26600",0,1,"2010",14
"850","26600",0,1,"2011",14
"926","27400",0,0,"1987",23
"927","27400",0,0,"1988",23
"928","27400",0,0,"1989",23
"929","27400",100,1,"1990",23
"930","27400",0,1,"1991",23
"931","27400",0,1,"1992",23
"932","27400",0,1,"1993",23
"933","27400",0,1,"1994",23
"934","27400",0,1,"1995",23
"935","27400",0,1,"1996",23
"936","27400",0,1,"1997",23
"937","27400",100,1,"1998",23
"938","27400",0,1,"1999",23
"939","27400",0,1,"2000",23
"940","27400",0,1,"2001",23
"941","27400",0,1,"2002",23
"942","27400",0,1,"2003",23
"943","27400",100,1,"2004",23
"944","27400",0,1,"2005",23
"945","27400",0,1,"2006",23
"946","27400",100,1,"2007",23
"947","27400",100,1,"2008",23
"948","27400",100,1,"2009",23
"949","27400",100,1,"2010",23
"950","27400",0,1,"2011",23
"951","27600",0,0,"1987",1
"952","27600",0,0,"1988",1
"953","27600",0,0,"1989",1
"954","27600",0,0,"1990",1
"955","27600",0,0,"1991",1
"956","27600",0,0,"1992",1
"957","27600",0,0,"1993",1
"958","27600",0,0,"1994",1
"959","27600",0,0,"1995",1
"960","27600",100,0,"1996",1
"961","27600",0,0,"1997",1
"962","27600",0,0,"1998",1
"963","27600",0,0,"1999",1
"964","27600",0,0,"2000",1
"965","27600",100,0,"2001",1
"966","27600",0,0,"2002",1
"967","27600",0,0,"2003",1
"968","27600",0,0,"2004",1
"969","27600",0,0,"2005",1
"970","27600",0,0,"2006",1
"971","27600",0,0,"2007",1
"972","27600",100,0,"2008",1
"973","27600",100,0,"2009",1
"974","27600",100,0,"2010",1
"975","27600",0,0,"2011",1
"976","32000",0,0,"1987",1
"977","32000",0,0,"1988",1
"978","32000",0,0,"1989",1
"979","32000",0,0,"1990",1
"980","32000",0,0,"1991",1
"981","32000",0,0,"1992",1
"982","32000",100,0,"1993",1
"983","32000",0,0,"1994",1
"984","32000",0,0,"1995",1
"985","32000",0,0,"1996",1
"986","32000",0,0,"1997",1
"987","32000",0,0,"1998",1
"988","32000",0,0,"1999",1
"989","32000",100,0,"2000",1
"990","32000",0,0,"2001",1
"991","32000",0,0,"2002",1
"992","32000",0,0,"2003",1
"993","32000",0,0,"2004",1
"994","32000",0,0,"2005",1
"995","32000",0,0,"2006",1
"996","32000",0,0,"2007",1
"997","32000",0,0,"2008",1
"998","32000",0,0,"2009",1
"999","32000",0,0,"2010",1
"1000","32000",0,0,"2011",1
"1051","32600",0,0,"1987",1
"1052","32600",0,0,"1988",1
"1053","32600",0,0,"1989",1
"1054","32600",0,0,"1990",1
"1055","32600",0,0,"1991",1
"1056","32600",0,0,"1992",1
"1057","32600",0,0,"1993",1
"1058","32600",0,0,"1994",1
"1059","32600",0,0,"1995",1
"1060","32600",0,0,"1996",1
"1061","32600",0,0,"1997",1
"1062","32600",0,0,"1998",1
"1063","32600",0,0,"1999",1
"1064","32600",0,0,"2000",1
"1065","32600",0,0,"2001",1
"1066","32600",0,0,"2002",1
"1067","32600",0,0,"2003",1
"1068","32600",0,0,"2004",1
"1069","32600",0,0,"2005",1
"1070","32600",0,0,"2006",1
"1071","32600",0,0,"2007",1
"1072","32600",0,0,"2008",1
"1073","32600",0,0,"2009",1
"1074","32600",0,0,"2010",1
"1075","32600",0,0,"2011",1
"1151","33400",0,0,"1987",23
"1152","33400",0,0,"1988",23
"1153","33400",0,0,"1989",23
"1154","33400",0,1,"1990",23
"1155","33400",0,1,"1991",23
"1156","33400",0,1,"1992",23
"1157","33400",100,1,"1993",23
"1158","33400",0,1,"1994",23
"1159","33400",0,1,"1995",23
"1160","33400",0,1,"1996",23
"1161","33400",0,1,"1997",23
"1162","33400",0,1,"1998",23
"1163","33400",0,1,"1999",23
"1164","33400",0,1,"2000",23
"1165","33400",0,1,"2001",23
"1166","33400",0,1,"2002",23
"1167","33400",0,1,"2003",23
"1168","33400",0,1,"2004",23
"1169","33400",0,1,"2005",23
"1170","33400",0,1,"2006",23
"1171","33400",0,1,"2007",23
"1172","33400",0,1,"2008",23
"1173","33400",0,1,"2009",23
"1174","33400",0,1,"2010",23
"1175","33400",0,1,"2011",23
"1176","33600",0,0,"1987",15
"1177","33600",0,0,"1988",15
"1178","33600",0,0,"1989",15
"1179","33600",0,0,"1990",15
"1180","33600",0,0,"1991",15
"1181","33600",0,0,"1992",15
"1182","33600",100,0,"1993",15
"1183","33600",0,0,"1994",15
"1184","33600",0,0,"1995",15
"1185","33600",0,0,"1996",15
"1186","33600",0,0,"1997",15
"1187","33600",0,1,"1998",15
"1188","33600",0,1,"1999",15
"1189","33600",0,1,"2000",15
"1190","33600",0,1,"2001",15
"1191","33600",0,1,"2002",15
"1192","33600",0,1,"2003",15
"1193","33600",0,1,"2004",15
"1194","33600",0,1,"2005",15
"1195","33600",0,1,"2006",15
"1196","33600",0,1,"2007",15
"1197","33600",0,1,"2008",15
"1198","33600",0,1,"2009",15
"1199","33600",0,1,"2010",15
"1200","33600",0,1,"2011",15
"1276","34400",0,0,"1987",11
"1277","34400",0,0,"1988",11
"1278","34400",0,0,"1989",11
"1279","34400",0,0,"1990",11
"1280","34400",0,0,"1991",11
"1281","34400",0,0,"1992",11
"1282","34400",100,0,"1993",11
"1283","34400",0,0,"1994",11
"1284","34400",0,0,"1995",11
"1285","34400",0,0,"1996",11
"1286","34400",0,0,"1997",11
"1287","34400",0,0,"1998",11
"1288","34400",0,0,"1999",11
"1289","34400",0,0,"2000",11
"1290","34400",0,0,"2001",11
"1291","34400",0,1,"2002",11
"1292","34400",0,1,"2003",11
"1293","34400",0,1,"2004",11
"1294","34400",0,1,"2005",11
"1295","34400",0,1,"2006",11
"1296","34400",0,1,"2007",11
"1297","34400",0,1,"2008",11
"1298","34400",0,1,"2009",11
"1299","34400",0,1,"2010",11
"1300","34400",0,1,"2011",11
"1301","34600",0,0,"1987",23
"1302","34600",0,0,"1988",23
"1303","34600",0,0,"1989",23
"1304","34600",0,1,"1990",23
"1305","34600",0,1,"1991",23
"1306","34600",0,1,"1992",23
"1307","34600",0,1,"1993",23
"1308","34600",0,1,"1994",23
"1309","34600",0,1,"1995",23
"1310","34600",0,1,"1996",23
"1311","34600",0,1,"1997",23
"1312","34600",0,1,"1998",23
"1313","34600",0,1,"1999",23
"1314","34600",0,1,"2000",23
"1315","34600",0,1,"2001",23
"1316","34600",0,1,"2002",23
"1317","34600",0,1,"2003",23
"1318","34600",0,1,"2004",23
"1319","34600",0,1,"2005",23
"1320","34600",0,1,"2006",23
"1321","34600",0,1,"2007",23
"1322","34600",0,1,"2008",23
"1323","34600",0,1,"2009",23
"1324","34600",0,1,"2010",23
"1325","34600",0,1,"2011",23
"1351","35000",0,0,"1987",6
"1352","35000",0,0,"1988",6
"1353","35000",0,0,"1989",6
"1354","35000",0,0,"1990",6
"1355","35000",0,0,"1991",6
"1356","35000",0,0,"1992",6
"1357","35000",100,0,"1993",6
"1358","35000",0,0,"1994",6
"1359","35000",0,0,"1995",6
"1360","35000",0,0,"1996",6
"1361","35000",0,0,"1997",6
"1362","35000",0,0,"1998",6
"1363","35000",0,0,"1999",6
"1364","35000",0,0,"2000",6
"1365","35000",0,0,"2001",6
"1366","35000",0,0,"2002",6
"1367","35000",0,0,"2003",6
"1368","35000",0,0,"2004",6
"1369","35000",0,0,"2005",6
"1370","35000",0,0,"2006",6
"1371","35000",0,1,"2007",6
"1372","35000",0,1,"2008",6
"1373","35000",0,1,"2009",6
"1374","35000",0,1,"2010",6
"1375","35000",0,1,"2011",6
"1451","42600",0,0,"1987",9
"1452","42600",0,0,"1988",9
"1453","42600",0,0,"1989",9
"1454","42600",0,0,"1990",9
"1455","42600",0,0,"1991",9
"1456","42600",100,0,"1992",9
"1457","42600",0,0,"1993",9
"1458","42600",0,0,"1994",9
"1459","42600",0,0,"1995",9
"1460","42600",0,0,"1996",9
"1461","42600",100,0,"1997",9
"1462","42600",0,0,"1998",9
"1463","42600",0,0,"1999",9
"1464","42600",100,0,"2000",9
"1465","42600",0,0,"2001",9
"1466","42600",0,0,"2002",9
"1467","42600",0,0,"2003",9
"1468","42600",0,1,"2004",9
"1469","42600",0,1,"2005",9
"1470","42600",0,1,"2006",9
"1471","42600",0,1,"2007",9
"1472","42600",0,1,"2008",9
"1473","42600",0,1,"2009",9
"1474","42600",0,1,"2010",9
"1475","42600",0,1,"2011",9
"1526","43200",0,0,"1987",21
"1527","43200",0,0,"1988",21
"1528","43200",0,0,"1989",21
"1529","43200",0,0,"1990",21
"1530","43200",0,0,"1991",21
"1531","43200",0,1,"1992",21
"1532","43200",100,1,"1993",21
"1533","43200",0,1,"1994",21
"1534","43200",0,1,"1995",21
"1535","43200",0,1,"1996",21
"1536","43200",0,1,"1997",21
"1537","43200",0,1,"1998",21
"1538","43200",0,1,"1999",21
"1539","43200",0,1,"2000",21
"1540","43200",0,1,"2001",21
"1541","43200",100,1,"2002",21
"1542","43200",0,1,"2003",21
"1543","43200",0,1,"2004",21
"1544","43200",0,1,"2005",21
"1545","43200",0,1,"2006",21
"1546","43200",0,1,"2007",21
"1547","43200",0,1,"2008",21
"1548","43200",0,1,"2009",21
"1549","43200",0,1,"2010",21
"1550","43200",0,1,"2011",21
"1551","43600",0,0,"1987",19
"1552","43600",0,0,"1988",19
"1553","43600",0,0,"1989",19
"1554","43600",100,0,"1990",19
"1555","43600",0,0,"1991",19
"1556","43600",0,0,"1992",19
"1557","43600",0,0,"1993",19
"1558","43600",0,1,"1994",19
"1559","43600",0,1,"1995",19
"1560","43600",100,1,"1996",19
"1561","43600",0,1,"1997",19
"1562","43600",0,1,"1998",19
"1563","43600",0,1,"1999",19
"1564","43600",100,1,"2000",19
"1565","43600",0,1,"2001",19
"1566","43600",0,1,"2002",19
"1567","43600",0,1,"2003",19
"1568","43600",0,1,"2004",19
"1569","43600",100,1,"2005",19
"1570","43600",100,1,"2006",19
"1571","43600",100,1,"2007",19
"1572","43600",100,1,"2008",19
"1573","43600",100,1,"2009",19
"1574","43600",100,1,"2010",19
"1575","43600",100,1,"2011",19
"1576","43800",0,0,"1987",14
"1577","43800",0,0,"1988",14
"1578","43800",0,0,"1989",14
"1579","43800",0,0,"1990",14
"1580","43800",0,0,"1991",14
"1581","43800",0,0,"1992",14
"1582","43800",0,0,"1993",14
"1583","43800",100,0,"1994",14
"1584","43800",0,0,"1995",14
"1585","43800",0,0,"1996",14
"1586","43800",0,0,"1997",14
"1587","43800",0,0,"1998",14
"1588","43800",0,1,"1999",14
"1589","43800",0,1,"2000",14
"1590","43800",0,1,"2001",14
"1591","43800",100,1,"2002",14
"1592","43800",0,1,"2003",14
"1593","43800",0,1,"2004",14
"1594","43800",0,1,"2005",14
"1595","43800",0,1,"2006",14
"1596","43800",0,1,"2007",14
"1597","43800",100,1,"2008",14
"1598","43800",100,1,"2009",14
"1599","43800",100,1,"2010",14
"1600","43800",0,1,"2011",14
"1626","44200",0,0,"1987",5
"1627","44200",0,0,"1988",5
"1628","44200",0,0,"1989",5
"1629","44200",0,0,"1990",5
"1630","44200",0,0,"1991",5
"1631","44200",0,0,"1992",5
"1632","44200",0,0,"1993",5
"1633","44200",0,0,"1994",5
"1634","44200",0,0,"1995",5
"1635","44200",0,0,"1996",5
"1636","44200",0,0,"1997",5
"1637","44200",0,0,"1998",5
"1638","44200",0,0,"1999",5
"1639","44200",0,0,"2000",5
"1640","44200",0,0,"2001",5
"1641","44200",0,0,"2002",5
"1642","44200",0,0,"2003",5
"1643","44200",0,0,"2004",5
"1644","44200",0,0,"2005",5
"1645","44200",0,0,"2006",5
"1646","44200",0,0,"2007",5
"1647","44200",0,1,"2008",5
"1648","44200",0,1,"2009",5
"1649","44200",0,1,"2010",5
"1650","44200",0,1,"2011",5
"1651","44400",0,0,"1987",5
"1652","44400",0,0,"1988",5
"1653","44400",0,0,"1989",5
"1654","44400",0,0,"1990",5
"1655","44400",0,0,"1991",5
"1656","44400",0,0,"1992",5
"1657","44400",0,0,"1993",5
"1658","44400",0,0,"1994",5
"1659","44400",0,0,"1995",5
"1660","44400",0,0,"1996",5
"1661","44400",0,0,"1997",5
"1662","44400",0,0,"1998",5
"1663","44400",0,0,"1999",5
"1664","44400",0,0,"2000",5
"1665","44400",0,0,"2001",5
"1666","44400",0,0,"2002",5
"1667","44400",0,0,"2003",5
"1668","44400",0,0,"2004",5
"1669","44400",0,0,"2005",5
"1670","44400",0,0,"2006",5
"1671","44400",0,0,"2007",5
"1672","44400",0,1,"2008",5
"1673","44400",0,1,"2009",5
"1674","44400",0,1,"2010",5
"1675","44400",100,1,"2011",5
"1726","45000",0,0,"1987",5
"1727","45000",0,0,"1988",5
"1728","45000",0,0,"1989",5
"1729","45000",0,0,"1990",5
"1730","45000",0,0,"1991",5
"1731","45000",0,0,"1992",5
"1732","45000",0,0,"1993",5
"1733","45000",0,0,"1994",5
"1734","45000",0,0,"1995",5
"1735","45000",0,0,"1996",5
"1736","45000",0,0,"1997",5
"1737","45000",0,0,"1998",5
"1738","45000",0,0,"1999",5
"1739","45000",0,0,"2000",5
"1740","45000",0,0,"2001",5
"1741","45000",0,0,"2002",5
"1742","45000",0,0,"2003",5
"1743","45000",0,0,"2004",5
"1744","45000",0,0,"2005",5
"1745","45000",0,0,"2006",5
"1746","45000",0,0,"2007",5
"1747","45000",0,1,"2008",5
"1748","45000",0,1,"2009",5
"1749","45000",100,1,"2010",5
"1750","45000",0,1,"2011",5
"1751","45200",0,0,"1987",14
"1752","45200",0,0,"1988",14
"1753","45200",0,0,"1989",14
"1754","45200",0,0,"1990",14
"1755","45200",0,0,"1991",14
"1756","45200",0,0,"1992",14
"1757","45200",0,0,"1993",14
"1758","45200",0,0,"1994",14
"1759","45200",0,0,"1995",14
"1760","45200",0,0,"1996",14
"1761","45200",0,0,"1997",14
"1762","45200",100,0,"1998",14
"1763","45200",0,1,"1999",14
"1764","45200",0,1,"2000",14
"1765","45200",0,1,"2001",14
"1766","45200",0,1,"2002",14
"1767","45200",0,1,"2003",14
"1768","45200",0,1,"2004",14
"1769","45200",0,1,"2005",14
"1770","45200",0,1,"2006",14
"1771","45200",0,1,"2007",14
"1772","45200",0,1,"2008",14
"1773","45200",0,1,"2009",14
"1774","45200",0,1,"2010",14
"1775","45200",100,1,"2011",14
"1776","45400",0,0,"1987",24
"1777","45400",0,0,"1988",24
"1778","45400",0,1,"1989",24
"1779","45400",100,1,"1990",24
"1780","45400",0,1,"1991",24
"1781","45400",0,1,"1992",24
"1782","45400",0,1,"1993",24
"1783","45400",0,1,"1994",24
"1784","45400",100,1,"1995",24
"1785","45400",0,1,"1996",24
"1786","45400",0,1,"1997",24
"1787","45400",0,1,"1998",24
"1788","45400",0,1,"1999",24
"1789","45400",0,1,"2000",24
"1790","45400",0,1,"2001",24
"1791","45400",100,1,"2002",24
"1792","45400",0,1,"2003",24
"1793","45400",0,1,"2004",24
"1794","45400",0,1,"2005",24
"1795","45400",0,1,"2006",24
"1796","45400",0,1,"2007",24
"1797","45400",0,1,"2008",24
"1798","45400",0,1,"2009",24
"1799","45400",0,1,"2010",24
"1800","45400",0,1,"2011",24
"1801","45600",0,0,"1987",22
"1802","45600",0,0,"1988",22
"1803","45600",0,0,"1989",22
"1804","45600",0,0,"1990",22
"1805","45600",0,1,"1991",22
"1806","45600",0,1,"1992",22
"1807","45600",0,1,"1993",22
"1808","45600",0,1,"1994",22
"1809","45600",0,1,"1995",22
"1810","45600",0,1,"1996",22
"1811","45600",0,1,"1997",22
"1812","45600",0,1,"1998",22
"1813","45600",100,1,"1999",22
"1814","45600",0,1,"2000",22
"1815","45600",0,1,"2001",22
"1816","45600",0,1,"2002",22
"1817","45600",100,1,"2003",22
"1818","45600",0,1,"2004",22
"1819","45600",0,1,"2005",22
"1820","45600",0,1,"2006",22
"1821","45600",0,1,"2007",22
"1822","45600",0,1,"2008",22
"1823","45600",0,1,"2009",22
"1824","45600",0,1,"2010",22
"1825","45600",0,1,"2011",22
"1826","45800",0,0,"1987",11
"1827","45800",0,0,"1988",11
"1828","45800",0,0,"1989",11
"1829","45800",0,0,"1990",11
"1830","45800",0,0,"1991",11
"1831","45800",100,0,"1992",11
"1832","45800",0,0,"1993",11
"1833","45800",0,0,"1994",11
"1834","45800",0,0,"1995",11
"1835","45800",0,0,"1996",11
"1836","45800",0,0,"1997",11
"1837","45800",0,0,"1998",11
"1838","45800",0,0,"1999",11
"1839","45800",0,0,"2000",11
"1840","45800",100,0,"2001",11
"1841","45800",0,1,"2002",11
"1842","45800",0,1,"2003",11
"1843","45800",0,1,"2004",11
"1844","45800",0,1,"2005",11
"1845","45800",0,1,"2006",11
"1846","45800",0,1,"2007",11
"1847","45800",0,1,"2008",11
"1848","45800",0,1,"2009",11
"1849","45800",100,1,"2010",11
"1850","45800",0,1,"2011",11
"1851","46000",0,0,"1987",12
"1852","46000",0,0,"1988",12
"1853","46000",0,0,"1989",12
"1854","46000",0,0,"1990",12
"1855","46000",100,0,"1991",12
"1856","46000",0,0,"1992",12
"1857","46000",0,0,"1993",12
"1858","46000",0,0,"1994",12
"1859","46000",0,0,"1995",12
"1860","46000",100,0,"1996",12
"1861","46000",0,0,"1997",12
"1862","46000",0,0,"1998",12
"1863","46000",0,0,"1999",12
"1864","46000",0,0,"2000",12
"1865","46000",0,1,"2001",12
"1866","46000",0,1,"2002",12
"1867","46000",0,1,"2003",12
"1868","46000",100,1,"2004",12
"1869","46000",0,1,"2005",12
"1870","46000",100,1,"2006",12
"1871","46000",100,1,"2007",12
"1872","46000",100,1,"2008",12
"1873","46000",100,1,"2009",12
"1874","46000",100,1,"2010",12
"1875","46000",100,1,"2011",12
"1876","46200",0,0,"1987",1
"1877","46200",0,0,"1988",1
"1878","46200",100,0,"1989",1
"1879","46200",0,0,"1990",1
"1880","46200",0,0,"1991",1
"1881","46200",0,0,"1992",1
"1882","46200",0,0,"1993",1
"1883","46200",0,0,"1994",1
"1884","46200",0,0,"1995",1
"1885","46200",0,0,"1996",1
"1886","46200",0,0,"1997",1
"1887","46200",0,0,"1998",1
"1888","46200",0,0,"1999",1
"1889","46200",100,0,"2000",1
"1890","46200",0,0,"2001",1
"1891","46200",0,0,"2002",1
"1892","46200",0,0,"2003",1
"1893","46200",0,0,"2004",1
"1894","46200",0,0,"2005",1
"1895","46200",0,0,"2006",1
"1896","46200",0,0,"2007",1
"1897","46200",0,0,"2008",1
"1898","46200",0,0,"2009",1
"1899","46200",0,0,"2010",1
"1900","46200",0,0,"2011",1
"1901","46400",0,0,"1987",12
"1902","46400",0,0,"1988",12
"1903","46400",0,0,"1989",12
"1904","46400",0,0,"1990",12
"1905","46400",0,0,"1991",12
"1906","46400",0,0,"1992",12
"1907","46400",0,0,"1993",12
"1908","46400",0,0,"1994",12
"1909","46400",0,0,"1995",12
"1910","46400",0,0,"1996",12
"1911","46400",0,0,"1997",12
"1912","46400",0,0,"1998",12
"1913","46400",0,0,"1999",12
"1914","46400",0,0,"2000",12
"1915","46400",100,1,"2001",12
"1916","46400",0,1,"2002",12
"1917","46400",0,1,"2003",12
"1918","46400",0,1,"2004",12
"1919","46400",0,1,"2005",12
"1920","46400",0,1,"2006",12
"1921","46400",0,1,"2007",12
"1922","46400",0,1,"2008",12
"1923","46400",0,1,"2009",12
"1924","46400",0,1,"2010",12
"1925","46400",0,1,"2011",12
"1951","46800",0,0,"1987",22
"1952","46800",100,0,"1988",22
"1953","46800",0,0,"1989",22
"1954","46800",0,0,"1990",22
"1955","46800",100,1,"1991",22
"1956","46800",0,1,"1992",22
"1957","46800",0,1,"1993",22
"1958","46800",0,1,"1994",22
"1959","46800",0,1,"1995",22
"1960","46800",0,1,"1996",22
"1961","46800",0,1,"1997",22
"1962","46800",0,1,"1998",22
"1963","46800",0,1,"1999",22
"1964","46800",0,1,"2000",22
"1965","46800",0,1,"2001",22
"1966","46800",0,1,"2002",22
"1967","46800",100,1,"2003",22
"1968","46800",0,1,"2004",22
"1969","46800",0,1,"2005",22
"1970","46800",0,1,"2006",22
"1971","46800",0,1,"2007",22
"1972","46800",0,1,"2008",22
"1973","46800",0,1,"2009",22
"1974","46800",0,1,"2010",22
"1975","46800",0,1,"2011",22
"2051","47600",0,0,"1987",1
"2052","47600",0,0,"1988",1
"2053","47600",0,0,"1989",1
"2054","47600",0,0,"1990",1
"2055","47600",100,0,"1991",1
"2056","47600",0,0,"1992",1
"2057","47600",0,0,"1993",1
"2058","47600",0,0,"1994",1
"2059","47600",0,0,"1995",1
"2060","47600",0,0,"1996",1
"2061","47600",0,0,"1997",1
"2062","47600",0,0,"1998",1
"2063","47600",100,0,"1999",1
"2064","47600",0,0,"2000",1
"2065","47600",100,0,"2001",1
"2066","47600",100,0,"2002",1
"2067","47600",100,0,"2003",1
"2068","47600",100,0,"2004",1
"2069","47600",100,0,"2005",1
"2070","47600",100,0,"2006",1
"2071","47600",0,0,"2007",1
"2072","47600",0,0,"2008",1
"2073","47600",0,0,"2009",1
"2074","47600",0,0,"2010",1
"2075","47600",0,0,"2011",1
"2176","52000",0,0,"1987",18
"2177","52000",0,0,"1988",18
"2178","52000",0,0,"1989",18
"2179","52000",0,0,"1990",18
"2180","52000",0,0,"1991",18
"2181","52000",0,0,"1992",18
"2182","52000",0,0,"1993",18
"2183","52000",0,0,"1994",18
"2184","52000",0,1,"1995",18
"2185","52000",0,1,"1996",18
"2186","52000",100,1,"1997",18
"2187","52000",0,1,"1998",18
"2188","52000",0,1,"1999",18
"2189","52000",0,1,"2000",18
"2190","52000",0,1,"2001",18
"2191","52000",0,1,"2002",18
"2192","52000",0,1,"2003",18
"2193","52000",0,1,"2004",18
"2194","52000",0,1,"2005",18
"2195","52000",100,1,"2006",18
"2196","52000",0,1,"2007",18
"2197","52000",0,1,"2008",18
"2198","52000",0,1,"2009",18
"2199","52000",0,1,"2010",18
"2200","52000",100,1,"2011",18
"2201","52200",0,0,"1987",18
"2202","52200",0,0,"1988",18
"2203","52200",100,0,"1989",18
"2204","52200",0,0,"1990",18
"2205","52200",0,0,"1991",18
"2206","52200",0,0,"1992",18
"2207","52200",0,0,"1993",18
"2208","52200",0,0,"1994",18
"2209","52200",0,1,"1995",18
"2210","52200",0,1,"1996",18
"2211","52200",0,1,"1997",18
"2212","52200",0,1,"1998",18
"2213","52200",0,1,"1999",18
"2214","52200",0,1,"2000",18
"2215","52200",100,1,"2001",18
"2216","52200",0,1,"2002",18
"2217","52200",0,1,"2003",18
"2218","52200",0,1,"2004",18
"2219","52200",0,1,"2005",18
"2220","52200",0,1,"2006",18
"2221","52200",100,1,"2007",18
"2222","52200",0,1,"2008",18
"2223","52200",0,1,"2009",18
"2224","52200",0,1,"2010",18
"2225","52200",0,1,"2011",18
"2251","52600",0,0,"1987",18
"2252","52600",0,0,"1988",18
"2253","52600",0,0,"1989",18
"2254","52600",0,0,"1990",18
"2255","52600",0,0,"1991",18
"2256","52600",0,0,"1992",18
"2257","52600",0,0,"1993",18
"2258","52600",0,0,"1994",18
"2259","52600",0,1,"1995",18
"2260","52600",0,1,"1996",18
"2261","52600",0,1,"1997",18
"2262","52600",0,1,"1998",18
"2263","52600",0,1,"1999",18
"2264","52600",0,1,"2000",18
"2265","52600",0,1,"2001",18
"2266","52600",0,1,"2002",18
"2267","52600",100,1,"2003",18
"2268","52600",0,1,"2004",18
"2269","52600",0,1,"2005",18
"2270","52600",0,1,"2006",18
"2271","52600",0,1,"2007",18
"2272","52600",0,1,"2008",18
"2273","52600",0,1,"2009",18
"2274","52600",0,1,"2010",18
"2275","52600",0,1,"2011",18
"2276","52800",0,0,"1987",1
"2277","52800",100,0,"1988",1
"2278","52800",0,0,"1989",1
"2279","52800",0,0,"1990",1
"2280","52800",0,0,"1991",1
"2281","52800",0,0,"1992",1
"2282","52800",0,0,"1993",1
"2283","52800",0,0,"1994",1
"2284","52800",0,0,"1995",1
"2285","52800",0,0,"1996",1
"2286","52800",0,0,"1997",1
"2287","52800",0,0,"1998",1
"2288","52800",0,0,"1999",1
"2289","52800",0,0,"2000",1
"2290","52800",0,0,"2001",1
"2291","52800",0,0,"2002",1
"2292","52800",0,0,"2003",1
"2293","52800",0,0,"2004",1
"2294","52800",0,0,"2005",1
"2295","52800",0,0,"2006",1
"2296","52800",0,0,"2007",1
"2297","52800",0,0,"2008",1
"2298","52800",0,0,"2009",1
"2299","52800",0,0,"2010",1
"2300","52800",0,0,"2011",1
"2301","53000",0,0,"1987",23
"2302","53000",0,0,"1988",23
"2303","53000",0,0,"1989",23
"2304","53000",0,1,"1990",23
"2305","53000",0,1,"1991",23
"2306","53000",0,1,"1992",23
"2307","53000",0,1,"1993",23
"2308","53000",0,1,"1994",23
"2309","53000",0,1,"1995",23
"2310","53000",100,1,"1996",23
"2311","53000",0,1,"1997",23
"2312","53000",0,1,"1998",23
"2313","53000",0,1,"1999",23
"2314","53000",0,1,"2000",23
"2315","53000",0,1,"2001",23
"2316","53000",0,1,"2002",23
"2317","53000",100,1,"2003",23
"2318","53000",0,1,"2004",23
"2319","53000",0,1,"2005",23
"2320","53000",0,1,"2006",23
"2321","53000",0,1,"2007",23
"2322","53000",0,1,"2008",23
"2323","53000",100,1,"2009",23
"2324","53000",100,1,"2010",23
"2325","53000",100,1,"2011",23
"2326","53200",0,0,"1987",12
"2327","53200",0,0,"1988",12
"2328","53200",0,0,"1989",12
"2329","53200",0,0,"1990",12
"2330","53200",0,0,"1991",12
"2331","53200",0,0,"1992",12
"2332","53200",0,0,"1993",12
"2333","53200",0,0,"1994",12
"2334","53200",0,0,"1995",12
"2335","53200",0,0,"1996",12
"2336","53200",0,0,"1997",12
"2337","53200",0,0,"1998",12
"2338","53200",0,0,"1999",12
"2339","53200",100,0,"2000",12
"2340","53200",0,1,"2001",12
"2341","53200",0,1,"2002",12
"2342","53200",100,1,"2003",12
"2343","53200",100,1,"2004",12
"2344","53200",100,1,"2005",12
"2345","53200",100,1,"2006",12
"2346","53200",100,1,"2007",12
"2347","53200",100,1,"2008",12
"2348","53200",100,1,"2009",12
"2349","53200",100,1,"2010",12
"2350","53200",100,1,"2011",12
"2376","53600",0,0,"1987",18
"2377","53600",0,0,"1988",18
"2378","53600",0,0,"1989",18
"2379","53600",0,0,"1990",18
"2380","53600",0,0,"1991",18
"2381","53600",0,0,"1992",18
"2382","53600",0,0,"1993",18
"2383","53600",0,0,"1994",18
"2384","53600",0,1,"1995",18
"2385","53600",0,1,"1996",18
"2386","53600",0,1,"1997",18
"2387","53600",100,1,"1998",18
"2388","53600",0,1,"1999",18
"2389","53600",0,1,"2000",18
"2390","53600",0,1,"2001",18
"2391","53600",0,1,"2002",18
"2392","53600",0,1,"2003",18
"2393","53600",0,1,"2004",18
"2394","53600",100,1,"2005",18
"2395","53600",0,1,"2006",18
"2396","53600",0,1,"2007",18
"2397","53600",0,1,"2008",18
"2398","53600",0,1,"2009",18
"2399","53600",100,1,"2010",18
"2400","53600",100,1,"2011",18
"2401","53800",0,0,"1987",18
"2402","53800",0,0,"1988",18
"2403","53800",0,0,"1989",18
"2404","53800",0,0,"1990",18
"2405","53800",0,0,"1991",18
"2406","53800",0,0,"1992",18
"2407","53800",0,0,"1993",18
"2408","53800",0,0,"1994",18
"2409","53800",0,1,"1995",18
"2410","53800",0,1,"1996",18
"2411","53800",100,1,"1997",18
"2412","53800",0,1,"1998",18
"2413","53800",0,1,"1999",18
"2414","53800",0,1,"2000",18
"2415","53800",0,1,"2001",18
"2416","53800",0,1,"2002",18
"2417","53800",0,1,"2003",18
"2418","53800",0,1,"2004",18
"2419","53800",0,1,"2005",18
"2420","53800",0,1,"2006",18
"2421","53800",0,1,"2007",18
"2422","53800",0,1,"2008",18
"2423","53800",0,1,"2009",18
"2424","53800",0,1,"2010",18
"2425","53800",0,1,"2011",18
"2426","54000",0,0,"1987",18
"2427","54000",0,0,"1988",18
"2428","54000",0,0,"1989",18
"2429","54000",0,0,"1990",18
"2430","54000",0,0,"1991",18
"2431","54000",0,0,"1992",18
"2432","54000",0,0,"1993",18
"2433","54000",0,0,"1994",18
"2434","54000",0,1,"1995",18
"2435","54000",0,1,"1996",18
"2436","54000",0,1,"1997",18
"2437","54000",0,1,"1998",18
"2438","54000",0,1,"1999",18
"2439","54000",0,1,"2000",18
"2440","54000",0,1,"2001",18
"2441","54000",0,1,"2002",18
"2442","54000",0,1,"2003",18
"2443","54000",100,1,"2004",18
"2444","54000",0,1,"2005",18
"2445","54000",0,1,"2006",18
"2446","54000",0,1,"2007",18
"2447","54000",0,1,"2008",18
"2448","54000",0,1,"2009",18
"2449","54000",0,1,"2010",18
"2450","54000",0,1,"2011",18
"2451","54200",0,0,"1987",18
"2452","54200",0,0,"1988",18
"2453","54200",0,0,"1989",18
"2454","54200",0,0,"1990",18
"2455","54200",0,0,"1991",18
"2456","54200",100,0,"1992",18
"2457","54200",0,0,"1993",18
"2458","54200",0,0,"1994",18
"2459","54200",0,1,"1995",18
"2460","54200",0,1,"1996",18
"2461","54200",0,1,"1997",18
"2462","54200",0,1,"1998",18
"2463","54200",0,1,"1999",18
"2464","54200",0,1,"2000",18
"2465","54200",0,1,"2001",18
"2466","54200",0,1,"2002",18
"2467","54200",0,1,"2003",18
"2468","54200",0,1,"2004",18
"2469","54200",0,1,"2005",18
"2470","54200",0,1,"2006",18
"2471","54200",0,1,"2007",18
"2472","54200",0,1,"2008",18
"2473","54200",0,1,"2009",18
"2474","54200",100,1,"2010",18
"2475","54200",100,1,"2011",18
"2526","54800",0,0,"1987",18
"2527","54800",0,0,"1988",18
"2528","54800",0,0,"1989",18
"2529","54800",0,0,"1990",18
"2530","54800",0,0,"1991",18
"2531","54800",0,0,"1992",18
"2532","54800",0,0,"1993",18
"2533","54800",0,0,"1994",18
"2534","54800",0,1,"1995",18
"2535","54800",0,1,"1996",18
"2536","54800",0,1,"1997",18
"2537","54800",0,1,"1998",18
"2538","54800",100,1,"1999",18
"2539","54800",0,1,"2000",18
"2540","54800",0,1,"2001",18
"2541","54800",0,1,"2002",18
"2542","54800",100,1,"2003",18
"2543","54800",0,1,"2004",18
"2544","54800",0,1,"2005",18
"2545","54800",100,1,"2006",18
"2546","54800",0,1,"2007",18
"2547","54800",0,1,"2008",18
"2548","54800",100,1,"2009",18
"2549","54800",0,1,"2010",18
"2550","54800",0,1,"2011",18
"2551","55000",0,0,"1987",3
"2552","55000",0,0,"1988",3
"2553","55000",0,0,"1989",3
"2554","55000",0,0,"1990",3
"2555","55000",0,0,"1991",3
"2556","55000",0,0,"1992",3
"2557","55000",0,0,"1993",3
"2558","55000",0,0,"1994",3
"2559","55000",0,0,"1995",3
"2560","55000",0,0,"1996",3
"2561","55000",0,0,"1997",3
"2562","55000",0,0,"1998",3
"2563","55000",0,0,"1999",3
"2564","55000",0,0,"2000",3
"2565","55000",0,0,"2001",3
"2566","55000",0,0,"2002",3
"2567","55000",0,0,"2003",3
"2568","55000",0,0,"2004",3
"2569","55000",0,0,"2005",3
"2570","55000",0,0,"2006",3
"2571","55000",0,0,"2007",3
"2572","55000",0,0,"2008",3
"2573","55000",0,0,"2009",3
"2574","55000",0,1,"2010",3
"2575","55000",100,1,"2011",3
"2576","55200",0,0,"1987",1
"2577","55200",0,0,"1988",1
"2578","55200",0,0,"1989",1
"2579","55200",0,0,"1990",1
"2580","55200",0,0,"1991",1
"2581","55200",0,0,"1992",1
"2582","55200",0,0,"1993",1
"2583","55200",100,0,"1994",1
"2584","55200",0,0,"1995",1
"2585","55200",0,0,"1996",1
"2586","55200",0,0,"1997",1
"2587","55200",0,0,"1998",1
"2588","55200",0,0,"1999",1
"2589","55200",0,0,"2000",1
"2590","55200",0,0,"2001",1
"2591","55200",0,0,"2002",1
"2592","55200",0,0,"2003",1
"2593","55200",100,0,"2004",1
"2594","55200",0,0,"2005",1
"2595","55200",0,0,"2006",1
"2596","55200",0,0,"2007",1
"2597","55200",0,0,"2008",1
"2598","55200",100,0,"2009",1
"2599","55200",100,0,"2010",1
"2600","55200",0,0,"2011",1
"2626","55600",0,0,"1987",23
"2627","55600",0,0,"1988",23
"2628","55600",0,0,"1989",23
"2629","55600",0,1,"1990",23
"2630","55600",100,1,"1991",23
"2631","55600",0,1,"1992",23
"2632","55600",0,1,"1993",23
"2633","55600",0,1,"1994",23
"2634","55600",0,1,"1995",23
"2635","55600",0,1,"1996",23
"2636","55600",0,1,"1997",23
"2637","55600",100,1,"1998",23
"2638","55600",0,1,"1999",23
"2639","55600",0,1,"2000",23
"2640","55600",0,1,"2001",23
"2641","55600",0,1,"2002",23
"2642","55600",0,1,"2003",23
"2643","55600",100,1,"2004",23
"2644","55600",0,1,"2005",23
"2645","55600",0,1,"2006",23
"2646","55600",0,1,"2007",23
"2647","55600",100,1,"2008",23
"2648","55600",100,1,"2009",23
"2649","55600",100,1,"2010",23
"2650","55600",100,1,"2011",23
"2651","55800",0,0,"1987",6
"2652","55800",0,0,"1988",6
"2653","55800",0,0,"1989",6
"2654","55800",0,0,"1990",6
"2655","55800",0,0,"1991",6
"2656","55800",0,0,"1992",6
"2657","55800",0,0,"1993",6
"2658","55800",0,0,"1994",6
"2659","55800",0,0,"1995",6
"2660","55800",0,0,"1996",6
"2661","55800",0,0,"1997",6
"2662","55800",0,0,"1998",6
"2663","55800",0,0,"1999",6
"2664","55800",0,0,"2000",6
"2665","55800",0,0,"2001",6
"2666","55800",100,0,"2002",6
"2667","55800",0,0,"2003",6
"2668","55800",0,0,"2004",6
"2669","55800",0,0,"2005",6
"2670","55800",0,0,"2006",6
"2671","55800",0,1,"2007",6
"2672","55800",0,1,"2008",6
"2673","55800",100,1,"2009",6
"2674","55800",100,1,"2010",6
"2675","55800",100,1,"2011",6
"2676","56000",0,0,"1987",23
"2677","56000",0,0,"1988",23
"2678","56000",0,0,"1989",23
"2679","56000",0,1,"1990",23
"2680","56000",0,1,"1991",23
"2681","56000",0,1,"1992",23
"2682","56000",0,1,"1993",23
"2683","56000",0,1,"1994",23
"2684","56000",0,1,"1995",23
"2685","56000",0,1,"1996",23
"2686","56000",0,1,"1997",23
"2687","56000",0,1,"1998",23
"2688","56000",0,1,"1999",23
"2689","56000",0,1,"2000",23
"2690","56000",100,1,"2001",23
"2691","56000",0,1,"2002",23
"2692","56000",0,1,"2003",23
"2693","56000",0,1,"2004",23
"2694","56000",0,1,"2005",23
"2695","56000",0,1,"2006",23
"2696","56000",0,1,"2007",23
"2697","56000",100,1,"2008",23
"2698","56000",100,1,"2009",23
"2699","56000",100,1,"2010",23
"2700","56000",100,1,"2011",23
"2701","56200",0,0,"1987",13
"2702","56200",0,0,"1988",13
"2703","56200",0,0,"1989",13
"2704","56200",0,0,"1990",13
"2705","56200",0,0,"1991",13
"2706","56200",0,0,"1992",13
"2707","56200",0,0,"1993",13
"2708","56200",0,0,"1994",13
"2709","56200",0,0,"1995",13
"2710","56200",0,0,"1996",13
"2711","56200",0,0,"1997",13
"2712","56200",0,0,"1998",13
"2713","56200",100,0,"1999",13
"2714","56200",0,1,"2000",13
"2715","56200",0,1,"2001",13
"2716","56200",0,1,"2002",13
"2717","56200",100,1,"2003",13
"2718","56200",0,1,"2004",13
"2719","56200",0,1,"2005",13
"2720","56200",0,1,"2006",13
"2721","56200",0,1,"2007",13
"2722","56200",0,1,"2008",13
"2723","56200",100,1,"2009",13
"2724","56200",100,1,"2010",13
"2725","56200",100,1,"2011",13
"2726","56400",0,0,"1987",23
"2727","56400",0,0,"1988",23
"2728","56400",0,0,"1989",23
"2729","56400",0,1,"1990",23
"2730","56400",0,1,"1991",23
"2731","56400",0,1,"1992",23
"2732","56400",0,1,"1993",23
"2733","56400",0,1,"1994",23
"2734","56400",0,1,"1995",23
"2735","56400",0,1,"1996",23
"2736","56400",100,1,"1997",23
"2737","56400",0,1,"1998",23
"2738","56400",0,1,"1999",23
"2739","56400",0,1,"2000",23
"2740","56400",0,1,"2001",23
"2741","56400",0,1,"2002",23
"2742","56400",100,1,"2003",23
"2743","56400",100,1,"2004",23
"2744","56400",100,1,"2005",23
"2745","56400",100,1,"2006",23
"2746","56400",100,1,"2007",23
"2747","56400",100,1,"2008",23
"2748","56400",100,1,"2009",23
"2749","56400",100,1,"2010",23
"2750","56400",100,1,"2011",23
"2876","63000",0,0,"1987",23
"2877","63000",0,0,"1988",23
"2878","63000",0,0,"1989",23
"2879","63000",0,1,"1990",23
"2880","63000",100,1,"1991",23
"2881","63000",0,1,"1992",23
"2882","63000",0,1,"1993",23
"2883","63000",0,1,"1994",23
"2884","63000",0,1,"1995",23
"2885","63000",0,1,"1996",23
"2886","63000",0,1,"1997",23
"2887","63000",0,1,"1998",23
"2888","63000",0,1,"1999",23
"2889","63000",0,1,"2000",23
"2890","63000",100,1,"2001",23
"2891","63000",0,1,"2002",23
"2892","63000",0,1,"2003",23
"2893","63000",0,1,"2004",23
"2894","63000",0,1,"2005",23
"2895","63000",0,1,"2006",23
"2896","63000",0,1,"2007",23
"2897","63000",0,1,"2008",23
"2898","63000",0,1,"2009",23
"2899","63000",0,1,"2010",23
"2900","63000",0,1,"2011",23
"2901","63200",0,0,"1987",12
"2902","63200",0,0,"1988",12
"2903","63200",0,0,"1989",12
"2904","63200",0,0,"1990",12
"2905","63200",0,0,"1991",12
"2906","63200",0,0,"1992",12
"2907","63200",0,0,"1993",12
"2908","63200",0,0,"1994",12
"2909","63200",0,0,"1995",12
"2910","63200",0,0,"1996",12
"2911","63200",0,0,"1997",12
"2912","63200",100,0,"1998",12
"2913","63200",0,0,"1999",12
"2914","63200",0,0,"2000",12
"2915","63200",0,1,"2001",12
"2916","63200",0,1,"2002",12
"2917","63200",100,1,"2003",12
"2918","63200",100,1,"2004",12
"2919","63200",100,1,"2005",12
"2920","63200",0,1,"2006",12
"2921","63200",0,1,"2007",12
"2922","63200",0,1,"2008",12
"2923","63200",0,1,"2009",12
"2924","63200",100,1,"2010",12
"2925","63200",0,1,"2011",12
"2926","63400",0,0,"1987",17
"2927","63400",0,0,"1988",17
"2928","63400",0,0,"1989",17
"2929","63400",0,0,"1990",17
"2930","63400",0,0,"1991",17
"2931","63400",0,0,"1992",17
"2932","63400",0,0,"1993",17
"2933","63400",0,0,"1994",17
"2934","63400",0,0,"1995",17
"2935","63400",0,1,"1996",17
"2936","63400",100,1,"1997",17
"2937","63400",0,1,"1998",17
"2938","63400",0,1,"1999",17
"2939","63400",0,1,"2000",17
"2940","63400",0,1,"2001",17
"2941","63400",0,1,"2002",17
"2942","63400",0,1,"2003",17
"2943","63400",0,1,"2004",17
"2944","63400",0,1,"2005",17
"2945","63400",0,1,"2006",17
"2946","63400",0,1,"2007",17
"2947","63400",0,1,"2008",17
"2948","63400",0,1,"2009",17
"2949","63400",0,1,"2010",17
"2950","63400",0,1,"2011",17
"3101","64800",0,0,"1987",17
"3102","64800",0,0,"1988",17
"3103","64800",0,0,"1989",17
"3104","64800",0,0,"1990",17
"3105","64800",100,0,"1991",17
"3106","64800",0,0,"1992",17
"3107","64800",0,0,"1993",17
"3108","64800",0,0,"1994",17
"3109","64800",0,0,"1995",17
"3110","64800",100,1,"1996",17
"3111","64800",0,1,"1997",17
"3112","64800",0,1,"1998",17
"3113","64800",0,1,"1999",17
"3114","64800",0,1,"2000",17
"3115","64800",0,1,"2001",17
"3116","64800",0,1,"2002",17
"3117","64800",0,1,"2003",17
"3118","64800",100,1,"2004",17
"3119","64800",0,1,"2005",17
"3120","64800",0,1,"2006",17
"3121","64800",0,1,"2007",17
"3122","64800",100,1,"2008",17
"3123","64800",0,1,"2009",17
"3124","64800",0,1,"2010",17
"3125","64800",0,1,"2011",17
"3151","65200",0,0,"1987",12
"3152","65200",0,0,"1988",12
"3153","65200",0,0,"1989",12
"3154","65200",100,0,"1990",12
"3155","65200",0,0,"1991",12
"3156","65200",0,0,"1992",12
"3157","65200",100,0,"1993",12
"3158","65200",0,0,"1994",12
"3159","65200",0,0,"1995",12
"3160","65200",0,0,"1996",12
"3161","65200",0,0,"1997",12
"3162","65200",0,0,"1998",12
"3163","65200",100,0,"1999",12
"3164","65200",0,0,"2000",12
"3165","65200",0,1,"2001",12
"3166","65200",0,1,"2002",12
"3167","65200",0,1,"2003",12
"3168","65200",0,1,"2004",12
"3169","65200",100,1,"2005",12
"3170","65200",100,1,"2006",12
"3171","65200",100,1,"2007",12
"3172","65200",100,1,"2008",12
"3173","65200",100,1,"2009",12
"3174","65200",100,1,"2010",12
"3175","65200",0,1,"2011",12
"3276","66200",0,0,"1987",23
"3277","66200",0,0,"1988",23
"3278","66200",0,0,"1989",23
"3279","66200",0,1,"1990",23
"3280","66200",0,1,"1991",23
"3281","66200",100,1,"1992",23
"3282","66200",0,1,"1993",23
"3283","66200",0,1,"1994",23
"3284","66200",0,1,"1995",23
"3285","66200",0,1,"1996",23
"3286","66200",0,1,"1997",23
"3287","66200",0,1,"1998",23
"3288","66200",0,1,"1999",23
"3289","66200",0,1,"2000",23
"3290","66200",0,1,"2001",23
"3291","66200",100,1,"2002",23
"3292","66200",100,1,"2003",23
"3293","66200",100,1,"2004",23
"3294","66200",100,1,"2005",23
"3295","66200",100,1,"2006",23
"3296","66200",100,1,"2007",23
"3297","66200",100,1,"2008",23
"3298","66200",100,1,"2009",23
"3299","66200",100,1,"2010",23
"3300","66200",0,1,"2011",23
"3301","66400",0,0,"1987",17
"3302","66400",0,0,"1988",17
"3303","66400",0,0,"1989",17
"3304","66400",0,0,"1990",17
"3305","66400",0,0,"1991",17
"3306","66400",0,0,"1992",17
"3307","66400",0,0,"1993",17
"3308","66400",100,0,"1994",17
"3309","66400",0,0,"1995",17
"3310","66400",0,1,"1996",17
"3311","66400",0,1,"1997",17
"3312","66400",0,1,"1998",17
"3313","66400",0,1,"1999",17
"3314","66400",0,1,"2000",17
"3315","66400",0,1,"2001",17
"3316","66400",0,1,"2002",17
"3317","66400",0,1,"2003",17
"3318","66400",0,1,"2004",17
"3319","66400",0,1,"2005",17
"3320","66400",0,1,"2006",17
"3321","66400",0,1,"2007",17
"3322","66400",0,1,"2008",17
"3323","66400",0,1,"2009",17
"3324","66400",0,1,"2010",17
"3325","66400",0,1,"2011",17
"3351","66800",0,0,"1987",23
"3352","66800",0,0,"1988",23
"3353","66800",0,0,"1989",23
"3354","66800",0,1,"1990",23
"3355","66800",100,1,"1991",23
"3356","66800",0,1,"1992",23
"3357","66800",0,1,"1993",23
"3358","66800",0,1,"1994",23
"3359","66800",0,1,"1995",23
"3360","66800",0,1,"1996",23
"3361","66800",0,1,"1997",23
"3362","66800",0,1,"1998",23
"3363","66800",0,1,"1999",23
"3364","66800",0,1,"2000",23
"3365","66800",0,1,"2001",23
"3366","66800",0,1,"2002",23
"3367","66800",100,1,"2003",23
"3368","66800",100,1,"2004",23
"3369","66800",100,1,"2005",23
"3370","66800",100,1,"2006",23
"3371","66800",100,1,"2007",23
"3372","66800",0,1,"2008",23
"3373","66800",0,1,"2009",23
"3374","66800",100,1,"2010",23
"3375","66800",0,1,"2011",23
"3476","72400",0,0,"1987",17
"3477","72400",0,0,"1988",17
"3478","72400",0,0,"1989",17
"3479","72400",0,0,"1990",17
"3480","72400",0,0,"1991",17
"3481","72400",0,0,"1992",17
"3482","72400",100,0,"1993",17
"3483","72400",0,0,"1994",17
"3484","72400",0,0,"1995",17
"3485","72400",0,1,"1996",17
"3486","72400",0,1,"1997",17
"3487","72400",0,1,"1998",17
"3488","72400",0,1,"1999",17
"3489","72400",100,1,"2000",17
"3490","72400",0,1,"2001",17
"3491","72400",0,1,"2002",17
"3492","72400",0,1,"2003",17
"3493","72400",100,1,"2004",17
"3494","72400",100,1,"2005",17
"3495","72400",100,1,"2006",17
"3496","72400",100,1,"2007",17
"3497","72400",100,1,"2008",17
"3498","72400",100,1,"2009",17
"3499","72400",100,1,"2010",17
"3500","72400",100,1,"2011",17
"3526","72800",0,0,"1987",6
"3527","72800",0,0,"1988",6
"3528","72800",0,0,"1989",6
"3529","72800",0,0,"1990",6
"3530","72800",0,0,"1991",6
"3531","72800",0,0,"1992",6
"3532","72800",0,0,"1993",6
"3533","72800",0,0,"1994",6
"3534","72800",0,0,"1995",6
"3535","72800",0,0,"1996",6
"3536","72800",0,0,"1997",6
"3537","72800",0,0,"1998",6
"3538","72800",0,0,"1999",6
"3539","72800",0,0,"2000",6
"3540","72800",0,0,"2001",6
"3541","72800",0,0,"2002",6
"3542","72800",0,0,"2003",6
"3543","72800",0,0,"2004",6
"3544","72800",0,0,"2005",6
"3545","72800",0,0,"2006",6
"3546","72800",0,1,"2007",6
"3547","72800",100,1,"2008",6
"3548","72800",100,1,"2009",6
"3549","72800",100,1,"2010",6
"3550","72800",100,1,"2011",6
"3776","82600",0,0,"1987",25
"3777","82600",0,1,"1988",25
"3778","82600",0,1,"1989",25
"3779","82600",0,1,"1990",25
"3780","82600",0,1,"1991",25
"3781","82600",0,1,"1992",25
"3782","82600",100,1,"1993",25
"3783","82600",0,1,"1994",25
"3784","82600",0,1,"1995",25
"3785","82600",0,1,"1996",25
"3786","82600",0,1,"1997",25
"3787","82600",0,1,"1998",25
"3788","82600",0,1,"1999",25
"3789","82600",0,1,"2000",25
"3790","82600",0,1,"2001",25
"3791","82600",0,1,"2002",25
"3792","82600",0,1,"2003",25
"3793","82600",0,1,"2004",25
"3794","82600",0,1,"2005",25
"3795","82600",0,1,"2006",25
"3796","82600",0,1,"2007",25
"3797","82600",0,1,"2008",25
"3798","82600",100,1,"2009",25
"3799","82600",100,1,"2010",25
"3800","82600",0,1,"2011",25
"3801","82800",0,0,"1987",1
"3802","82800",0,0,"1988",1
"3803","82800",0,0,"1989",1
"3804","82800",0,0,"1990",1
"3805","82800",0,0,"1991",1
"3806","82800",0,0,"1992",1
"3807","82800",0,0,"1993",1
"3808","82800",0,0,"1994",1
"3809","82800",0,0,"1995",1
"3810","82800",0,0,"1996",1
"3811","82800",0,0,"1997",1
"3812","82800",0,0,"1998",1
"3813","82800",0,0,"1999",1
"3814","82800",0,0,"2000",1
"3815","82800",0,0,"2001",1
"3816","82800",0,0,"2002",1
"3817","82800",0,0,"2003",1
"3818","82800",0,0,"2004",1
"3819","82800",0,0,"2005",1
"3820","82800",0,0,"2006",1
"3821","82800",0,0,"2007",1
"3822","82800",0,0,"2008",1
"3823","82800",0,0,"2009",1
"3824","82800",0,0,"2010",1
"3825","82800",0,0,"2011",1
"3851","83200",0,0,"1987",4
"3852","83200",0,0,"1988",4
"3853","83200",0,0,"1989",4
"3854","83200",0,0,"1990",4
"3855","83200",0,0,"1991",4
"3856","83200",0,0,"1992",4
"3857","83200",0,0,"1993",4
"3858","83200",0,0,"1994",4
"3859","83200",0,0,"1995",4
"3860","83200",0,0,"1996",4
"3861","83200",0,0,"1997",4
"3862","83200",0,0,"1998",4
"3863","83200",0,0,"1999",4
"3864","83200",0,0,"2000",4
"3865","83200",0,0,"2001",4
"3866","83200",0,0,"2002",4
"3867","83200",0,0,"2003",4
"3868","83200",0,0,"2004",4
"3869","83200",0,0,"2005",4
"3870","83200",0,0,"2006",4
"3871","83200",0,0,"2007",4
"3872","83200",0,0,"2008",4
"3873","83200",0,1,"2009",4
"3874","83200",0,1,"2010",4
"3875","83200",100,1,"2011",4
"3926","83800",0,0,"1987",19
"3927","83800",0,0,"1988",19
"3928","83800",0,0,"1989",19
"3929","83800",0,0,"1990",19
"3930","83800",0,0,"1991",19
"3931","83800",0,0,"1992",19
"3932","83800",0,0,"1993",19
"3933","83800",0,1,"1994",19
"3934","83800",0,1,"1995",19
"3935","83800",0,1,"1996",19
"3936","83800",0,1,"1997",19
"3937","83800",0,1,"1998",19
"3938","83800",0,1,"1999",19
"3939","83800",100,1,"2000",19
"3940","83800",0,1,"2001",19
"3941","83800",0,1,"2002",19
"3942","83800",0,1,"2003",19
"3943","83800",0,1,"2004",19
"3944","83800",0,1,"2005",19
"3945","83800",0,1,"2006",19
"3946","83800",0,1,"2007",19
"3947","83800",0,1,"2008",19
"3948","83800",0,1,"2009",19
"3949","83800",0,1,"2010",19
"3950","83800",100,1,"2011",19
"3976","84200",0,0,"1987",1
"3977","84200",0,0,"1988",1
"3978","84200",0,0,"1989",1
"3979","84200",0,0,"1990",1
"3980","84200",0,0,"1991",1
"3981","84200",0,0,"1992",1
"3982","84200",0,0,"1993",1
"3983","84200",0,0,"1994",1
"3984","84200",0,0,"1995",1
"3985","84200",0,0,"1996",1
"3986","84200",0,0,"1997",1
"3987","84200",0,0,"1998",1
"3988","84200",0,0,"1999",1
"3989","84200",0,0,"2000",1
"3990","84200",0,0,"2001",1
"3991","84200",0,0,"2002",1
"3992","84200",0,0,"2003",1
"3993","84200",0,0,"2004",1
"3994","84200",0,0,"2005",1
"3995","84200",0,0,"2006",1
"3996","84200",0,0,"2007",1
"3997","84200",0,0,"2008",1
"3998","84200",0,0,"2009",1
"3999","84200",0,0,"2010",1
"4000","84200",0,0,"2011",1
"4001","84400",0,0,"1987",19
"4002","84400",0,0,"1988",19
"4003","84400",0,0,"1989",19
"4004","84400",0,0,"1990",19
"4005","84400",0,0,"1991",19
"4006","84400",0,0,"1992",19
"4007","84400",0,0,"1993",19
"4008","84400",0,1,"1994",19
"4009","84400",0,1,"1995",19
"4010","84400",0,1,"1996",19
"4011","84400",0,1,"1997",19
"4012","84400",0,1,"1998",19
"4013","84400",0,1,"1999",19
"4014","84400",0,1,"2000",19
"4015","84400",0,1,"2001",19
"4016","84400",0,1,"2002",19
"4017","84400",0,1,"2003",19
"4018","84400",0,1,"2004",19
"4019","84400",0,1,"2005",19
"4020","84400",0,1,"2006",19
"4021","84400",0,1,"2007",19
"4022","84400",0,1,"2008",19
"4023","84400",0,1,"2009",19
"4024","84400",0,1,"2010",19
"4025","84400",0,1,"2011",19
"4051","84800",0,0,"1987",20
"4052","84800",0,0,"1988",20
"4053","84800",0,0,"1989",20
"4054","84800",0,0,"1990",20
"4055","84800",0,0,"1991",20
"4056","84800",0,0,"1992",20
"4057","84800",0,1,"1993",20
"4058","84800",0,1,"1994",20
"4059","84800",0,1,"1995",20
"4060","84800",0,1,"1996",20
"4061","84800",0,1,"1997",20
"4062","84800",0,1,"1998",20
"4063","84800",0,1,"1999",20
"4064","84800",0,1,"2000",20
"4065","84800",0,1,"2001",20
"4066","84800",0,1,"2002",20
"4067","84800",0,1,"2003",20
"4068","84800",0,1,"2004",20
"4069","84800",0,1,"2005",20
"4070","84800",0,1,"2006",20
"4071","84800",0,1,"2007",20
"4072","84800",0,1,"2008",20
"4073","84800",0,1,"2009",20
"4074","84800",0,1,"2010",20
"4075","84800",0,1,"2011",20
"4101","85200",0,0,"1987",17
"4102","85200",0,0,"1988",17
"4103","85200",0,0,"1989",17
"4104","85200",0,0,"1990",17
"4105","85200",0,0,"1991",17
"4106","85200",0,0,"1992",17
"4107","85200",0,0,"1993",17
"4108","85200",0,0,"1994",17
"4109","85200",0,0,"1995",17
"4110","85200",0,1,"1996",17
"4111","85200",0,1,"1997",17
"4112","85200",100,1,"1998",17
"4113","85200",0,1,"1999",17
"4114","85200",0,1,"2000",17
"4115","85200",0,1,"2001",17
"4116","85200",0,1,"2002",17
"4117","85200",0,1,"2003",17
"4118","85200",0,1,"2004",17
"4119","85200",0,1,"2005",17
"4120","85200",0,1,"2006",17
"4121","85200",0,1,"2007",17
"4122","85200",0,1,"2008",17
"4123","85200",0,1,"2009",17
"4124","85200",0,1,"2010",17
"4125","85200",0,1,"2011",17
"4176","85800",0,0,"1987",18
"4177","85800",0,0,"1988",18
"4178","85800",0,0,"1989",18
"4179","85800",0,0,"1990",18
"4180","85800",0,0,"1991",18
"4181","85800",0,0,"1992",18
"4182","85800",0,0,"1993",18
"4183","85800",0,0,"1994",18
"4184","85800",0,1,"1995",18
"4185","85800",0,1,"1996",18
"4186","85800",0,1,"1997",18
"4187","85800",0,1,"1998",18
"4188","85800",0,1,"1999",18
"4189","85800",0,1,"2000",18
"4190","85800",0,1,"2001",18
"4191","85800",100,1,"2002",18
"4192","85800",0,1,"2003",18
"4193","85800",0,1,"2004",18
"4194","85800",0,1,"2005",18
"4195","85800",0,1,"2006",18
"4196","85800",0,1,"2007",18
"4197","85800",0,1,"2008",18
"4198","85800",0,1,"2009",18
"4199","85800",0,1,"2010",18
"4200","85800",0,1,"2011",18
"4201","86000",0,0,"1987",17
"4202","86000",0,0,"1988",17
"4203","86000",0,0,"1989",17
"4204","86000",0,0,"1990",17
"4205","86000",0,0,"1991",17
"4206","86000",0,0,"1992",17
"4207","86000",0,0,"1993",17
"4208","86000",0,0,"1994",17
"4209","86000",0,0,"1995",17
"4210","86000",0,1,"1996",17
"4211","86000",0,1,"1997",17
"4212","86000",0,1,"1998",17
"4213","86000",0,1,"1999",17
"4214","86000",0,1,"2000",17
"4215","86000",0,1,"2001",17
"4216","86000",0,1,"2002",17
"4217","86000",0,1,"2003",17
"4218","86000",0,1,"2004",17
"4219","86000",0,1,"2005",17
"4220","86000",0,1,"2006",17
"4221","86000",0,1,"2007",17
"4222","86000",0,1,"2008",17
"4223","86000",0,1,"2009",17
"4224","86000",0,1,"2010",17
"4225","86000",0,1,"2011",17
"4226","92000",0,0,"1987",17
"4227","92000",0,0,"1988",17
"4228","92000",0,0,"1989",17
"4229","92000",100,0,"1990",17
"4230","92000",0,0,"1991",17
"4231","92000",0,0,"1992",17
"4232","92000",0,0,"1993",17
"4233","92000",0,0,"1994",17
"4234","92000",0,0,"1995",17
"4235","92000",100,1,"1996",17
"4236","92000",0,1,"1997",17
"4237","92000",0,1,"1998",17
"4238","92000",100,1,"1999",17
"4239","92000",100,1,"2000",17
"4240","92000",100,1,"2001",17
"4241","92000",100,1,"2002",17
"4242","92000",100,1,"2003",17
"4243","92000",100,1,"2004",17
"4244","92000",100,1,"2005",17
"4245","92000",100,1,"2006",17
"4246","92000",100,1,"2007",17
"4247","92000",100,1,"2008",17
"4248","92000",100,1,"2009",17
"4249","92000",100,1,"2010",17
"4250","92000",100,1,"2011",17
"4276","92400",0,0,"1987",1
"4277","92400",0,0,"1988",1
"4278","92400",0,0,"1989",1
"4279","92400",100,0,"1990",1
"4280","92400",0,0,"1991",1
"4281","92400",0,0,"1992",1
"4282","92400",0,0,"1993",1
"4283","92400",0,0,"1994",1
"4284","92400",0,0,"1995",1
"4285","92400",100,0,"1996",1
"4286","92400",0,0,"1997",1
"4287","92400",0,0,"1998",1
"4288","92400",100,0,"1999",1
"4289","92400",100,0,"2000",1
"4290","92400",100,0,"2001",1
"4291","92400",100,0,"2002",1
"4292","92400",100,0,"2003",1
"4293","92400",100,0,"2004",1
"4294","92400",100,0,"2005",1
"4295","92400",100,0,"2006",1
"4296","92400",100,0,"2007",1
"4297","92400",100,0,"2008",1
"4298","92400",100,0,"2009",1
"4299","92400",100,0,"2010",1
"4300","92400",100,0,"2011",1
"4301","92600",0,0,"1987",23
"4302","92600",0,0,"1988",23
"4303","92600",0,0,"1989",23
"4304","92600",100,1,"1990",23
"4305","92600",0,1,"1991",23
"4306","92600",0,1,"1992",23
"4307","92600",0,1,"1993",23
"4308","92600",0,1,"1994",23
"4309","92600",0,1,"1995",23
"4310","92600",100,1,"1996",23
"4311","92600",0,1,"1997",23
"4312","92600",0,1,"1998",23
"4313","92600",100,1,"1999",23
"4314","92600",100,1,"2000",23
"4315","92600",100,1,"2001",23
"4316","92600",100,1,"2002",23
"4317","92600",100,1,"2003",23
"4318","92600",100,1,"2004",23
"4319","92600",100,1,"2005",23
"4320","92600",100,1,"2006",23
"4321","92600",100,1,"2007",23
"4322","92600",100,1,"2008",23
"4323","92600",100,1,"2009",23
"4324","92600",100,1,"2010",23
"4325","92600",100,1,"2011",23
"4376","93200",0,0,"1987",23
"4377","93200",0,0,"1988",23
"4378","93200",0,0,"1989",23
"4379","93200",100,1,"1990",23
"4380","93200",0,1,"1991",23
"4381","93200",0,1,"1992",23
"4382","93200",0,1,"1993",23
"4383","93200",0,1,"1994",23
"4384","93200",0,1,"1995",23
"4385","93200",100,1,"1996",23
"4386","93200",0,1,"1997",23
"4387","93200",0,1,"1998",23
"4388","93200",100,1,"1999",23
"4389","93200",100,1,"2000",23
"4390","93200",100,1,"2001",23
"4391","93200",100,1,"2002",23
"4392","93200",100,1,"2003",23
"4393","93200",100,1,"2004",23
"4394","93200",100,1,"2005",23
"4395","93200",100,1,"2006",23
"4396","93200",100,1,"2007",23
"4397","93200",100,1,"2008",23
"4398","93200",100,1,"2009",23
"4399","93200",100,1,"2010",23
"4400","93200",100,1,"2011",23
"4401","93400",0,0,"1987",12
"4402","93400",0,0,"1988",12
"4403","93400",0,0,"1989",12
"4404","93400",100,0,"1990",12
"4405","93400",0,0,"1991",12
"4406","93400",0,0,"1992",12
"4407","93400",0,0,"1993",12
"4408","93400",0,0,"1994",12
"4409","93400",0,0,"1995",12
"4410","93400",100,0,"1996",12
"4411","93400",0,0,"1997",12
"4412","93400",0,0,"1998",12
"4413","93400",100,0,"1999",12
"4414","93400",100,0,"2000",12
"4415","93400",100,1,"2001",12
"4416","93400",100,1,"2002",12
"4417","93400",100,1,"2003",12
"4418","93400",100,1,"2004",12
"4419","93400",100,1,"2005",12
"4420","93400",100,1,"2006",12
"4421","93400",100,1,"2007",12
"4422","93400",100,1,"2008",12
"4423","93400",100,1,"2009",12
"4424","93400",100,1,"2010",12
"4425","93400",100,1,"2011",12
"4426","93600",0,0,"1987",1
"4427","93600",0,0,"1988",1
"4428","93600",0,0,"1989",1
"4429","93600",100,0,"1990",1
"4430","93600",0,0,"1991",1
"4431","93600",0,0,"1992",1
"4432","93600",0,0,"1993",1
"4433","93600",0,0,"1994",1
"4434","93600",0,0,"1995",1
"4435","93600",100,0,"1996",1
"4436","93600",0,0,"1997",1
"4437","93600",0,0,"1998",1
"4438","93600",100,0,"1999",1
"4439","93600",100,0,"2000",1
"4440","93600",100,0,"2001",1
"4441","93600",100,0,"2002",1
"4442","93600",100,0,"2003",1
"4443","93600",100,0,"2004",1
"4444","93600",100,0,"2005",1
"4445","93600",100,0,"2006",1
"4446","93600",100,0,"2007",1
"4447","93600",100,0,"2008",1
"4448","93600",100,0,"2009",1
"4449","93600",100,0,"2010",1
"4450","93600",100,0,"2011",1
"4451","93800",0,0,"1987",17
"4452","93800",0,0,"1988",17
"4453","93800",0,0,"1989",17
"4454","93800",100,0,"1990",17
"4455","93800",0,0,"1991",17
"4456","93800",0,0,"1992",17
"4457","93800",0,0,"1993",17
"4458","93800",0,0,"1994",17
"4459","93800",0,0,"1995",17
"4460","93800",100,1,"1996",17
"4461","93800",0,1,"1997",17
"4462","93800",0,1,"1998",17
"4463","93800",100,1,"1999",17
"4464","93800",100,1,"2000",17
"4465","93800",100,1,"2001",17
"4466","93800",100,1,"2002",17
"4467","93800",100,1,"2003",17
"4468","93800",100,1,"2004",17
"4469","93800",100,1,"2005",17
"4470","93800",100,1,"2006",17
"4471","93800",100,1,"2007",17
"4472","93800",100,1,"2008",17
"4473","93800",100,1,"2009",17
"4474","93800",100,1,"2010",17
"4475","93800",100,1,"2011",17
"4476","94000",0,0,"1987",10
"4477","94000",0,0,"1988",10
"4478","94000",0,0,"1989",10
"4479","94000",100,0,"1990",10
"4480","94000",0,0,"1991",10
"4481","94000",0,0,"1992",10
"4482","94000",0,0,"1993",10
"4483","94000",0,0,"1994",10
"4484","94000",0,0,"1995",10
"4485","94000",100,0,"1996",10
"4486","94000",0,0,"1997",10
"4487","94000",0,0,"1998",10
"4488","94000",0,0,"1999",10
"4489","94000",0,0,"2000",10
"4490","94000",100,0,"2001",10
"4491","94000",100,0,"2002",10
"4492","94000",100,1,"2003",10
"4493","94000",100,1,"2004",10
"4494","94000",100,1,"2005",10
"4495","94000",100,1,"2006",10
"4496","94000",100,1,"2007",10
"4497","94000",100,1,"2008",10
"4498","94000",100,1,"2009",10
"4499","94000",100,1,"2010",10
"4500","94000",100,1,"2011",10
"4526","94400",0,0,"1987",17
"4527","94400",0,0,"1988",17
"4528","94400",0,0,"1989",17
"4529","94400",100,0,"1990",17
"4530","94400",0,0,"1991",17
"4531","94400",0,0,"1992",17
"4532","94400",0,0,"1993",17
"4533","94400",0,0,"1994",17
"4534","94400",0,0,"1995",17
"4535","94400",100,1,"1996",17
"4536","94400",0,1,"1997",17
"4537","94400",0,1,"1998",17
"4538","94400",100,1,"1999",17
"4539","94400",100,1,"2000",17
"4540","94400",100,1,"2001",17
"4541","94400",100,1,"2002",17
"4542","94400",100,1,"2003",17
"4543","94400",100,1,"2004",17
"4544","94400",100,1,"2005",17
"4545","94400",100,1,"2006",17
"4546","94400",100,1,"2007",17
"4547","94400",100,1,"2008",17
"4548","94400",100,1,"2009",17
"4549","94400",100,1,"2010",17
"4550","94400",100,1,"2011",17
"4551","94600",0,0,"1987",23
"4552","94600",0,0,"1988",23
"4553","94600",0,0,"1989",23
"4554","94600",100,1,"1990",23
"4555","94600",0,1,"1991",23
"4556","94600",0,1,"1992",23
"4557","94600",0,1,"1993",23
"4558","94600",0,1,"1994",23
"4559","94600",0,1,"1995",23
"4560","94600",100,1,"1996",23
"4561","94600",0,1,"1997",23
"4562","94600",0,1,"1998",23
"4563","94600",100,1,"1999",23
"4564","94600",100,1,"2000",23
"4565","94600",100,1,"2001",23
"4566","94600",100,1,"2002",23
"4567","94600",100,1,"2003",23
"4568","94600",100,1,"2004",23
"4569","94600",100,1,"2005",23
"4570","94600",100,1,"2006",23
"4571","94600",100,1,"2007",23
"4572","94600",100,1,"2008",23
"4573","94600",100,1,"2009",23
"4574","94600",100,1,"2010",23
"4575","94600",100,1,"2011",23
"4576","102000",0,0,"1987",6
"4577","102000",0,0,"1988",6
"4578","102000",0,0,"1989",6
"4579","102000",0,0,"1990",6
"4580","102000",0,0,"1991",6
"4581","102000",0,0,"1992",6
"4582","102000",0,0,"1993",6
"4583","102000",100,0,"1994",6
"4584","102000",0,0,"1995",6
"4585","102000",0,0,"1996",6
"4586","102000",0,0,"1997",6
"4587","102000",100,0,"1998",6
"4588","102000",0,0,"1999",6
"4589","102000",0,0,"2000",6
"4590","102000",100,0,"2001",6
"4591","102000",100,0,"2002",6
"4592","102000",100,0,"2003",6
"4593","102000",100,0,"2004",6
"4594","102000",0,0,"2005",6
"4595","102000",0,0,"2006",6
"4596","102000",0,1,"2007",6
"4597","102000",100,1,"2008",6
"4598","102000",0,1,"2009",6
"4599","102000",0,1,"2010",6
"4600","102000",100,1,"2011",6
"4601","102200",0,0,"1987",18
"4602","102200",0,0,"1988",18
"4603","102200",0,0,"1989",18
"4604","102200",0,0,"1990",18
"4605","102200",0,0,"1991",18
"4606","102200",0,0,"1992",18
"4607","102200",0,0,"1993",18
"4608","102200",100,0,"1994",18
"4609","102200",0,1,"1995",18
"4610","102200",0,1,"1996",18
"4611","102200",0,1,"1997",18
"4612","102200",100,1,"1998",18
"4613","102200",0,1,"1999",18
"4614","102200",0,1,"2000",18
"4615","102200",100,1,"2001",18
"4616","102200",100,1,"2002",18
"4617","102200",100,1,"2003",18
"4618","102200",100,1,"2004",18
"4619","102200",100,1,"2005",18
"4620","102200",0,1,"2006",18
"4621","102200",0,1,"2007",18
"4622","102200",100,1,"2008",18
"4623","102200",0,1,"2009",18
"4624","102200",0,1,"2010",18
"4625","102200",100,1,"2011",18
"4626","102400",0,0,"1987",16
"4627","102400",0,0,"1988",16
"4628","102400",0,0,"1989",16
"4629","102400",0,0,"1990",16
"4630","102400",0,0,"1991",16
"4631","102400",100,0,"1992",16
"4632","102400",0,0,"1993",16
"4633","102400",0,0,"1994",16
"4634","102400",0,0,"1995",16
"4635","102400",0,0,"1996",16
"4636","102400",100,1,"1997",16
"4637","102400",0,1,"1998",16
"4638","102400",0,1,"1999",16
"4639","102400",100,1,"2000",16
"4640","102400",100,1,"2001",16
"4641","102400",100,1,"2002",16
"4642","102400",100,1,"2003",16
"4643","102400",0,1,"2004",16
"4644","102400",100,1,"2005",16
"4645","102400",100,1,"2006",16
"4646","102400",0,1,"2007",16
"4647","102400",0,1,"2008",16
"4648","102400",0,1,"2009",16
"4649","102400",100,1,"2010",16
"4650","102400",0,1,"2011",16
"4651","102600",0,0,"1987",1
"4652","102600",0,0,"1988",1
"4653","102600",0,0,"1989",1
"4654","102600",0,0,"1990",1
"4655","102600",0,0,"1991",1
"4656","102600",0,0,"1992",1
"4657","102600",0,0,"1993",1
"4658","102600",100,0,"1994",1
"4659","102600",0,0,"1995",1
"4660","102600",0,0,"1996",1
"4661","102600",0,0,"1997",1
"4662","102600",100,0,"1998",1
"4663","102600",0,0,"1999",1
"4664","102600",0,0,"2000",1
"4665","102600",0,0,"2001",1
"4666","102600",100,0,"2002",1
"4667","102600",100,0,"2003",1
"4668","102600",100,0,"2004",1
"4669","102600",100,0,"2005",1
"4670","102600",0,0,"2006",1
"4671","102600",0,0,"2007",1
"4672","102600",0,0,"2008",1
"4673","102600",0,0,"2009",1
"4674","102600",0,0,"2010",1
"4675","102600",0,0,"2011",1
"4676","102800",0,0,"1987",1
"4677","102800",0,0,"1988",1
"4678","102800",0,0,"1989",1
"4679","102800",0,0,"1990",1
"4680","102800",0,0,"1991",1
"4681","102800",0,0,"1992",1
"4682","102800",0,0,"1993",1
"4683","102800",100,0,"1994",1
"4684","102800",0,0,"1995",1
"4685","102800",0,0,"1996",1
"4686","102800",0,0,"1997",1
"4687","102800",100,0,"1998",1
"4688","102800",0,0,"1999",1
"4689","102800",0,0,"2000",1
"4690","102800",100,0,"2001",1
"4691","102800",100,0,"2002",1
"4692","102800",100,0,"2003",1
"4693","102800",100,0,"2004",1
"4694","102800",0,0,"2005",1
"4695","102800",0,0,"2006",1
"4696","102800",0,0,"2007",1
"4697","102800",0,0,"2008",1
"4698","102800",0,0,"2009",1
"4699","102800",0,0,"2010",1
"4700","102800",100,0,"2011",1
"4701","103000",0,0,"1987",23
"4702","103000",0,0,"1988",23
"4703","103000",0,0,"1989",23
"4704","103000",0,1,"1990",23
"4705","103000",0,1,"1991",23
"4706","103000",0,1,"1992",23
"4707","103000",0,1,"1993",23
"4708","103000",100,1,"1994",23
"4709","103000",0,1,"1995",23
"4710","103000",0,1,"1996",23
"4711","103000",0,1,"1997",23
"4712","103000",100,1,"1998",23
"4713","103000",0,1,"1999",23
"4714","103000",0,1,"2000",23
"4715","103000",100,1,"2001",23
"4716","103000",100,1,"2002",23
"4717","103000",100,1,"2003",23
"4718","103000",100,1,"2004",23
"4719","103000",100,1,"2005",23
"4720","103000",0,1,"2006",23
"4721","103000",0,1,"2007",23
"4722","103000",0,1,"2008",23
"4723","103000",0,1,"2009",23
"4724","103000",100,1,"2010",23
"4725","103000",100,1,"2011",23
"4726","103200",0,0,"1987",1
"4727","103200",0,0,"1988",1
"4728","103200",0,0,"1989",1
"4729","103200",0,0,"1990",1
"4730","103200",0,0,"1991",1
"4731","103200",0,0,"1992",1
"4732","103200",0,0,"1993",1
"4733","103200",100,0,"1994",1
"4734","103200",0,0,"1995",1
"4735","103200",0,0,"1996",1
"4736","103200",0,0,"1997",1
"4737","103200",100,0,"1998",1
"4738","103200",0,0,"1999",1
"4739","103200",0,0,"2000",1
"4740","103200",100,0,"2001",1
"4741","103200",100,0,"2002",1
"4742","103200",100,0,"2003",1
"4743","103200",100,0,"2004",1
"4744","103200",100,0,"2005",1
"4745","103200",0,0,"2006",1
"4746","103200",0,0,"2007",1
"4747","103200",0,0,"2008",1
"4748","103200",0,0,"2009",1
"4749","103200",0,0,"2010",1
"4750","103200",0,0,"2011",1
"4751","103400",0,0,"1987",12
"4752","103400",0,0,"1988",12
"4753","103400",0,0,"1989",12
"4754","103400",0,0,"1990",12
"4755","103400",0,0,"1991",12
"4756","103400",0,0,"1992",12
"4757","103400",0,0,"1993",12
"4758","103400",100,0,"1994",12
"4759","103400",0,0,"1995",12
"4760","103400",0,0,"1996",12
"4761","103400",0,0,"1997",12
"4762","103400",100,0,"1998",12
"4763","103400",0,0,"1999",12
"4764","103400",0,0,"2000",12
"4765","103400",0,1,"2001",12
"4766","103400",100,1,"2002",12
"4767","103400",100,1,"2003",12
"4768","103400",100,1,"2004",12
"4769","103400",100,1,"2005",12
"4770","103400",100,1,"2006",12
"4771","103400",0,1,"2007",12
"4772","103400",0,1,"2008",12
"4773","103400",100,1,"2009",12
"4774","103400",100,1,"2010",12
"4775","103400",100,1,"2011",12
"4776","103600",0,0,"1987",16
"4777","103600",0,0,"1988",16
"4778","103600",0,0,"1989",16
"4779","103600",0,0,"1990",16
"4780","103600",0,0,"1991",16
"4781","103600",0,0,"1992",16
"4782","103600",0,0,"1993",16
"4783","103600",100,0,"1994",16
"4784","103600",0,0,"1995",16
"4785","103600",0,0,"1996",16
"4786","103600",0,1,"1997",16
"4787","103600",100,1,"1998",16
"4788","103600",0,1,"1999",16
"4789","103600",0,1,"2000",16
"4790","103600",0,1,"2001",16
"4791","103600",100,1,"2002",16
"4792","103600",100,1,"2003",16
"4793","103600",100,1,"2004",16
"4794","103600",100,1,"2005",16
"4795","103600",0,1,"2006",16
"4796","103600",0,1,"2007",16
"4797","103600",0,1,"2008",16
"4798","103600",0,1,"2009",16
"4799","103600",0,1,"2010",16
"4800","103600",100,1,"2011",16
"4801","103800",0,0,"1987",5
"4802","103800",0,0,"1988",5
"4803","103800",0,0,"1989",5
"4804","103800",0,0,"1990",5
"4805","103800",0,0,"1991",5
"4806","103800",0,0,"1992",5
"4807","103800",0,0,"1993",5
"4808","103800",100,0,"1994",5
"4809","103800",0,0,"1995",5
"4810","103800",0,0,"1996",5
"4811","103800",0,0,"1997",5
"4812","103800",100,0,"1998",5
"4813","103800",0,0,"1999",5
"4814","103800",0,0,"2000",5
"4815","103800",100,0,"2001",5
"4816","103800",100,0,"2002",5
"4817","103800",100,0,"2003",5
"4818","103800",100,0,"2004",5
"4819","103800",0,0,"2005",5
"4820","103800",0,0,"2006",5
"4821","103800",0,0,"2007",5
"4822","103800",100,1,"2008",5
"4823","103800",0,1,"2009",5
"4824","103800",0,1,"2010",5
"4825","103800",0,1,"2011",5
"4826","104000",0,0,"1987",13
"4827","104000",0,0,"1988",13
"4828","104000",0,0,"1989",13
"4829","104000",0,0,"1990",13
"4830","104000",0,0,"1991",13
"4831","104000",0,0,"1992",13
"4832","104000",0,0,"1993",13
"4833","104000",100,0,"1994",13
"4834","104000",0,0,"1995",13
"4835","104000",0,0,"1996",13
"4836","104000",0,0,"1997",13
"4837","104000",100,0,"1998",13
"4838","104000",0,0,"1999",13
"4839","104000",0,1,"2000",13
"4840","104000",100,1,"2001",13
"4841","104000",100,1,"2002",13
"4842","104000",100,1,"2003",13
"4843","104000",100,1,"2004",13
"4844","104000",100,1,"2005",13
"4845","104000",100,1,"2006",13
"4846","104000",100,1,"2007",13
"4847","104000",0,1,"2008",13
"4848","104000",0,1,"2009",13
"4849","104000",0,1,"2010",13
"4850","104000",100,1,"2011",13
"4901","104600",0,0,"1987",16
"4902","104600",0,0,"1988",16
"4903","104600",0,0,"1989",16
"4904","104600",0,0,"1990",16
"4905","104600",0,0,"1991",16
"4906","104600",0,0,"1992",16
"4907","104600",0,0,"1993",16
"4908","104600",100,0,"1994",16
"4909","104600",0,0,"1995",16
"4910","104600",0,0,"1996",16
"4911","104600",0,1,"1997",16
"4912","104600",100,1,"1998",16
"4913","104600",0,1,"1999",16
"4914","104600",0,1,"2000",16
"4915","104600",100,1,"2001",16
"4916","104600",100,1,"2002",16
"4917","104600",100,1,"2003",16
"4918","104600",100,1,"2004",16
"4919","104600",0,1,"2005",16
"4920","104600",0,1,"2006",16
"4921","104600",0,1,"2007",16
"4922","104600",0,1,"2008",16
"4923","104600",0,1,"2009",16
"4924","104600",0,1,"2010",16
"4925","104600",0,1,"2011",16
"4926","104800",0,0,"1987",23
"4927","104800",0,0,"1988",23
"4928","104800",0,0,"1989",23
"4929","104800",0,1,"1990",23
"4930","104800",0,1,"1991",23
"4931","104800",100,1,"1992",23
"4932","104800",0,1,"1993",23
"4933","104800",100,1,"1994",23
"4934","104800",0,1,"1995",23
"4935","104800",0,1,"1996",23
"4936","104800",100,1,"1997",23
"4937","104800",0,1,"1998",23
"4938","104800",0,1,"1999",23
"4939","104800",100,1,"2000",23
"4940","104800",100,1,"2001",23
"4941","104800",100,1,"2002",23
"4942","104800",100,1,"2003",23
"4943","104800",0,1,"2004",23
"4944","104800",0,1,"2005",23
"4945","104800",0,1,"2006",23
"4946","104800",100,1,"2007",23
"4947","104800",0,1,"2008",23
"4948","104800",0,1,"2009",23
"4949","104800",0,1,"2010",23
"4950","104800",0,1,"2011",23
"4951","105000",0,0,"1987",1
"4952","105000",0,0,"1988",1
"4953","105000",0,0,"1989",1
"4954","105000",0,0,"1990",1
"4955","105000",0,0,"1991",1
"4956","105000",0,0,"1992",1
"4957","105000",0,0,"1993",1
"4958","105000",100,0,"1994",1
"4959","105000",0,0,"1995",1
"4960","105000",0,0,"1996",1
"4961","105000",0,0,"1997",1
"4962","105000",100,0,"1998",1
"4963","105000",0,0,"1999",1
"4964","105000",0,0,"2000",1
"4965","105000",0,0,"2001",1
"4966","105000",100,0,"2002",1
"4967","105000",100,0,"2003",1
"4968","105000",100,0,"2004",1
"4969","105000",100,0,"2005",1
"4970","105000",0,0,"2006",1
"4971","105000",0,0,"2007",1
"4972","105000",0,0,"2008",1
"4973","105000",0,0,"2009",1
"4974","105000",0,0,"2010",1
"4975","105000",0,0,"2011",1
"4976","105200",0,0,"1987",16
"4977","105200",0,0,"1988",16
"4978","105200",0,0,"1989",16
"4979","105200",0,0,"1990",16
"4980","105200",0,0,"1991",16
"4981","105200",0,0,"1992",16
"4982","105200",0,0,"1993",16
"4983","105200",100,0,"1994",16
"4984","105200",0,0,"1995",16
"4985","105200",0,0,"1996",16
"4986","105200",0,1,"1997",16
"4987","105200",100,1,"1998",16
"4988","105200",0,1,"1999",16
"4989","105200",100,1,"2000",16
"4990","105200",100,1,"2001",16
"4991","105200",100,1,"2002",16
"4992","105200",100,1,"2003",16
"4993","105200",100,1,"2004",16
"4994","105200",100,1,"2005",16
"4995","105200",0,1,"2006",16
"4996","105200",0,1,"2007",16
"4997","105200",0,1,"2008",16
"4998","105200",100,1,"2009",16
"4999","105200",0,1,"2010",16
"5000","105200",100,1,"2011",16
"5001","105400",0,0,"1987",1
"5002","105400",0,0,"1988",1
"5003","105400",0,0,"1989",1
"5004","105400",0,0,"1990",1
"5005","105400",0,0,"1991",1
"5006","105400",0,0,"1992",1
"5007","105400",0,0,"1993",1
"5008","105400",100,0,"1994",1
"5009","105400",0,0,"1995",1
"5010","105400",0,0,"1996",1
"5011","105400",0,0,"1997",1
"5012","105400",100,0,"1998",1
"5013","105400",0,0,"1999",1
"5014","105400",0,0,"2000",1
"5015","105400",100,0,"2001",1
"5016","105400",100,0,"2002",1
"5017","105400",100,0,"2003",1
"5018","105400",100,0,"2004",1
"5019","105400",100,0,"2005",1
"5020","105400",100,0,"2006",1
"5021","105400",100,0,"2007",1
"5022","105400",100,0,"2008",1
"5023","105400",0,0,"2009",1
"5024","105400",0,0,"2010",1
"5025","105400",100,0,"2011",1
"5076","112400",0,0,"1987",16
"5077","112400",0,0,"1988",16
"5078","112400",0,0,"1989",16
"5079","112400",0,0,"1990",16
"5080","112400",0,0,"1991",16
"5081","112400",0,0,"1992",16
"5082","112400",100,0,"1993",16
"5083","112400",0,0,"1994",16
"5084","112400",0,0,"1995",16
"5085","112400",0,0,"1996",16
"5086","112400",0,1,"1997",16
"5087","112400",0,1,"1998",16
"5088","112400",0,1,"1999",16
"5089","112400",0,1,"2000",16
"5090","112400",100,1,"2001",16
"5091","112400",0,1,"2002",16
"5092","112400",0,1,"2003",16
"5093","112400",100,1,"2004",16
"5094","112400",0,1,"2005",16
"5095","112400",0,1,"2006",16
"5096","112400",0,1,"2007",16
"5097","112400",0,1,"2008",16
"5098","112400",0,1,"2009",16
"5099","112400",0,1,"2010",16
"5100","112400",0,1,"2011",16
"5126","112800",0,0,"1987",16
"5127","112800",0,0,"1988",16
"5128","112800",0,0,"1989",16
"5129","112800",0,0,"1990",16
"5130","112800",0,0,"1991",16
"5131","112800",0,0,"1992",16
"5132","112800",0,0,"1993",16
"5133","112800",0,0,"1994",16
"5134","112800",0,0,"1995",16
"5135","112800",0,0,"1996",16
"5136","112800",100,1,"1997",16
"5137","112800",0,1,"1998",16
"5138","112800",0,1,"1999",16
"5139","112800",0,1,"2000",16
"5140","112800",0,1,"2001",16
"5141","112800",0,1,"2002",16
"5142","112800",0,1,"2003",16
"5143","112800",0,1,"2004",16
"5144","112800",100,1,"2005",16
"5145","112800",0,1,"2006",16
"5146","112800",0,1,"2007",16
"5147","112800",0,1,"2008",16
"5148","112800",0,1,"2009",16
"5149","112800",0,1,"2010",16
"5150","112800",100,1,"2011",16
"5176","113200",0,0,"1987",23
"5177","113200",0,0,"1988",23
"5178","113200",0,0,"1989",23
"5179","113200",0,1,"1990",23
"5180","113200",0,1,"1991",23
"5181","113200",0,1,"1992",23
"5182","113200",0,1,"1993",23
"5183","113200",0,1,"1994",23
"5184","113200",0,1,"1995",23
"5185","113200",0,1,"1996",23
"5186","113200",0,1,"1997",23
"5187","113200",0,1,"1998",23
"5188","113200",0,1,"1999",23
"5189","113200",0,1,"2000",23
"5190","113200",0,1,"2001",23
"5191","113200",0,1,"2002",23
"5192","113200",0,1,"2003",23
"5193","113200",0,1,"2004",23
"5194","113200",0,1,"2005",23
"5195","113200",0,1,"2006",23
"5196","113200",100,1,"2007",23
"5197","113200",0,1,"2008",23
"5198","113200",0,1,"2009",23
"5199","113200",0,1,"2010",23
"5200","113200",0,1,"2011",23
"5201","113400",0,0,"1987",23
"5202","113400",0,0,"1988",23
"5203","113400",0,0,"1989",23
"5204","113400",0,1,"1990",23
"5205","113400",0,1,"1991",23
"5206","113400",100,1,"1992",23
"5207","113400",0,1,"1993",23
"5208","113400",0,1,"1994",23
"5209","113400",0,1,"1995",23
"5210","113400",0,1,"1996",23
"5211","113400",0,1,"1997",23
"5212","113400",0,1,"1998",23
"5213","113400",0,1,"1999",23
"5214","113400",0,1,"2000",23
"5215","113400",0,1,"2001",23
"5216","113400",0,1,"2002",23
"5217","113400",0,1,"2003",23
"5218","113400",0,1,"2004",23
"5219","113400",0,1,"2005",23
"5220","113400",0,1,"2006",23
"5221","113400",100,1,"2007",23
"5222","113400",0,1,"2008",23
"5223","113400",0,1,"2009",23
"5224","113400",0,1,"2010",23
"5225","113400",0,1,"2011",23
"5226","113600",100,0,"1987",23
"5227","113600",0,0,"1988",23
"5228","113600",0,0,"1989",23
"5229","113600",0,1,"1990",23
"5230","113600",0,1,"1991",23
"5231","113600",0,1,"1992",23
"5232","113600",0,1,"1993",23
"5233","113600",0,1,"1994",23
"5234","113600",100,1,"1995",23
"5235","113600",0,1,"1996",23
"5236","113600",0,1,"1997",23
"5237","113600",0,1,"1998",23
"5238","113600",0,1,"1999",23
"5239","113600",0,1,"2000",23
"5240","113600",100,1,"2001",23
"5241","113600",100,1,"2002",23
"5242","113600",100,1,"2003",23
"5243","113600",100,1,"2004",23
"5244","113600",0,1,"2005",23
"5245","113600",100,1,"2006",23
"5246","113600",0,1,"2007",23
"5247","113600",100,1,"2008",23
"5248","113600",100,1,"2009",23
"5249","113600",100,1,"2010",23
"5250","113600",100,1,"2011",23
"5326","114400",0,0,"1987",16
"5327","114400",0,0,"1988",16
"5328","114400",0,0,"1989",16
"5329","114400",0,0,"1990",16
"5330","114400",0,0,"1991",16
"5331","114400",0,0,"1992",16
"5332","114400",0,0,"1993",16
"5333","114400",0,0,"1994",16
"5334","114400",0,0,"1995",16
"5335","114400",0,0,"1996",16
"5336","114400",0,1,"1997",16
"5337","114400",0,1,"1998",16
"5338","114400",0,1,"1999",16
"5339","114400",0,1,"2000",16
"5340","114400",0,1,"2001",16
"5341","114400",0,1,"2002",16
"5342","114400",0,1,"2003",16
"5343","114400",0,1,"2004",16
"5344","114400",100,1,"2005",16
"5345","114400",0,1,"2006",16
"5346","114400",0,1,"2007",16
"5347","114400",0,1,"2008",16
"5348","114400",0,1,"2009",16
"5349","114400",0,1,"2010",16
"5350","114400",0,1,"2011",16
"5401","122000",0,0,"1987",1
"5402","122000",0,0,"1988",1
"5403","122000",0,0,"1989",1
"5404","122000",0,0,"1990",1
"5405","122000",0,0,"1991",1
"5406","122000",0,0,"1992",1
"5407","122000",0,0,"1993",1
"5408","122000",0,0,"1994",1
"5409","122000",0,0,"1995",1
"5410","122000",0,0,"1996",1
"5411","122000",0,0,"1997",1
"5412","122000",0,0,"1998",1
"5413","122000",0,0,"1999",1
"5414","122000",0,0,"2000",1
"5415","122000",0,0,"2001",1
"5416","122000",0,0,"2002",1
"5417","122000",0,0,"2003",1
"5418","122000",0,0,"2004",1
"5419","122000",0,0,"2005",1
"5420","122000",0,0,"2006",1
"5421","122000",0,0,"2007",1
"5422","122000",100,0,"2008",1
"5423","122000",100,0,"2009",1
"5424","122000",100,0,"2010",1
"5425","122000",100,0,"2011",1
"5426","122200",0,0,"1987",14
"5427","122200",0,0,"1988",14
"5428","122200",0,0,"1989",14
"5429","122200",0,0,"1990",14
"5430","122200",0,0,"1991",14
"5431","122200",0,0,"1992",14
"5432","122200",0,0,"1993",14
"5433","122200",0,0,"1994",14
"5434","122200",0,0,"1995",14
"5435","122200",0,0,"1996",14
"5436","122200",0,0,"1997",14
"5437","122200",0,0,"1998",14
"5438","122200",0,1,"1999",14
"5439","122200",0,1,"2000",14
"5440","122200",0,1,"2001",14
"5441","122200",0,1,"2002",14
"5442","122200",0,1,"2003",14
"5443","122200",0,1,"2004",14
"5444","122200",0,1,"2005",14
"5445","122200",0,1,"2006",14
"5446","122200",0,1,"2007",14
"5447","122200",0,1,"2008",14
"5448","122200",0,1,"2009",14
"5449","122200",0,1,"2010",14
"5450","122200",0,1,"2011",14
"5451","122400",0,0,"1987",1
"5452","122400",0,0,"1988",1
"5453","122400",0,0,"1989",1
"5454","122400",0,0,"1990",1
"5455","122400",0,0,"1991",1
"5456","122400",0,0,"1992",1
"5457","122400",0,0,"1993",1
"5458","122400",0,0,"1994",1
"5459","122400",0,0,"1995",1
"5460","122400",0,0,"1996",1
"5461","122400",0,0,"1997",1
"5462","122400",0,0,"1998",1
"5463","122400",0,0,"1999",1
"5464","122400",0,0,"2000",1
"5465","122400",0,0,"2001",1
"5466","122400",0,0,"2002",1
"5467","122400",0,0,"2003",1
"5468","122400",0,0,"2004",1
"5469","122400",0,0,"2005",1
"5470","122400",0,0,"2006",1
"5471","122400",0,0,"2007",1
"5472","122400",0,0,"2008",1
"5473","122400",0,0,"2009",1
"5474","122400",0,0,"2010",1
"5475","122400",0,0,"2011",1
"5476","122600",0,0,"1987",1
"5477","122600",0,0,"1988",1
"5478","122600",0,0,"1989",1
"5479","122600",0,0,"1990",1
"5480","122600",0,0,"1991",1
"5481","122600",0,0,"1992",1
"5482","122600",0,0,"1993",1
"5483","122600",0,0,"1994",1
"5484","122600",0,0,"1995",1
"5485","122600",0,0,"1996",1
"5486","122600",0,0,"1997",1
"5487","122600",0,0,"1998",1
"5488","122600",0,0,"1999",1
"5489","122600",0,0,"2000",1
"5490","122600",0,0,"2001",1
"5491","122600",0,0,"2002",1
"5492","122600",100,0,"2003",1
"5493","122600",100,0,"2004",1
"5494","122600",0,0,"2005",1
"5495","122600",0,0,"2006",1
"5496","122600",0,0,"2007",1
"5497","122600",0,0,"2008",1
"5498","122600",0,0,"2009",1
"5499","122600",0,0,"2010",1
"5500","122600",0,0,"2011",1
"5501","122800",0,0,"1987",1
"5502","122800",0,0,"1988",1
"5503","122800",0,0,"1989",1
"5504","122800",0,0,"1990",1
"5505","122800",0,0,"1991",1
"5506","122800",0,0,"1992",1
"5507","122800",0,0,"1993",1
"5508","122800",0,0,"1994",1
"5509","122800",0,0,"1995",1
"5510","122800",0,0,"1996",1
"5511","122800",0,0,"1997",1
"5512","122800",0,0,"1998",1
"5513","122800",0,0,"1999",1
"5514","122800",0,0,"2000",1
"5515","122800",0,0,"2001",1
"5516","122800",0,0,"2002",1
"5517","122800",0,0,"2003",1
"5518","122800",0,0,"2004",1
"5519","122800",0,0,"2005",1
"5520","122800",0,0,"2006",1
"5521","122800",0,0,"2007",1
"5522","122800",0,0,"2008",1
"5523","122800",0,0,"2009",1
"5524","122800",0,0,"2010",1
"5525","122800",0,0,"2011",1
"5526","123000",0,0,"1987",14
"5527","123000",0,0,"1988",14
"5528","123000",0,0,"1989",14
"5529","123000",0,0,"1990",14
"5530","123000",0,0,"1991",14
"5531","123000",0,0,"1992",14
"5532","123000",0,0,"1993",14
"5533","123000",0,0,"1994",14
"5534","123000",0,0,"1995",14
"5535","123000",0,0,"1996",14
"5536","123000",0,0,"1997",14
"5537","123000",0,0,"1998",14
"5538","123000",0,1,"1999",14
"5539","123000",0,1,"2000",14
"5540","123000",0,1,"2001",14
"5541","123000",0,1,"2002",14
"5542","123000",0,1,"2003",14
"5543","123000",0,1,"2004",14
"5544","123000",0,1,"2005",14
"5545","123000",0,1,"2006",14
"5546","123000",0,1,"2007",14
"5547","123000",0,1,"2008",14
"5548","123000",0,1,"2009",14
"5549","123000",0,1,"2010",14
"5550","123000",0,1,"2011",14
"5551","123200",0,0,"1987",14
"5552","123200",0,0,"1988",14
"5553","123200",0,0,"1989",14
"5554","123200",0,0,"1990",14
"5555","123200",0,0,"1991",14
"5556","123200",0,0,"1992",14
"5557","123200",0,0,"1993",14
"5558","123200",0,0,"1994",14
"5559","123200",0,0,"1995",14
"5560","123200",0,0,"1996",14
"5561","123200",0,0,"1997",14
"5562","123200",100,0,"1998",14
"5563","123200",100,1,"1999",14
"5564","123200",100,1,"2000",14
"5565","123200",100,1,"2001",14
"5566","123200",100,1,"2002",14
"5567","123200",100,1,"2003",14
"5568","123200",100,1,"2004",14
"5569","123200",100,1,"2005",14
"5570","123200",0,1,"2006",14
"5571","123200",0,1,"2007",14
"5572","123200",0,1,"2008",14
"5573","123200",0,1,"2009",14
"5574","123200",0,1,"2010",14
"5575","123200",0,1,"2011",14
"5576","123400",0,0,"1987",7
"5577","123400",0,0,"1988",7
"5578","123400",0,0,"1989",7
"5579","123400",0,0,"1990",7
"5580","123400",0,0,"1991",7
"5581","123400",0,0,"1992",7
"5582","123400",0,0,"1993",7
"5583","123400",0,0,"1994",7
"5584","123400",0,0,"1995",7
"5585","123400",0,0,"1996",7
"5586","123400",0,0,"1997",7
"5587","123400",0,0,"1998",7
"5588","123400",0,0,"1999",7
"5589","123400",0,0,"2000",7
"5590","123400",0,0,"2001",7
"5591","123400",0,0,"2002",7
"5592","123400",0,0,"2003",7
"5593","123400",0,0,"2004",7
"5594","123400",0,0,"2005",7
"5595","123400",0,1,"2006",7
"5596","123400",0,1,"2007",7
"5597","123400",0,1,"2008",7
"5598","123400",0,1,"2009",7
"5599","123400",0,1,"2010",7
"5600","123400",0,1,"2011",7
"5601","123600",0,0,"1987",1
"5602","123600",0,0,"1988",1
"5603","123600",0,0,"1989",1
"5604","123600",0,0,"1990",1
"5605","123600",0,0,"1991",1
"5606","123600",0,0,"1992",1
"5607","123600",0,0,"1993",1
"5608","123600",0,0,"1994",1
"5609","123600",0,0,"1995",1
"5610","123600",0,0,"1996",1
"5611","123600",0,0,"1997",1
"5612","123600",0,0,"1998",1
"5613","123600",0,0,"1999",1
"5614","123600",0,0,"2000",1
"5615","123600",0,0,"2001",1
"5616","123600",0,0,"2002",1
"5617","123600",0,0,"2003",1
"5618","123600",0,0,"2004",1
"5619","123600",0,0,"2005",1
"5620","123600",0,0,"2006",1
"5621","123600",0,0,"2007",1
"5622","123600",0,0,"2008",1
"5623","123600",0,0,"2009",1
"5624","123600",0,0,"2010",1
"5625","123600",0,0,"2011",1
"5626","123800",0,0,"1987",1
"5627","123800",0,0,"1988",1
"5628","123800",0,0,"1989",1
"5629","123800",0,0,"1990",1
"5630","123800",0,0,"1991",1
"5631","123800",0,0,"1992",1
"5632","123800",0,0,"1993",1
"5633","123800",0,0,"1994",1
"5634","123800",0,0,"1995",1
"5635","123800",0,0,"1996",1
"5636","123800",0,0,"1997",1
"5637","123800",0,0,"1998",1
"5638","123800",0,0,"1999",1
"5639","123800",0,0,"2000",1
"5640","123800",0,0,"2001",1
"5641","123800",0,0,"2002",1
"5642","123800",0,0,"2003",1
"5643","123800",0,0,"2004",1
"5644","123800",0,0,"2005",1
"5645","123800",0,0,"2006",1
"5646","123800",0,0,"2007",1
"5647","123800",0,0,"2008",1
"5648","123800",0,0,"2009",1
"5649","123800",0,0,"2010",1
"5650","123800",0,0,"2011",1
"5651","124000",0,0,"1987",4
"5652","124000",0,0,"1988",4
"5653","124000",0,0,"1989",4
"5654","124000",0,0,"1990",4
"5655","124000",0,0,"1991",4
"5656","124000",0,0,"1992",4
"5657","124000",0,0,"1993",4
"5658","124000",0,0,"1994",4
"5659","124000",0,0,"1995",4
"5660","124000",0,0,"1996",4
"5661","124000",0,0,"1997",4
"5662","124000",0,0,"1998",4
"5663","124000",0,0,"1999",4
"5664","124000",0,0,"2000",4
"5665","124000",100,0,"2001",4
"5666","124000",0,0,"2002",4
"5667","124000",0,0,"2003",4
"5668","124000",100,0,"2004",4
"5669","124000",100,0,"2005",4
"5670","124000",100,0,"2006",4
"5671","124000",100,0,"2007",4
"5672","124000",100,0,"2008",4
"5673","124000",100,1,"2009",4
"5674","124000",100,1,"2010",4
"5675","124000",100,1,"2011",4
"5676","124200",0,0,"1987",13
"5677","124200",0,0,"1988",13
"5678","124200",0,0,"1989",13
"5679","124200",0,0,"1990",13
"5680","124200",0,0,"1991",13
"5681","124200",0,0,"1992",13
"5682","124200",0,0,"1993",13
"5683","124200",0,0,"1994",13
"5684","124200",0,0,"1995",13
"5685","124200",0,0,"1996",13
"5686","124200",0,0,"1997",13
"5687","124200",0,0,"1998",13
"5688","124200",100,0,"1999",13
"5689","124200",0,1,"2000",13
"5690","124200",100,1,"2001",13
"5691","124200",100,1,"2002",13
"5692","124200",100,1,"2003",13
"5693","124200",100,1,"2004",13
"5694","124200",0,1,"2005",13
"5695","124200",0,1,"2006",13
"5696","124200",100,1,"2007",13
"5697","124200",100,1,"2008",13
"5698","124200",100,1,"2009",13
"5699","124200",100,1,"2010",13
"5700","124200",100,1,"2011",13
"5701","124400",0,0,"1987",9
"5702","124400",0,0,"1988",9
"5703","124400",0,0,"1989",9
"5704","124400",0,0,"1990",9
"5705","124400",0,0,"1991",9
"5706","124400",0,0,"1992",9
"5707","124400",0,0,"1993",9
"5708","124400",0,0,"1994",9
"5709","124400",0,0,"1995",9
"5710","124400",0,0,"1996",9
"5711","124400",0,0,"1997",9
"5712","124400",0,0,"1998",9
"5713","124400",0,0,"1999",9
"5714","124400",0,0,"2000",9
"5715","124400",0,0,"2001",9
"5716","124400",0,0,"2002",9
"5717","124400",0,0,"2003",9
"5718","124400",0,1,"2004",9
"5719","124400",0,1,"2005",9
"5720","124400",0,1,"2006",9
"5721","124400",100,1,"2007",9
"5722","124400",100,1,"2008",9
"5723","124400",100,1,"2009",9
"5724","124400",100,1,"2010",9
"5725","124400",100,1,"2011",9
"5726","124600",0,0,"1987",1
"5727","124600",0,0,"1988",1
"5728","124600",100,0,"1989",1
"5729","124600",0,0,"1990",1
"5730","124600",0,0,"1991",1
"5731","124600",0,0,"1992",1
"5732","124600",0,0,"1993",1
"5733","124600",0,0,"1994",1
"5734","124600",0,0,"1995",1
"5735","124600",0,0,"1996",1
"5736","124600",0,0,"1997",1
"5737","124600",100,0,"1998",1
"5738","124600",0,0,"1999",1
"5739","124600",0,0,"2000",1
"5740","124600",0,0,"2001",1
"5741","124600",0,0,"2002",1
"5742","124600",0,0,"2003",1
"5743","124600",0,0,"2004",1
"5744","124600",0,0,"2005",1
"5745","124600",0,0,"2006",1
"5746","124600",0,0,"2007",1
"5747","124600",0,0,"2008",1
"5748","124600",0,0,"2009",1
"5749","124600",0,0,"2010",1
"5750","124600",100,0,"2011",1
"5776","125000",0,0,"1987",13
"5777","125000",0,0,"1988",13
"5778","125000",0,0,"1989",13
"5779","125000",0,0,"1990",13
"5780","125000",0,0,"1991",13
"5781","125000",0,0,"1992",13
"5782","125000",0,0,"1993",13
"5783","125000",0,0,"1994",13
"5784","125000",0,0,"1995",13
"5785","125000",0,0,"1996",13
"5786","125000",0,0,"1997",13
"5787","125000",0,0,"1998",13
"5788","125000",0,0,"1999",13
"5789","125000",0,1,"2000",13
"5790","125000",0,1,"2001",13
"5791","125000",0,1,"2002",13
"5792","125000",0,1,"2003",13
"5793","125000",100,1,"2004",13
"5794","125000",100,1,"2005",13
"5795","125000",0,1,"2006",13
"5796","125000",0,1,"2007",13
"5797","125000",0,1,"2008",13
"5798","125000",0,1,"2009",13
"5799","125000",0,1,"2010",13
"5800","125000",0,1,"2011",13
"5801","125200",0,0,"1987",1
"5802","125200",0,0,"1988",1
"5803","125200",0,0,"1989",1
"5804","125200",0,0,"1990",1
"5805","125200",0,0,"1991",1
"5806","125200",0,0,"1992",1
"5807","125200",0,0,"1993",1
"5808","125200",0,0,"1994",1
"5809","125200",0,0,"1995",1
"5810","125200",0,0,"1996",1
"5811","125200",0,0,"1997",1
"5812","125200",0,0,"1998",1
"5813","125200",0,0,"1999",1
"5814","125200",0,0,"2000",1
"5815","125200",0,0,"2001",1
"5816","125200",0,0,"2002",1
"5817","125200",0,0,"2003",1
"5818","125200",0,0,"2004",1
"5819","125200",0,0,"2005",1
"5820","125200",0,0,"2006",1
"5821","125200",0,0,"2007",1
"5822","125200",0,0,"2008",1
"5823","125200",0,0,"2009",1
"5824","125200",0,0,"2010",1
"5825","125200",0,0,"2011",1
"5826","125400",0,0,"1987",14
"5827","125400",0,0,"1988",14
"5828","125400",0,0,"1989",14
"5829","125400",0,0,"1990",14
"5830","125400",0,0,"1991",14
"5831","125400",0,0,"1992",14
"5832","125400",0,0,"1993",14
"5833","125400",0,0,"1994",14
"5834","125400",0,0,"1995",14
"5835","125400",0,0,"1996",14
"5836","125400",0,0,"1997",14
"5837","125400",0,0,"1998",14
"5838","125400",0,1,"1999",14
"5839","125400",0,1,"2000",14
"5840","125400",0,1,"2001",14
"5841","125400",0,1,"2002",14
"5842","125400",0,1,"2003",14
"5843","125400",0,1,"2004",14
"5844","125400",0,1,"2005",14
"5845","125400",0,1,"2006",14
"5846","125400",0,1,"2007",14
"5847","125400",0,1,"2008",14
"5848","125400",0,1,"2009",14
"5849","125400",0,1,"2010",14
"5850","125400",0,1,"2011",14
"5851","125600",0,0,"1987",14
"5852","125600",0,0,"1988",14
"5853","125600",0,0,"1989",14
"5854","125600",0,0,"1990",14
"5855","125600",0,0,"1991",14
"5856","125600",0,0,"1992",14
"5857","125600",0,0,"1993",14
"5858","125600",0,0,"1994",14
"5859","125600",0,0,"1995",14
"5860","125600",0,0,"1996",14
"5861","125600",0,0,"1997",14
"5862","125600",0,0,"1998",14
"5863","125600",0,1,"1999",14
"5864","125600",0,1,"2000",14
"5865","125600",0,1,"2001",14
"5866","125600",0,1,"2002",14
"5867","125600",0,1,"2003",14
"5868","125600",0,1,"2004",14
"5869","125600",0,1,"2005",14
"5870","125600",0,1,"2006",14
"5871","125600",0,1,"2007",14
"5872","125600",0,1,"2008",14
"5873","125600",0,1,"2009",14
"5874","125600",0,1,"2010",14
"5875","125600",0,1,"2011",14
"5876","132000",0,0,"1987",1
"5877","132000",0,0,"1988",1
"5878","132000",0,0,"1989",1
"5879","132000",0,0,"1990",1
"5880","132000",100,0,"1991",1
"5881","132000",0,0,"1992",1
"5882","132000",0,0,"1993",1
"5883","132000",0,0,"1994",1
"5884","132000",0,0,"1995",1
"5885","132000",0,0,"1996",1
"5886","132000",0,0,"1997",1
"5887","132000",0,0,"1998",1
"5888","132000",0,0,"1999",1
"5889","132000",0,0,"2000",1
"5890","132000",0,0,"2001",1
"5891","132000",0,0,"2002",1
"5892","132000",0,0,"2003",1
"5893","132000",0,0,"2004",1
"5894","132000",0,0,"2005",1
"5895","132000",0,0,"2006",1
"5896","132000",100,0,"2007",1
"5897","132000",100,0,"2008",1
"5898","132000",100,0,"2009",1
"5899","132000",100,0,"2010",1
"5900","132000",100,0,"2011",1
"6076","133600",0,0,"1987",1
"6077","133600",0,0,"1988",1
"6078","133600",100,0,"1989",1
"6079","133600",0,0,"1990",1
"6080","133600",0,0,"1991",1
"6081","133600",0,0,"1992",1
"6082","133600",0,0,"1993",1
"6083","133600",0,0,"1994",1
"6084","133600",0,0,"1995",1
"6085","133600",0,0,"1996",1
"6086","133600",0,0,"1997",1
"6087","133600",0,0,"1998",1
"6088","133600",0,0,"1999",1
"6089","133600",0,0,"2000",1
"6090","133600",100,0,"2001",1
"6091","133600",100,0,"2002",1
"6092","133600",100,0,"2003",1
"6093","133600",100,0,"2004",1
"6094","133600",100,0,"2005",1
"6095","133600",100,0,"2006",1
"6096","133600",100,0,"2007",1
"6097","133600",100,0,"2008",1
"6098","133600",100,0,"2009",1
"6099","133600",100,0,"2010",1
"6100","133600",100,0,"2011",1
"6101","133800",0,0,"1987",1
"6102","133800",0,0,"1988",1
"6103","133800",0,0,"1989",1
"6104","133800",0,0,"1990",1
"6105","133800",0,0,"1991",1
"6106","133800",0,0,"1992",1
"6107","133800",0,0,"1993",1
"6108","133800",0,0,"1994",1
"6109","133800",0,0,"1995",1
"6110","133800",0,0,"1996",1
"6111","133800",0,0,"1997",1
"6112","133800",0,0,"1998",1
"6113","133800",0,0,"1999",1
"6114","133800",0,0,"2000",1
"6115","133800",0,0,"2001",1
"6116","133800",0,0,"2002",1
"6117","133800",0,0,"2003",1
"6118","133800",100,0,"2004",1
"6119","133800",100,0,"2005",1
"6120","133800",100,0,"2006",1
"6121","133800",0,0,"2007",1
"6122","133800",0,0,"2008",1
"6123","133800",0,0,"2009",1
"6124","133800",0,0,"2010",1
"6125","133800",100,0,"2011",1
"6151","134200",100,0,"1987",1
"6152","134200",0,0,"1988",1
"6153","134200",0,0,"1989",1
"6154","134200",0,0,"1990",1
"6155","134200",0,0,"1991",1
"6156","134200",0,0,"1992",1
"6157","134200",0,0,"1993",1
"6158","134200",0,0,"1994",1
"6159","134200",0,0,"1995",1
"6160","134200",0,0,"1996",1
"6161","134200",0,0,"1997",1
"6162","134200",0,0,"1998",1
"6163","134200",0,0,"1999",1
"6164","134200",0,0,"2000",1
"6165","134200",0,0,"2001",1
"6166","134200",0,0,"2002",1
"6167","134200",0,0,"2003",1
"6168","134200",0,0,"2004",1
"6169","134200",0,0,"2005",1
"6170","134200",0,0,"2006",1
"6171","134200",0,0,"2007",1
"6172","134200",0,0,"2008",1
"6173","134200",0,0,"2009",1
"6174","134200",0,0,"2010",1
"6175","134200",0,0,"2011",1
"6176","134400",0,0,"1987",20
"6177","134400",0,0,"1988",20
"6178","134400",0,0,"1989",20
"6179","134400",0,0,"1990",20
"6180","134400",0,0,"1991",20
"6181","134400",0,0,"1992",20
"6182","134400",0,1,"1993",20
"6183","134400",100,1,"1994",20
"6184","134400",0,1,"1995",20
"6185","134400",0,1,"1996",20
"6186","134400",0,1,"1997",20
"6187","134400",0,1,"1998",20
"6188","134400",0,1,"1999",20
"6189","134400",0,1,"2000",20
"6190","134400",0,1,"2001",20
"6191","134400",0,1,"2002",20
"6192","134400",0,1,"2003",20
"6193","134400",0,1,"2004",20
"6194","134400",0,1,"2005",20
"6195","134400",0,1,"2006",20
"6196","134400",0,1,"2007",20
"6197","134400",0,1,"2008",20
"6198","134400",0,1,"2009",20
"6199","134400",0,1,"2010",20
"6200","134400",100,1,"2011",20
"6251","135000",0,0,"1987",1
"6252","135000",100,0,"1988",1
"6253","135000",0,0,"1989",1
"6254","135000",0,0,"1990",1
"6255","135000",0,0,"1991",1
"6256","135000",0,0,"1992",1
"6257","135000",0,0,"1993",1
"6258","135000",0,0,"1994",1
"6259","135000",0,0,"1995",1
"6260","135000",0,0,"1996",1
"6261","135000",0,0,"1997",1
"6262","135000",0,0,"1998",1
"6263","135000",0,0,"1999",1
"6264","135000",0,0,"2000",1
"6265","135000",0,0,"2001",1
"6266","135000",0,0,"2002",1
"6267","135000",0,0,"2003",1
"6268","135000",0,0,"2004",1
"6269","135000",100,0,"2005",1
"6270","135000",100,0,"2006",1
"6271","135000",100,0,"2007",1
"6272","135000",100,0,"2008",1
"6273","135000",100,0,"2009",1
"6274","135000",100,0,"2010",1
"6275","135000",100,0,"2011",1
"6276","135200",0,0,"1987",14
"6277","135200",0,0,"1988",14
"6278","135200",0,0,"1989",14
"6279","135200",0,0,"1990",14
"6280","135200",0,0,"1991",14
"6281","135200",0,0,"1992",14
"6282","135200",0,0,"1993",14
"6283","135200",0,0,"1994",14
"6284","135200",0,0,"1995",14
"6285","135200",0,0,"1996",14
"6286","135200",0,0,"1997",14
"6287","135200",0,0,"1998",14
"6288","135200",0,1,"1999",14
"6289","135200",0,1,"2000",14
"6290","135200",100,1,"2001",14
"6291","135200",0,1,"2002",14
"6292","135200",100,1,"2003",14
"6293","135200",0,1,"2004",14
"6294","135200",0,1,"2005",14
"6295","135200",0,1,"2006",14
"6296","135200",0,1,"2007",14
"6297","135200",0,1,"2008",14
"6298","135200",0,1,"2009",14
"6299","135200",0,1,"2010",14
"6300","135200",0,1,"2011",14
"6351","135800",0,0,"1987",6
"6352","135800",0,0,"1988",6
"6353","135800",0,0,"1989",6
"6354","135800",0,0,"1990",6
"6355","135800",0,0,"1991",6
"6356","135800",0,0,"1992",6
"6357","135800",0,0,"1993",6
"6358","135800",0,0,"1994",6
"6359","135800",0,0,"1995",6
"6360","135800",0,0,"1996",6
"6361","135800",0,0,"1997",6
"6362","135800",0,0,"1998",6
"6363","135800",0,0,"1999",6
"6364","135800",0,0,"2000",6
"6365","135800",0,0,"2001",6
"6366","135800",0,0,"2002",6
"6367","135800",0,0,"2003",6
"6368","135800",0,0,"2004",6
"6369","135800",0,0,"2005",6
"6370","135800",100,0,"2006",6
"6371","135800",100,1,"2007",6
"6372","135800",100,1,"2008",6
"6373","135800",100,1,"2009",6
"6374","135800",100,1,"2010",6
"6375","135800",100,1,"2011",6
"6476","142800",0,0,"1987",10
"6477","142800",0,0,"1988",10
"6478","142800",0,0,"1989",10
"6479","142800",100,0,"1990",10
"6480","142800",0,0,"1991",10
"6481","142800",0,0,"1992",10
"6482","142800",0,0,"1993",10
"6483","142800",0,0,"1994",10
"6484","142800",0,0,"1995",10
"6485","142800",0,0,"1996",10
"6486","142800",0,0,"1997",10
"6487","142800",0,0,"1998",10
"6488","142800",0,0,"1999",10
"6489","142800",0,0,"2000",10
"6490","142800",100,0,"2001",10
"6491","142800",100,0,"2002",10
"6492","142800",100,1,"2003",10
"6493","142800",100,1,"2004",10
"6494","142800",100,1,"2005",10
"6495","142800",100,1,"2006",10
"6496","142800",100,1,"2007",10
"6497","142800",100,1,"2008",10
"6498","142800",100,1,"2009",10
"6499","142800",100,1,"2010",10
"6500","142800",0,1,"2011",10
"6526","143200",0,0,"1987",16
"6527","143200",0,0,"1988",16
"6528","143200",100,0,"1989",16
"6529","143200",0,0,"1990",16
"6530","143200",0,0,"1991",16
"6531","143200",0,0,"1992",16
"6532","143200",0,0,"1993",16
"6533","143200",0,0,"1994",16
"6534","143200",0,0,"1995",16
"6535","143200",0,0,"1996",16
"6536","143200",100,1,"1997",16
"6537","143200",0,1,"1998",16
"6538","143200",100,1,"1999",16
"6539","143200",100,1,"2000",16
"6540","143200",100,1,"2001",16
"6541","143200",100,1,"2002",16
"6542","143200",100,1,"2003",16
"6543","143200",100,1,"2004",16
"6544","143200",100,1,"2005",16
"6545","143200",100,1,"2006",16
"6546","143200",100,1,"2007",16
"6547","143200",100,1,"2008",16
"6548","143200",100,1,"2009",16
"6549","143200",100,1,"2010",16
"6550","143200",100,1,"2011",16
"6576","143600",0,0,"1987",1
"6577","143600",0,0,"1988",1
"6578","143600",0,0,"1989",1
"6579","143600",0,0,"1990",1
"6580","143600",100,0,"1991",1
"6581","143600",0,0,"1992",1
"6582","143600",0,0,"1993",1
"6583","143600",0,0,"1994",1
"6584","143600",0,0,"1995",1
"6585","143600",0,0,"1996",1
"6586","143600",0,0,"1997",1
"6587","143600",0,0,"1998",1
"6588","143600",0,0,"1999",1
"6589","143600",0,0,"2000",1
"6590","143600",0,0,"2001",1
"6591","143600",0,0,"2002",1
"6592","143600",0,0,"2003",1
"6593","143600",0,0,"2004",1
"6594","143600",0,0,"2005",1
"6595","143600",0,0,"2006",1
"6596","143600",0,0,"2007",1
"6597","143600",0,0,"2008",1
"6598","143600",0,0,"2009",1
"6599","143600",0,0,"2010",1
"6600","143600",0,0,"2011",1
"6601","143800",0,0,"1987",1
"6602","143800",100,0,"1988",1
"6603","143800",0,0,"1989",1
"6604","143800",0,0,"1990",1
"6605","143800",0,0,"1991",1
"6606","143800",0,0,"1992",1
"6607","143800",0,0,"1993",1
"6608","143800",0,0,"1994",1
"6609","143800",0,0,"1995",1
"6610","143800",0,0,"1996",1
"6611","143800",0,0,"1997",1
"6612","143800",0,0,"1998",1
"6613","143800",0,0,"1999",1
"6614","143800",0,0,"2000",1
"6615","143800",0,0,"2001",1
"6616","143800",0,0,"2002",1
"6617","143800",0,0,"2003",1
"6618","143800",0,0,"2004",1
"6619","143800",0,0,"2005",1
"6620","143800",0,0,"2006",1
"6621","143800",0,0,"2007",1
"6622","143800",0,0,"2008",1
"6623","143800",0,0,"2009",1
"6624","143800",0,0,"2010",1
"6625","143800",0,0,"2011",1
"6626","144000",0,0,"1987",1
"6627","144000",0,0,"1988",1
"6628","144000",0,0,"1989",1
"6629","144000",0,0,"1990",1
"6630","144000",0,0,"1991",1
"6631","144000",0,0,"1992",1
"6632","144000",0,0,"1993",1
"6633","144000",100,0,"1994",1
"6634","144000",0,0,"1995",1
"6635","144000",0,0,"1996",1
"6636","144000",0,0,"1997",1
"6637","144000",0,0,"1998",1
"6638","144000",0,0,"1999",1
"6639","144000",0,0,"2000",1
"6640","144000",0,0,"2001",1
"6641","144000",0,0,"2002",1
"6642","144000",0,0,"2003",1
"6643","144000",0,0,"2004",1
"6644","144000",0,0,"2005",1
"6645","144000",0,0,"2006",1
"6646","144000",0,0,"2007",1
"6647","144000",0,0,"2008",1
"6648","144000",0,0,"2009",1
"6649","144000",0,0,"2010",1
"6650","144000",0,0,"2011",1
"6676","144400",0,0,"1987",10
"6677","144400",0,0,"1988",10
"6678","144400",0,0,"1989",10
"6679","144400",100,0,"1990",10
"6680","144400",0,0,"1991",10
"6681","144400",0,0,"1992",10
"6682","144400",0,0,"1993",10
"6683","144400",0,0,"1994",10
"6684","144400",0,0,"1995",10
"6685","144400",0,0,"1996",10
"6686","144400",0,0,"1997",10
"6687","144400",0,0,"1998",10
"6688","144400",0,0,"1999",10
"6689","144400",0,0,"2000",10
"6690","144400",0,0,"2001",10
"6691","144400",0,0,"2002",10
"6692","144400",0,1,"2003",10
"6693","144400",0,1,"2004",10
"6694","144400",0,1,"2005",10
"6695","144400",0,1,"2006",10
"6696","144400",0,1,"2007",10
"6697","144400",100,1,"2008",10
"6698","144400",100,1,"2009",10
"6699","144400",100,1,"2010",10
"6700","144400",0,1,"2011",10
"6751","145000",0,0,"1987",1
"6752","145000",0,0,"1988",1
"6753","145000",100,0,"1989",1
"6754","145000",0,0,"1990",1
"6755","145000",100,0,"1991",1
"6756","145000",0,0,"1992",1
"6757","145000",0,0,"1993",1
"6758","145000",0,0,"1994",1
"6759","145000",0,0,"1995",1
"6760","145000",0,0,"1996",1
"6761","145000",0,0,"1997",1
"6762","145000",0,0,"1998",1
"6763","145000",0,0,"1999",1
"6764","145000",0,0,"2000",1
"6765","145000",0,0,"2001",1
"6766","145000",100,0,"2002",1
"6767","145000",100,0,"2003",1
"6768","145000",100,0,"2004",1
"6769","145000",100,0,"2005",1
"6770","145000",100,0,"2006",1
"6771","145000",100,0,"2007",1
"6772","145000",0,0,"2008",1
"6773","145000",0,0,"2009",1
"6774","145000",0,0,"2010",1
"6775","145000",0,0,"2011",1
"6801","145400",0,0,"1987",3
"6802","145400",100,0,"1988",3
"6803","145400",0,0,"1989",3
"6804","145400",0,0,"1990",3
"6805","145400",0,0,"1991",3
"6806","145400",0,0,"1992",3
"6807","145400",0,0,"1993",3
"6808","145400",0,0,"1994",3
"6809","145400",0,0,"1995",3
"6810","145400",0,0,"1996",3
"6811","145400",0,0,"1997",3
"6812","145400",0,0,"1998",3
"6813","145400",0,0,"1999",3
"6814","145400",0,0,"2000",3
"6815","145400",0,0,"2001",3
"6816","145400",0,0,"2002",3
"6817","145400",0,0,"2003",3
"6818","145400",0,0,"2004",3
"6819","145400",0,0,"2005",3
"6820","145400",0,0,"2006",3
"6821","145400",0,0,"2007",3
"6822","145400",0,0,"2008",3
"6823","145400",0,0,"2009",3
"6824","145400",0,1,"2010",3
"6825","145400",0,1,"2011",3
"6851","145800",0,0,"1987",16
"6852","145800",0,0,"1988",16
"6853","145800",100,0,"1989",16
"6854","145800",0,0,"1990",16
"6855","145800",0,0,"1991",16
"6856","145800",0,0,"1992",16
"6857","145800",0,0,"1993",16
"6858","145800",0,0,"1994",16
"6859","145800",0,0,"1995",16
"6860","145800",0,0,"1996",16
"6861","145800",100,1,"1997",16
"6862","145800",0,1,"1998",16
"6863","145800",0,1,"1999",16
"6864","145800",0,1,"2000",16
"6865","145800",100,1,"2001",16
"6866","145800",100,1,"2002",16
"6867","145800",100,1,"2003",16
"6868","145800",100,1,"2004",16
"6869","145800",100,1,"2005",16
"6870","145800",100,1,"2006",16
"6871","145800",100,1,"2007",16
"6872","145800",100,1,"2008",16
"6873","145800",100,1,"2009",16
"6874","145800",100,1,"2010",16
"6875","145800",0,1,"2011",16
"6951","146600",0,0,"1987",1
"6952","146600",100,0,"1988",1
"6953","146600",0,0,"1989",1
"6954","146600",0,0,"1990",1
"6955","146600",100,0,"1991",1
"6956","146600",0,0,"1992",1
"6957","146600",0,0,"1993",1
"6958","146600",0,0,"1994",1
"6959","146600",0,0,"1995",1
"6960","146600",0,0,"1996",1
"6961","146600",0,0,"1997",1
"6962","146600",0,0,"1998",1
"6963","146600",0,0,"1999",1
"6964","146600",0,0,"2000",1
"6965","146600",0,0,"2001",1
"6966","146600",0,0,"2002",1
"6967","146600",0,0,"2003",1
"6968","146600",0,0,"2004",1
"6969","146600",0,0,"2005",1
"6970","146600",0,0,"2006",1
"6971","146600",0,0,"2007",1
"6972","146600",0,0,"2008",1
"6973","146600",0,0,"2009",1
"6974","146600",0,0,"2010",1
"6975","146600",0,0,"2011",1
"6976","146800",0,0,"1987",10
"6977","146800",0,0,"1988",10
"6978","146800",0,0,"1989",10
"6979","146800",0,0,"1990",10
"6980","146800",0,0,"1991",10
"6981","146800",0,0,"1992",10
"6982","146800",0,0,"1993",10
"6983","146800",0,0,"1994",10
"6984","146800",0,0,"1995",10
"6985","146800",0,0,"1996",10
"6986","146800",0,0,"1997",10
"6987","146800",0,0,"1998",10
"6988","146800",0,0,"1999",10
"6989","146800",0,0,"2000",10
"6990","146800",0,0,"2001",10
"6991","146800",0,0,"2002",10
"6992","146800",0,1,"2003",10
"6993","146800",0,1,"2004",10
"6994","146800",0,1,"2005",10
"6995","146800",0,1,"2006",10
"6996","146800",0,1,"2007",10
"6997","146800",0,1,"2008",10
"6998","146800",0,1,"2009",10
"6999","146800",0,1,"2010",10
"7000","146800",0,1,"2011",10
"7001","152000",0,0,"1987",23
"7002","152000",0,0,"1988",23
"7003","152000",0,0,"1989",23
"7004","152000",100,1,"1990",23
"7005","152000",0,1,"1991",23
"7006","152000",0,1,"1992",23
"7007","152000",100,1,"1993",23
"7008","152000",0,1,"1994",23
"7009","152000",0,1,"1995",23
"7010","152000",100,1,"1996",23
"7011","152000",0,1,"1997",23
"7012","152000",100,1,"1998",23
"7013","152000",0,1,"1999",23
"7014","152000",100,1,"2000",23
"7015","152000",100,1,"2001",23
"7016","152000",100,1,"2002",23
"7017","152000",100,1,"2003",23
"7018","152000",100,1,"2004",23
"7019","152000",100,1,"2005",23
"7020","152000",100,1,"2006",23
"7021","152000",100,1,"2007",23
"7022","152000",100,1,"2008",23
"7023","152000",100,1,"2009",23
"7024","152000",100,1,"2010",23
"7025","152000",100,1,"2011",23
"7026","152200",0,0,"1987",1
"7027","152200",0,0,"1988",1
"7028","152200",0,0,"1989",1
"7029","152200",100,0,"1990",1
"7030","152200",0,0,"1991",1
"7031","152200",0,0,"1992",1
"7032","152200",0,0,"1993",1
"7033","152200",0,0,"1994",1
"7034","152200",100,0,"1995",1
"7035","152200",0,0,"1996",1
"7036","152200",0,0,"1997",1
"7037","152200",100,0,"1998",1
"7038","152200",0,0,"1999",1
"7039","152200",100,0,"2000",1
"7040","152200",100,0,"2001",1
"7041","152200",100,0,"2002",1
"7042","152200",100,0,"2003",1
"7043","152200",100,0,"2004",1
"7044","152200",100,0,"2005",1
"7045","152200",100,0,"2006",1
"7046","152200",100,0,"2007",1
"7047","152200",100,0,"2008",1
"7048","152200",100,0,"2009",1
"7049","152200",100,0,"2010",1
"7050","152200",100,0,"2011",1
"7051","152400",0,0,"1987",7
"7052","152400",0,0,"1988",7
"7053","152400",0,0,"1989",7
"7054","152400",100,0,"1990",7
"7055","152400",0,0,"1991",7
"7056","152400",0,0,"1992",7
"7057","152400",100,0,"1993",7
"7058","152400",0,0,"1994",7
"7059","152400",0,0,"1995",7
"7060","152400",100,0,"1996",7
"7061","152400",0,0,"1997",7
"7062","152400",100,0,"1998",7
"7063","152400",0,0,"1999",7
"7064","152400",100,0,"2000",7
"7065","152400",100,0,"2001",7
"7066","152400",100,0,"2002",7
"7067","152400",100,0,"2003",7
"7068","152400",100,0,"2004",7
"7069","152400",100,0,"2005",7
"7070","152400",100,1,"2006",7
"7071","152400",100,1,"2007",7
"7072","152400",100,1,"2008",7
"7073","152400",100,1,"2009",7
"7074","152400",100,1,"2010",7
"7075","152400",100,1,"2011",7
"7076","152600",0,0,"1987",1
"7077","152600",0,0,"1988",1
"7078","152600",0,0,"1989",1
"7079","152600",100,0,"1990",1
"7080","152600",0,0,"1991",1
"7081","152600",0,0,"1992",1
"7082","152600",100,0,"1993",1
"7083","152600",0,0,"1994",1
"7084","152600",0,0,"1995",1
"7085","152600",100,0,"1996",1
"7086","152600",0,0,"1997",1
"7087","152600",100,0,"1998",1
"7088","152600",0,0,"1999",1
"7089","152600",100,0,"2000",1
"7090","152600",100,0,"2001",1
"7091","152600",100,0,"2002",1
"7092","152600",100,0,"2003",1
"7093","152600",100,0,"2004",1
"7094","152600",100,0,"2005",1
"7095","152600",100,0,"2006",1
"7096","152600",100,0,"2007",1
"7097","152600",100,0,"2008",1
"7098","152600",100,0,"2009",1
"7099","152600",100,0,"2010",1
"7100","152600",0,0,"2011",1
"7101","152800",0,0,"1987",15
"7102","152800",0,0,"1988",15
"7103","152800",0,0,"1989",15
"7104","152800",100,0,"1990",15
"7105","152800",0,0,"1991",15
"7106","152800",0,0,"1992",15
"7107","152800",0,0,"1993",15
"7108","152800",100,0,"1994",15
"7109","152800",0,0,"1995",15
"7110","152800",0,0,"1996",15
"7111","152800",100,0,"1997",15
"7112","152800",100,1,"1998",15
"7113","152800",0,1,"1999",15
"7114","152800",100,1,"2000",15
"7115","152800",100,1,"2001",15
"7116","152800",100,1,"2002",15
"7117","152800",100,1,"2003",15
"7118","152800",100,1,"2004",15
"7119","152800",100,1,"2005",15
"7120","152800",100,1,"2006",15
"7121","152800",100,1,"2007",15
"7122","152800",100,1,"2008",15
"7123","152800",100,1,"2009",15
"7124","152800",100,1,"2010",15
"7125","152800",100,1,"2011",15
"7126","153000",0,0,"1987",3
"7127","153000",0,0,"1988",3
"7128","153000",0,0,"1989",3
"7129","153000",100,0,"1990",3
"7130","153000",0,0,"1991",3
"7131","153000",0,0,"1992",3
"7132","153000",0,0,"1993",3
"7133","153000",0,0,"1994",3
"7134","153000",100,0,"1995",3
"7135","153000",0,0,"1996",3
"7136","153000",0,0,"1997",3
"7137","153000",100,0,"1998",3
"7138","153000",0,0,"1999",3
"7139","153000",100,0,"2000",3
"7140","153000",100,0,"2001",3
"7141","153000",100,0,"2002",3
"7142","153000",100,0,"2003",3
"7143","153000",100,0,"2004",3
"7144","153000",100,0,"2005",3
"7145","153000",100,0,"2006",3
"7146","153000",100,0,"2007",3
"7147","153000",100,0,"2008",3
"7148","153000",100,0,"2009",3
"7149","153000",100,1,"2010",3
"7150","153000",0,1,"2011",3
"7151","153200",0,0,"1987",15
"7152","153200",0,0,"1988",15
"7153","153200",0,0,"1989",15
"7154","153200",100,0,"1990",15
"7155","153200",0,0,"1991",15
"7156","153200",0,0,"1992",15
"7157","153200",100,0,"1993",15
"7158","153200",0,0,"1994",15
"7159","153200",0,0,"1995",15
"7160","153200",100,0,"1996",15
"7161","153200",0,0,"1997",15
"7162","153200",100,1,"1998",15
"7163","153200",0,1,"1999",15
"7164","153200",100,1,"2000",15
"7165","153200",100,1,"2001",15
"7166","153200",100,1,"2002",15
"7167","153200",100,1,"2003",15
"7168","153200",100,1,"2004",15
"7169","153200",100,1,"2005",15
"7170","153200",100,1,"2006",15
"7171","153200",100,1,"2007",15
"7172","153200",100,1,"2008",15
"7173","153200",100,1,"2009",15
"7174","153200",100,1,"2010",15
"7175","153200",100,1,"2011",15
"7176","153400",0,0,"1987",1
"7177","153400",0,0,"1988",1
"7178","153400",0,0,"1989",1
"7179","153400",100,0,"1990",1
"7180","153400",0,0,"1991",1
"7181","153400",0,0,"1992",1
"7182","153400",0,0,"1993",1
"7183","153400",100,0,"1994",1
"7184","153400",0,0,"1995",1
"7185","153400",0,0,"1996",1
"7186","153400",100,0,"1997",1
"7187","153400",100,0,"1998",1
"7188","153400",0,0,"1999",1
"7189","153400",100,0,"2000",1
"7190","153400",100,0,"2001",1
"7191","153400",100,0,"2002",1
"7192","153400",100,0,"2003",1
"7193","153400",100,0,"2004",1
"7194","153400",100,0,"2005",1
"7195","153400",100,0,"2006",1
"7196","153400",100,0,"2007",1
"7197","153400",100,0,"2008",1
"7198","153400",100,0,"2009",1
"7199","153400",100,0,"2010",1
"7200","153400",100,0,"2011",1
"7201","153600",0,0,"1987",1
"7202","153600",0,0,"1988",1
"7203","153600",0,0,"1989",1
"7204","153600",0,0,"1990",1
"7205","153600",0,0,"1991",1
"7206","153600",0,0,"1992",1
"7207","153600",0,0,"1993",1
"7208","153600",100,0,"1994",1
"7209","153600",0,0,"1995",1
"7210","153600",0,0,"1996",1
"7211","153600",100,0,"1997",1
"7212","153600",100,0,"1998",1
"7213","153600",0,0,"1999",1
"7214","153600",100,0,"2000",1
"7215","153600",100,0,"2001",1
"7216","153600",100,0,"2002",1
"7217","153600",100,0,"2003",1
"7218","153600",100,0,"2004",1
"7219","153600",100,0,"2005",1
"7220","153600",100,0,"2006",1
"7221","153600",100,0,"2007",1
"7222","153600",100,0,"2008",1
"7223","153600",100,0,"2009",1
"7224","153600",100,0,"2010",1
"7225","153600",100,0,"2011",1
"7226","153800",0,0,"1987",1
"7227","153800",0,0,"1988",1
"7228","153800",0,0,"1989",1
"7229","153800",100,0,"1990",1
"7230","153800",0,0,"1991",1
"7231","153800",0,0,"1992",1
"7232","153800",0,0,"1993",1
"7233","153800",100,0,"1994",1
"7234","153800",0,0,"1995",1
"7235","153800",0,0,"1996",1
"7236","153800",100,0,"1997",1
"7237","153800",100,0,"1998",1
"7238","153800",0,0,"1999",1
"7239","153800",100,0,"2000",1
"7240","153800",100,0,"2001",1
"7241","153800",100,0,"2002",1
"7242","153800",100,0,"2003",1
"7243","153800",100,0,"2004",1
"7244","153800",100,0,"2005",1
"7245","153800",100,0,"2006",1
"7246","153800",100,0,"2007",1
"7247","153800",100,0,"2008",1
"7248","153800",100,0,"2009",1
"7249","153800",100,0,"2010",1
"7250","153800",100,0,"2011",1
"7251","154000",0,0,"1987",1
"7252","154000",0,0,"1988",1
"7253","154000",0,0,"1989",1
"7254","154000",100,0,"1990",1
"7255","154000",0,0,"1991",1
"7256","154000",0,0,"1992",1
"7257","154000",0,0,"1993",1
"7258","154000",100,0,"1994",1
"7259","154000",0,0,"1995",1
"7260","154000",0,0,"1996",1
"7261","154000",100,0,"1997",1
"7262","154000",100,0,"1998",1
"7263","154000",0,0,"1999",1
"7264","154000",100,0,"2000",1
"7265","154000",100,0,"2001",1
"7266","154000",100,0,"2002",1
"7267","154000",100,0,"2003",1
"7268","154000",100,0,"2004",1
"7269","154000",100,0,"2005",1
"7270","154000",100,0,"2006",1
"7271","154000",100,0,"2007",1
"7272","154000",100,0,"2008",1
"7273","154000",100,0,"2009",1
"7274","154000",100,0,"2010",1
"7275","154000",100,0,"2011",1
"7276","154200",0,0,"1987",1
"7277","154200",0,0,"1988",1
"7278","154200",0,0,"1989",1
"7279","154200",100,0,"1990",1
"7280","154200",0,0,"1991",1
"7281","154200",0,0,"1992",1
"7282","154200",0,0,"1993",1
"7283","154200",0,0,"1994",1
"7284","154200",0,0,"1995",1
"7285","154200",100,0,"1996",1
"7286","154200",0,0,"1997",1
"7287","154200",100,0,"1998",1
"7288","154200",0,0,"1999",1
"7289","154200",100,0,"2000",1
"7290","154200",100,0,"2001",1
"7291","154200",100,0,"2002",1
"7292","154200",100,0,"2003",1
"7293","154200",100,0,"2004",1
"7294","154200",100,0,"2005",1
"7295","154200",100,0,"2006",1
"7296","154200",100,0,"2007",1
"7297","154200",100,0,"2008",1
"7298","154200",100,0,"2009",1
"7299","154200",100,0,"2010",1
"7300","154200",100,0,"2011",1
"7301","154400",0,0,"1987",15
"7302","154400",0,0,"1988",15
"7303","154400",0,0,"1989",15
"7304","154400",100,0,"1990",15
"7305","154400",0,0,"1991",15
"7306","154400",0,0,"1992",15
"7307","154400",0,0,"1993",15
"7308","154400",100,0,"1994",15
"7309","154400",0,0,"1995",15
"7310","154400",0,0,"1996",15
"7311","154400",100,0,"1997",15
"7312","154400",100,1,"1998",15
"7313","154400",0,1,"1999",15
"7314","154400",100,1,"2000",15
"7315","154400",100,1,"2001",15
"7316","154400",100,1,"2002",15
"7317","154400",0,1,"2003",15
"7318","154400",100,1,"2004",15
"7319","154400",100,1,"2005",15
"7320","154400",100,1,"2006",15
"7321","154400",0,1,"2007",15
"7322","154400",100,1,"2008",15
"7323","154400",100,1,"2009",15
"7324","154400",100,1,"2010",15
"7325","154400",100,1,"2011",15
"7326","154600",0,0,"1987",1
"7327","154600",0,0,"1988",1
"7328","154600",0,0,"1989",1
"7329","154600",100,0,"1990",1
"7330","154600",0,0,"1991",1
"7331","154600",0,0,"1992",1
"7332","154600",0,0,"1993",1
"7333","154600",0,0,"1994",1
"7334","154600",100,0,"1995",1
"7335","154600",0,0,"1996",1
"7336","154600",0,0,"1997",1
"7337","154600",100,0,"1998",1
"7338","154600",0,0,"1999",1
"7339","154600",100,0,"2000",1
"7340","154600",100,0,"2001",1
"7341","154600",100,0,"2002",1
"7342","154600",100,0,"2003",1
"7343","154600",100,0,"2004",1
"7344","154600",100,0,"2005",1
"7345","154600",100,0,"2006",1
"7346","154600",100,0,"2007",1
"7347","154600",100,0,"2008",1
"7348","154600",100,0,"2009",1
"7349","154600",100,0,"2010",1
"7350","154600",100,0,"2011",1
"7351","154800",0,0,"1987",23
"7352","154800",0,0,"1988",23
"7353","154800",0,0,"1989",23
"7354","154800",100,1,"1990",23
"7355","154800",0,1,"1991",23
"7356","154800",0,1,"1992",23
"7357","154800",0,1,"1993",23
"7358","154800",100,1,"1994",23
"7359","154800",0,1,"1995",23
"7360","154800",0,1,"1996",23
"7361","154800",0,1,"1997",23
"7362","154800",100,1,"1998",23
"7363","154800",0,1,"1999",23
"7364","154800",100,1,"2000",23
"7365","154800",100,1,"2001",23
"7366","154800",100,1,"2002",23
"7367","154800",100,1,"2003",23
"7368","154800",100,1,"2004",23
"7369","154800",100,1,"2005",23
"7370","154800",0,1,"2006",23
"7371","154800",0,1,"2007",23
"7372","154800",0,1,"2008",23
"7373","154800",0,1,"2009",23
"7374","154800",100,1,"2010",23
"7375","154800",100,1,"2011",23
"7376","155000",0,0,"1987",15
"7377","155000",0,0,"1988",15
"7378","155000",0,0,"1989",15
"7379","155000",100,0,"1990",15
"7380","155000",0,0,"1991",15
"7381","155000",0,0,"1992",15
"7382","155000",100,0,"1993",15
"7383","155000",0,0,"1994",15
"7384","155000",0,0,"1995",15
"7385","155000",100,0,"1996",15
"7386","155000",0,0,"1997",15
"7387","155000",100,1,"1998",15
"7388","155000",0,1,"1999",15
"7389","155000",100,1,"2000",15
"7390","155000",100,1,"2001",15
"7391","155000",100,1,"2002",15
"7392","155000",100,1,"2003",15
"7393","155000",100,1,"2004",15
"7394","155000",100,1,"2005",15
"7395","155000",100,1,"2006",15
"7396","155000",100,1,"2007",15
"7397","155000",100,1,"2008",15
"7398","155000",100,1,"2009",15
"7399","155000",100,1,"2010",15
"7400","155000",100,1,"2011",15
"7401","155200",0,0,"1987",15
"7402","155200",0,0,"1988",15
"7403","155200",0,0,"1989",15
"7404","155200",100,0,"1990",15
"7405","155200",0,0,"1991",15
"7406","155200",0,0,"1992",15
"7407","155200",100,0,"1993",15
"7408","155200",0,0,"1994",15
"7409","155200",0,0,"1995",15
"7410","155200",100,0,"1996",15
"7411","155200",0,0,"1997",15
"7412","155200",100,1,"1998",15
"7413","155200",0,1,"1999",15
"7414","155200",100,1,"2000",15
"7415","155200",100,1,"2001",15
"7416","155200",100,1,"2002",15
"7417","155200",100,1,"2003",15
"7418","155200",100,1,"2004",15
"7419","155200",100,1,"2005",15
"7420","155200",100,1,"2006",15
"7421","155200",100,1,"2007",15
"7422","155200",100,1,"2008",15
"7423","155200",100,1,"2009",15
"7424","155200",100,1,"2010",15
"7425","155200",100,1,"2011",15
"7426","155400",0,0,"1987",1
"7427","155400",0,0,"1988",1
"7428","155400",0,0,"1989",1
"7429","155400",100,0,"1990",1
"7430","155400",0,0,"1991",1
"7431","155400",0,0,"1992",1
"7432","155400",0,0,"1993",1
"7433","155400",100,0,"1994",1
"7434","155400",0,0,"1995",1
"7435","155400",0,0,"1996",1
"7436","155400",100,0,"1997",1
"7437","155400",100,0,"1998",1
"7438","155400",0,0,"1999",1
"7439","155400",100,0,"2000",1
"7440","155400",100,0,"2001",1
"7441","155400",100,0,"2002",1
"7442","155400",100,0,"2003",1
"7443","155400",100,0,"2004",1
"7444","155400",100,0,"2005",1
"7445","155400",100,0,"2006",1
"7446","155400",100,0,"2007",1
"7447","155400",100,0,"2008",1
"7448","155400",100,0,"2009",1
"7449","155400",100,0,"2010",1
"7450","155400",100,0,"2011",1
"7476","162200",0,0,"1987",14
"7477","162200",0,0,"1988",14
"7478","162200",0,0,"1989",14
"7479","162200",0,0,"1990",14
"7480","162200",0,0,"1991",14
"7481","162200",0,0,"1992",14
"7482","162200",0,0,"1993",14
"7483","162200",0,0,"1994",14
"7484","162200",0,0,"1995",14
"7485","162200",100,0,"1996",14
"7486","162200",0,0,"1997",14
"7487","162200",0,0,"1998",14
"7488","162200",100,1,"1999",14
"7489","162200",0,1,"2000",14
"7490","162200",0,1,"2001",14
"7491","162200",100,1,"2002",14
"7492","162200",0,1,"2003",14
"7493","162200",0,1,"2004",14
"7494","162200",0,1,"2005",14
"7495","162200",100,1,"2006",14
"7496","162200",0,1,"2007",14
"7497","162200",0,1,"2008",14
"7498","162200",0,1,"2009",14
"7499","162200",0,1,"2010",14
"7500","162200",100,1,"2011",14
"7501","162400",0,0,"1987",14
"7502","162400",0,0,"1988",14
"7503","162400",0,0,"1989",14
"7504","162400",0,0,"1990",14
"7505","162400",100,0,"1991",14
"7506","162400",0,0,"1992",14
"7507","162400",0,0,"1993",14
"7508","162400",0,0,"1994",14
"7509","162400",0,0,"1995",14
"7510","162400",0,0,"1996",14
"7511","162400",0,0,"1997",14
"7512","162400",0,0,"1998",14
"7513","162400",100,1,"1999",14
"7514","162400",0,1,"2000",14
"7515","162400",0,1,"2001",14
"7516","162400",100,1,"2002",14
"7517","162400",0,1,"2003",14
"7518","162400",0,1,"2004",14
"7519","162400",100,1,"2005",14
"7520","162400",0,1,"2006",14
"7521","162400",0,1,"2007",14
"7522","162400",0,1,"2008",14
"7523","162400",100,1,"2009",14
"7524","162400",0,1,"2010",14
"7525","162400",0,1,"2011",14
"7551","162800",0,0,"1987",23
"7552","162800",0,0,"1988",23
"7553","162800",0,0,"1989",23
"7554","162800",0,1,"1990",23
"7555","162800",100,1,"1991",23
"7556","162800",0,1,"1992",23
"7557","162800",0,1,"1993",23
"7558","162800",0,1,"1994",23
"7559","162800",0,1,"1995",23
"7560","162800",0,1,"1996",23
"7561","162800",0,1,"1997",23
"7562","162800",0,1,"1998",23
"7563","162800",0,1,"1999",23
"7564","162800",0,1,"2000",23
"7565","162800",0,1,"2001",23
"7566","162800",100,1,"2002",23
"7567","162800",0,1,"2003",23
"7568","162800",0,1,"2004",23
"7569","162800",0,1,"2005",23
"7570","162800",0,1,"2006",23
"7571","162800",100,1,"2007",23
"7572","162800",0,1,"2008",23
"7573","162800",0,1,"2009",23
"7574","162800",0,1,"2010",23
"7575","162800",0,1,"2011",23
"7601","163200",0,0,"1987",1
"7602","163200",0,0,"1988",1
"7603","163200",0,0,"1989",1
"7604","163200",0,0,"1990",1
"7605","163200",0,0,"1991",1
"7606","163200",0,0,"1992",1
"7607","163200",0,0,"1993",1
"7608","163200",0,0,"1994",1
"7609","163200",0,0,"1995",1
"7610","163200",0,0,"1996",1
"7611","163200",0,0,"1997",1
"7612","163200",0,0,"1998",1
"7613","163200",0,0,"1999",1
"7614","163200",0,0,"2000",1
"7615","163200",0,0,"2001",1
"7616","163200",0,0,"2002",1
"7617","163200",0,0,"2003",1
"7618","163200",100,0,"2004",1
"7619","163200",0,0,"2005",1
"7620","163200",0,0,"2006",1
"7621","163200",0,0,"2007",1
"7622","163200",0,0,"2008",1
"7623","163200",0,0,"2009",1
"7624","163200",0,0,"2010",1
"7625","163200",0,0,"2011",1
"7626","163400",0,0,"1987",14
"7627","163400",0,0,"1988",14
"7628","163400",0,0,"1989",14
"7629","163400",0,0,"1990",14
"7630","163400",0,0,"1991",14
"7631","163400",0,0,"1992",14
"7632","163400",0,0,"1993",14
"7633","163400",0,0,"1994",14
"7634","163400",0,0,"1995",14
"7635","163400",0,0,"1996",14
"7636","163400",0,0,"1997",14
"7637","163400",0,0,"1998",14
"7638","163400",0,1,"1999",14
"7639","163400",100,1,"2000",14
"7640","163400",0,1,"2001",14
"7641","163400",0,1,"2002",14
"7642","163400",100,1,"2003",14
"7643","163400",0,1,"2004",14
"7644","163400",0,1,"2005",14
"7645","163400",100,1,"2006",14
"7646","163400",0,1,"2007",14
"7647","163400",0,1,"2008",14
"7648","163400",0,1,"2009",14
"7649","163400",100,1,"2010",14
"7650","163400",0,1,"2011",14
"7651","163600",0,0,"1987",1
"7652","163600",0,0,"1988",1
"7653","163600",0,0,"1989",1
"7654","163600",0,0,"1990",1
"7655","163600",0,0,"1991",1
"7656","163600",0,0,"1992",1
"7657","163600",0,0,"1993",1
"7658","163600",0,0,"1994",1
"7659","163600",0,0,"1995",1
"7660","163600",0,0,"1996",1
"7661","163600",0,0,"1997",1
"7662","163600",0,0,"1998",1
"7663","163600",0,0,"1999",1
"7664","163600",0,0,"2000",1
"7665","163600",0,0,"2001",1
"7666","163600",0,0,"2002",1
"7667","163600",0,0,"2003",1
"7668","163600",0,0,"2004",1
"7669","163600",0,0,"2005",1
"7670","163600",0,0,"2006",1
"7671","163600",0,0,"2007",1
"7672","163600",0,0,"2008",1
"7673","163600",0,0,"2009",1
"7674","163600",0,0,"2010",1
"7675","163600",0,0,"2011",1
"7676","163800",0,0,"1987",23
"7677","163800",0,0,"1988",23
"7678","163800",0,0,"1989",23
"7679","163800",0,1,"1990",23
"7680","163800",0,1,"1991",23
"7681","163800",0,1,"1992",23
"7682","163800",0,1,"1993",23
"7683","163800",0,1,"1994",23
"7684","163800",0,1,"1995",23
"7685","163800",100,1,"1996",23
"7686","163800",0,1,"1997",23
"7687","163800",0,1,"1998",23
"7688","163800",100,1,"1999",23
"7689","163800",0,1,"2000",23
"7690","163800",0,1,"2001",23
"7691","163800",0,1,"2002",23
"7692","163800",0,1,"2003",23
"7693","163800",100,1,"2004",23
"7694","163800",0,1,"2005",23
"7695","163800",0,1,"2006",23
"7696","163800",0,1,"2007",23
"7697","163800",0,1,"2008",23
"7698","163800",0,1,"2009",23
"7699","163800",100,1,"2010",23
"7700","163800",0,1,"2011",23
"7701","164000",0,0,"1987",23
"7702","164000",0,0,"1988",23
"7703","164000",0,0,"1989",23
"7704","164000",0,1,"1990",23
"7705","164000",100,1,"1991",23
"7706","164000",0,1,"1992",23
"7707","164000",0,1,"1993",23
"7708","164000",0,1,"1994",23
"7709","164000",0,1,"1995",23
"7710","164000",0,1,"1996",23
"7711","164000",0,1,"1997",23
"7712","164000",100,1,"1998",23
"7713","164000",0,1,"1999",23
"7714","164000",0,1,"2000",23
"7715","164000",100,1,"2001",23
"7716","164000",0,1,"2002",23
"7717","164000",0,1,"2003",23
"7718","164000",0,1,"2004",23
"7719","164000",0,1,"2005",23
"7720","164000",100,1,"2006",23
"7721","164000",0,1,"2007",23
"7722","164000",0,1,"2008",23
"7723","164000",0,1,"2009",23
"7724","164000",0,1,"2010",23
"7725","164000",0,1,"2011",23
"7726","164200",0,0,"1987",14
"7727","164200",0,0,"1988",14
"7728","164200",0,0,"1989",14
"7729","164200",0,0,"1990",14
"7730","164200",0,0,"1991",14
"7731","164200",0,0,"1992",14
"7732","164200",0,0,"1993",14
"7733","164200",0,0,"1994",14
"7734","164200",0,0,"1995",14
"7735","164200",0,0,"1996",14
"7736","164200",0,0,"1997",14
"7737","164200",0,0,"1998",14
"7738","164200",0,1,"1999",14
"7739","164200",0,1,"2000",14
"7740","164200",0,1,"2001",14
"7741","164200",0,1,"2002",14
"7742","164200",0,1,"2003",14
"7743","164200",0,1,"2004",14
"7744","164200",100,1,"2005",14
"7745","164200",0,1,"2006",14
"7746","164200",0,1,"2007",14
"7747","164200",0,1,"2008",14
"7748","164200",0,1,"2009",14
"7749","164200",100,1,"2010",14
"7750","164200",0,1,"2011",14
"7751","164400",0,0,"1987",14
"7752","164400",0,0,"1988",14
"7753","164400",0,0,"1989",14
"7754","164400",100,0,"1990",14
"7755","164400",0,0,"1991",14
"7756","164400",0,0,"1992",14
"7757","164400",0,0,"1993",14
"7758","164400",0,0,"1994",14
"7759","164400",0,0,"1995",14
"7760","164400",0,0,"1996",14
"7761","164400",0,0,"1997",14
"7762","164400",100,0,"1998",14
"7763","164400",0,1,"1999",14
"7764","164400",0,1,"2000",14
"7765","164400",0,1,"2001",14
"7766","164400",0,1,"2002",14
"7767","164400",100,1,"2003",14
"7768","164400",0,1,"2004",14
"7769","164400",0,1,"2005",14
"7770","164400",0,1,"2006",14
"7771","164400",0,1,"2007",14
"7772","164400",0,1,"2008",14
"7773","164400",0,1,"2009",14
"7774","164400",0,1,"2010",14
"7775","164400",100,1,"2011",14
"7876","165400",0,0,"1987",14
"7877","165400",0,0,"1988",14
"7878","165400",0,0,"1989",14
"7879","165400",0,0,"1990",14
"7880","165400",0,0,"1991",14
"7881","165400",0,0,"1992",14
"7882","165400",0,0,"1993",14
"7883","165400",0,0,"1994",14
"7884","165400",0,0,"1995",14
"7885","165400",0,0,"1996",14
"7886","165400",0,0,"1997",14
"7887","165400",0,0,"1998",14
"7888","165400",100,1,"1999",14
"7889","165400",0,1,"2000",14
"7890","165400",0,1,"2001",14
"7891","165400",0,1,"2002",14
"7892","165400",0,1,"2003",14
"7893","165400",0,1,"2004",14
"7894","165400",0,1,"2005",14
"7895","165400",0,1,"2006",14
"7896","165400",0,1,"2007",14
"7897","165400",0,1,"2008",14
"7898","165400",100,1,"2009",14
"7899","165400",0,1,"2010",14
"7900","165400",0,1,"2011",14
"7951","172200",0,0,"1987",1
"7952","172200",0,0,"1988",1
"7953","172200",0,0,"1989",1
"7954","172200",100,0,"1990",1
"7955","172200",0,0,"1991",1
"7956","172200",0,0,"1992",1
"7957","172200",0,0,"1993",1
"7958","172200",0,0,"1994",1
"7959","172200",0,0,"1995",1
"7960","172200",0,0,"1996",1
"7961","172200",0,0,"1997",1
"7962","172200",0,0,"1998",1
"7963","172200",0,0,"1999",1
"7964","172200",0,0,"2000",1
"7965","172200",0,0,"2001",1
"7966","172200",0,0,"2002",1
"7967","172200",0,0,"2003",1
"7968","172200",0,0,"2004",1
"7969","172200",100,0,"2005",1
"7970","172200",0,0,"2006",1
"7971","172200",0,0,"2007",1
"7972","172200",0,0,"2008",1
"7973","172200",0,0,"2009",1
"7974","172200",0,0,"2010",1
"7975","172200",0,0,"2011",1
"7976","172400",0,0,"1987",25
"7977","172400",0,1,"1988",25
"7978","172400",0,1,"1989",25
"7979","172400",100,1,"1990",25
"7980","172400",0,1,"1991",25
"7981","172400",0,1,"1992",25
"7982","172400",0,1,"1993",25
"7983","172400",0,1,"1994",25
"7984","172400",0,1,"1995",25
"7985","172400",0,1,"1996",25
"7986","172400",0,1,"1997",25
"7987","172400",0,1,"1998",25
"7988","172400",0,1,"1999",25
"7989","172400",0,1,"2000",25
"7990","172400",0,1,"2001",25
"7991","172400",0,1,"2002",25
"7992","172400",0,1,"2003",25
"7993","172400",0,1,"2004",25
"7994","172400",0,1,"2005",25
"7995","172400",0,1,"2006",25
"7996","172400",0,1,"2007",25
"7997","172400",0,1,"2008",25
"7998","172400",0,1,"2009",25
"7999","172400",0,1,"2010",25
"8000","172400",0,1,"2011",25
"8001","172600",0,0,"1987",1
"8002","172600",0,0,"1988",1
"8003","172600",0,0,"1989",1
"8004","172600",100,0,"1990",1
"8005","172600",0,0,"1991",1
"8006","172600",0,0,"1992",1
"8007","172600",0,0,"1993",1
"8008","172600",0,0,"1994",1
"8009","172600",0,0,"1995",1
"8010","172600",0,0,"1996",1
"8011","172600",0,0,"1997",1
"8012","172600",0,0,"1998",1
"8013","172600",0,0,"1999",1
"8014","172600",0,0,"2000",1
"8015","172600",0,0,"2001",1
"8016","172600",0,0,"2002",1
"8017","172600",0,0,"2003",1
"8018","172600",0,0,"2004",1
"8019","172600",0,0,"2005",1
"8020","172600",0,0,"2006",1
"8021","172600",0,0,"2007",1
"8022","172600",0,0,"2008",1
"8023","172600",0,0,"2009",1
"8024","172600",0,0,"2010",1
"8025","172600",0,0,"2011",1
"8051","173000",0,0,"1987",11
"8052","173000",0,0,"1988",11
"8053","173000",0,0,"1989",11
"8054","173000",100,0,"1990",11
"8055","173000",0,0,"1991",11
"8056","173000",0,0,"1992",11
"8057","173000",0,0,"1993",11
"8058","173000",0,0,"1994",11
"8059","173000",0,0,"1995",11
"8060","173000",0,0,"1996",11
"8061","173000",0,0,"1997",11
"8062","173000",0,0,"1998",11
"8063","173000",0,0,"1999",11
"8064","173000",0,0,"2000",11
"8065","173000",0,0,"2001",11
"8066","173000",0,1,"2002",11
"8067","173000",0,1,"2003",11
"8068","173000",100,1,"2004",11
"8069","173000",0,1,"2005",11
"8070","173000",0,1,"2006",11
"8071","173000",0,1,"2007",11
"8072","173000",0,1,"2008",11
"8073","173000",0,1,"2009",11
"8074","173000",0,1,"2010",11
"8075","173000",0,1,"2011",11
"8076","173200",0,0,"1987",11
"8077","173200",0,0,"1988",11
"8078","173200",0,0,"1989",11
"8079","173200",100,0,"1990",11
"8080","173200",0,0,"1991",11
"8081","173200",0,0,"1992",11
"8082","173200",0,0,"1993",11
"8083","173200",0,0,"1994",11
"8084","173200",0,0,"1995",11
"8085","173200",0,0,"1996",11
"8086","173200",0,0,"1997",11
"8087","173200",0,0,"1998",11
"8088","173200",0,0,"1999",11
"8089","173200",0,0,"2000",11
"8090","173200",0,0,"2001",11
"8091","173200",0,1,"2002",11
"8092","173200",0,1,"2003",11
"8093","173200",100,1,"2004",11
"8094","173200",0,1,"2005",11
"8095","173200",0,1,"2006",11
"8096","173200",0,1,"2007",11
"8097","173200",0,1,"2008",11
"8098","173200",0,1,"2009",11
"8099","173200",0,1,"2010",11
"8100","173200",0,1,"2011",11
"8101","173400",0,0,"1987",1
"8102","173400",0,0,"1988",1
"8103","173400",0,0,"1989",1
"8104","173400",100,0,"1990",1
"8105","173400",0,0,"1991",1
"8106","173400",0,0,"1992",1
"8107","173400",0,0,"1993",1
"8108","173400",0,0,"1994",1
"8109","173400",0,0,"1995",1
"8110","173400",0,0,"1996",1
"8111","173400",0,0,"1997",1
"8112","173400",0,0,"1998",1
"8113","173400",0,0,"1999",1
"8114","173400",0,0,"2000",1
"8115","173400",0,0,"2001",1
"8116","173400",0,0,"2002",1
"8117","173400",0,0,"2003",1
"8118","173400",0,0,"2004",1
"8119","173400",0,0,"2005",1
"8120","173400",0,0,"2006",1
"8121","173400",0,0,"2007",1
"8122","173400",0,0,"2008",1
"8123","173400",0,0,"2009",1
"8124","173400",0,0,"2010",1
"8125","173400",0,0,"2011",1
"8126","173600",0,0,"1987",12
"8127","173600",0,0,"1988",12
"8128","173600",0,0,"1989",12
"8129","173600",100,0,"1990",12
"8130","173600",0,0,"1991",12
"8131","173600",0,0,"1992",12
"8132","173600",0,0,"1993",12
"8133","173600",0,0,"1994",12
"8134","173600",0,0,"1995",12
"8135","173600",0,0,"1996",12
"8136","173600",0,0,"1997",12
"8137","173600",0,0,"1998",12
"8138","173600",0,0,"1999",12
"8139","173600",0,0,"2000",12
"8140","173600",0,1,"2001",12
"8141","173600",0,1,"2002",12
"8142","173600",0,1,"2003",12
"8143","173600",0,1,"2004",12
"8144","173600",0,1,"2005",12
"8145","173600",0,1,"2006",12
"8146","173600",0,1,"2007",12
"8147","173600",0,1,"2008",12
"8148","173600",0,1,"2009",12
"8149","173600",0,1,"2010",12
"8150","173600",0,1,"2011",12
"8151","173800",0,0,"1987",14
"8152","173800",0,0,"1988",14
"8153","173800",0,0,"1989",14
"8154","173800",100,0,"1990",14
"8155","173800",0,0,"1991",14
"8156","173800",0,0,"1992",14
"8157","173800",0,0,"1993",14
"8158","173800",0,0,"1994",14
"8159","173800",0,0,"1995",14
"8160","173800",0,0,"1996",14
"8161","173800",0,0,"1997",14
"8162","173800",0,0,"1998",14
"8163","173800",0,1,"1999",14
"8164","173800",0,1,"2000",14
"8165","173800",0,1,"2001",14
"8166","173800",100,1,"2002",14
"8167","173800",100,1,"2003",14
"8168","173800",100,1,"2004",14
"8169","173800",100,1,"2005",14
"8170","173800",0,1,"2006",14
"8171","173800",0,1,"2007",14
"8172","173800",0,1,"2008",14
"8173","173800",0,1,"2009",14
"8174","173800",0,1,"2010",14
"8175","173800",0,1,"2011",14
"8201","182200",0,0,"1987",23
"8202","182200",0,0,"1988",23
"8203","182200",100,0,"1989",23
"8204","182200",0,1,"1990",23
"8205","182200",100,1,"1991",23
"8206","182200",0,1,"1992",23
"8207","182200",100,1,"1993",23
"8208","182200",0,1,"1994",23
"8209","182200",0,1,"1995",23
"8210","182200",0,1,"1996",23
"8211","182200",100,1,"1997",23
"8212","182200",0,1,"1998",23
"8213","182200",0,1,"1999",23
"8214","182200",0,1,"2000",23
"8215","182200",0,1,"2001",23
"8216","182200",100,1,"2002",23
"8217","182200",0,1,"2003",23
"8218","182200",0,1,"2004",23
"8219","182200",0,1,"2005",23
"8220","182200",100,1,"2006",23
"8221","182200",0,1,"2007",23
"8222","182200",0,1,"2008",23
"8223","182200",100,1,"2009",23
"8224","182200",0,1,"2010",23
"8225","182200",0,1,"2011",23
"8301","183000",0,0,"1987",23
"8302","183000",0,0,"1988",23
"8303","183000",100,0,"1989",23
"8304","183000",0,1,"1990",23
"8305","183000",100,1,"1991",23
"8306","183000",0,1,"1992",23
"8307","183000",100,1,"1993",23
"8308","183000",0,1,"1994",23
"8309","183000",0,1,"1995",23
"8310","183000",100,1,"1996",23
"8311","183000",0,1,"1997",23
"8312","183000",100,1,"1998",23
"8313","183000",100,1,"1999",23
"8314","183000",100,1,"2000",23
"8315","183000",100,1,"2001",23
"8316","183000",100,1,"2002",23
"8317","183000",100,1,"2003",23
"8318","183000",100,1,"2004",23
"8319","183000",100,1,"2005",23
"8320","183000",100,1,"2006",23
"8321","183000",100,1,"2007",23
"8322","183000",100,1,"2008",23
"8323","183000",100,1,"2009",23
"8324","183000",100,1,"2010",23
"8325","183000",100,1,"2011",23
"8501","192000",0,0,"1987",25
"8502","192000",0,1,"1988",25
"8503","192000",0,1,"1989",25
"8504","192000",0,1,"1990",25
"8505","192000",0,1,"1991",25
"8506","192000",0,1,"1992",25
"8507","192000",0,1,"1993",25
"8508","192000",0,1,"1994",25
"8509","192000",0,1,"1995",25
"8510","192000",0,1,"1996",25
"8511","192000",0,1,"1997",25
"8512","192000",0,1,"1998",25
"8513","192000",0,1,"1999",25
"8514","192000",0,1,"2000",25
"8515","192000",0,1,"2001",25
"8516","192000",0,1,"2002",25
"8517","192000",100,1,"2003",25
"8518","192000",0,1,"2004",25
"8519","192000",0,1,"2005",25
"8520","192000",0,1,"2006",25
"8521","192000",0,1,"2007",25
"8522","192000",0,1,"2008",25
"8523","192000",0,1,"2009",25
"8524","192000",0,1,"2010",25
"8525","192000",0,1,"2011",25
"8551","192400",0,0,"1987",20
"8552","192400",0,0,"1988",20
"8553","192400",0,0,"1989",20
"8554","192400",0,0,"1990",20
"8555","192400",0,0,"1991",20
"8556","192400",100,0,"1992",20
"8557","192400",0,1,"1993",20
"8558","192400",0,1,"1994",20
"8559","192400",0,1,"1995",20
"8560","192400",0,1,"1996",20
"8561","192400",0,1,"1997",20
"8562","192400",100,1,"1998",20
"8563","192400",0,1,"1999",20
"8564","192400",0,1,"2000",20
"8565","192400",100,1,"2001",20
"8566","192400",100,1,"2002",20
"8567","192400",100,1,"2003",20
"8568","192400",0,1,"2004",20
"8569","192400",0,1,"2005",20
"8570","192400",0,1,"2006",20
"8571","192400",0,1,"2007",20
"8572","192400",0,1,"2008",20
"8573","192400",0,1,"2009",20
"8574","192400",0,1,"2010",20
"8575","192400",0,1,"2011",20
"8601","192800",0,0,"1987",22
"8602","192800",0,0,"1988",22
"8603","192800",0,0,"1989",22
"8604","192800",0,0,"1990",22
"8605","192800",0,1,"1991",22
"8606","192800",0,1,"1992",22
"8607","192800",0,1,"1993",22
"8608","192800",0,1,"1994",22
"8609","192800",0,1,"1995",22
"8610","192800",0,1,"1996",22
"8611","192800",0,1,"1997",22
"8612","192800",0,1,"1998",22
"8613","192800",0,1,"1999",22
"8614","192800",0,1,"2000",22
"8615","192800",100,1,"2001",22
"8616","192800",100,1,"2002",22
"8617","192800",100,1,"2003",22
"8618","192800",0,1,"2004",22
"8619","192800",0,1,"2005",22
"8620","192800",0,1,"2006",22
"8621","192800",0,1,"2007",22
"8622","192800",0,1,"2008",22
"8623","192800",0,1,"2009",22
"8624","192800",0,1,"2010",22
"8625","192800",0,1,"2011",22
"8626","193000",0,0,"1987",13
"8627","193000",0,0,"1988",13
"8628","193000",0,0,"1989",13
"8629","193000",0,0,"1990",13
"8630","193000",0,0,"1991",13
"8631","193000",0,0,"1992",13
"8632","193000",0,0,"1993",13
"8633","193000",0,0,"1994",13
"8634","193000",0,0,"1995",13
"8635","193000",100,0,"1996",13
"8636","193000",0,0,"1997",13
"8637","193000",0,0,"1998",13
"8638","193000",0,0,"1999",13
"8639","193000",0,1,"2000",13
"8640","193000",0,1,"2001",13
"8641","193000",100,1,"2002",13
"8642","193000",100,1,"2003",13
"8643","193000",0,1,"2004",13
"8644","193000",0,1,"2005",13
"8645","193000",0,1,"2006",13
"8646","193000",0,1,"2007",13
"8647","193000",0,1,"2008",13
"8648","193000",0,1,"2009",13
"8649","193000",0,1,"2010",13
"8650","193000",0,1,"2011",13
"8651","193200",0,0,"1987",12
"8652","193200",0,0,"1988",12
"8653","193200",0,0,"1989",12
"8654","193200",0,0,"1990",12
"8655","193200",0,0,"1991",12
"8656","193200",0,0,"1992",12
"8657","193200",0,0,"1993",12
"8658","193200",0,0,"1994",12
"8659","193200",0,0,"1995",12
"8660","193200",0,0,"1996",12
"8661","193200",0,0,"1997",12
"8662","193200",0,0,"1998",12
"8663","193200",0,0,"1999",12
"8664","193200",0,0,"2000",12
"8665","193200",0,1,"2001",12
"8666","193200",0,1,"2002",12
"8667","193200",100,1,"2003",12
"8668","193200",100,1,"2004",12
"8669","193200",0,1,"2005",12
"8670","193200",0,1,"2006",12
"8671","193200",0,1,"2007",12
"8672","193200",0,1,"2008",12
"8673","193200",0,1,"2009",12
"8674","193200",0,1,"2010",12
"8675","193200",0,1,"2011",12
"8726","193800",0,0,"1987",24
"8727","193800",0,0,"1988",24
"8728","193800",0,1,"1989",24
"8729","193800",0,1,"1990",24
"8730","193800",0,1,"1991",24
"8731","193800",100,1,"1992",24
"8732","193800",0,1,"1993",24
"8733","193800",100,1,"1994",24
"8734","193800",0,1,"1995",24
"8735","193800",0,1,"1996",24
"8736","193800",0,1,"1997",24
"8737","193800",0,1,"1998",24
"8738","193800",0,1,"1999",24
"8739","193800",0,1,"2000",24
"8740","193800",100,1,"2001",24
"8741","193800",100,1,"2002",24
"8742","193800",100,1,"2003",24
"8743","193800",100,1,"2004",24
"8744","193800",100,1,"2005",24
"8745","193800",100,1,"2006",24
"8746","193800",0,1,"2007",24
"8747","193800",0,1,"2008",24
"8748","193800",0,1,"2009",24
"8749","193800",0,1,"2010",24
"8750","193800",0,1,"2011",24
"8751","194000",0,0,"1987",16
"8752","194000",0,0,"1988",16
"8753","194000",0,0,"1989",16
"8754","194000",0,0,"1990",16
"8755","194000",0,0,"1991",16
"8756","194000",100,0,"1992",16
"8757","194000",0,0,"1993",16
"8758","194000",0,0,"1994",16
"8759","194000",0,0,"1995",16
"8760","194000",0,0,"1996",16
"8761","194000",0,1,"1997",16
"8762","194000",0,1,"1998",16
"8763","194000",0,1,"1999",16
"8764","194000",100,1,"2000",16
"8765","194000",0,1,"2001",16
"8766","194000",100,1,"2002",16
"8767","194000",100,1,"2003",16
"8768","194000",100,1,"2004",16
"8769","194000",0,1,"2005",16
"8770","194000",0,1,"2006",16
"8771","194000",0,1,"2007",16
"8772","194000",0,1,"2008",16
"8773","194000",0,1,"2009",16
"8774","194000",0,1,"2010",16
"8775","194000",0,1,"2011",16
"8776","194200",0,0,"1987",17
"8777","194200",0,0,"1988",17
"8778","194200",0,0,"1989",17
"8779","194200",0,0,"1990",17
"8780","194200",0,0,"1991",17
"8781","194200",0,0,"1992",17
"8782","194200",0,0,"1993",17
"8783","194200",0,0,"1994",17
"8784","194200",0,0,"1995",17
"8785","194200",0,1,"1996",17
"8786","194200",0,1,"1997",17
"8787","194200",0,1,"1998",17
"8788","194200",0,1,"1999",17
"8789","194200",100,1,"2000",17
"8790","194200",100,1,"2001",17
"8791","194200",100,1,"2002",17
"8792","194200",100,1,"2003",17
"8793","194200",0,1,"2004",17
"8794","194200",0,1,"2005",17
"8795","194200",0,1,"2006",17
"8796","194200",0,1,"2007",17
"8797","194200",0,1,"2008",17
"8798","194200",0,1,"2009",17
"8799","194200",0,1,"2010",17
"8800","194200",0,1,"2011",17
"8801","194400",0,0,"1987",17
"8802","194400",0,0,"1988",17
"8803","194400",0,0,"1989",17
"8804","194400",0,0,"1990",17
"8805","194400",0,0,"1991",17
"8806","194400",100,0,"1992",17
"8807","194400",0,0,"1993",17
"8808","194400",0,0,"1994",17
"8809","194400",0,0,"1995",17
"8810","194400",0,1,"1996",17
"8811","194400",100,1,"1997",17
"8812","194400",0,1,"1998",17
"8813","194400",0,1,"1999",17
"8814","194400",0,1,"2000",17
"8815","194400",0,1,"2001",17
"8816","194400",0,1,"2002",17
"8817","194400",0,1,"2003",17
"8818","194400",0,1,"2004",17
"8819","194400",0,1,"2005",17
"8820","194400",0,1,"2006",17
"8821","194400",0,1,"2007",17
"8822","194400",0,1,"2008",17
"8823","194400",0,1,"2009",17
"8824","194400",0,1,"2010",17
"8825","194400",0,1,"2011",17
"8826","194600",0,0,"1987",13
"8827","194600",0,0,"1988",13
"8828","194600",0,0,"1989",13
"8829","194600",0,0,"1990",13
"8830","194600",0,0,"1991",13
"8831","194600",100,0,"1992",13
"8832","194600",0,0,"1993",13
"8833","194600",0,0,"1994",13
"8834","194600",0,0,"1995",13
"8835","194600",100,0,"1996",13
"8836","194600",0,0,"1997",13
"8837","194600",0,0,"1998",13
"8838","194600",0,0,"1999",13
"8839","194600",0,1,"2000",13
"8840","194600",0,1,"2001",13
"8841","194600",0,1,"2002",13
"8842","194600",100,1,"2003",13
"8843","194600",0,1,"2004",13
"8844","194600",0,1,"2005",13
"8845","194600",0,1,"2006",13
"8846","194600",0,1,"2007",13
"8847","194600",0,1,"2008",13
"8848","194600",0,1,"2009",13
"8849","194600",0,1,"2010",13
"8850","194600",0,1,"2011",13
"8851","202000",100,0,"1987",14
"8852","202000",0,0,"1988",14
"8853","202000",0,0,"1989",14
"8854","202000",100,0,"1990",14
"8855","202000",0,0,"1991",14
"8856","202000",0,0,"1992",14
"8857","202000",0,0,"1993",14
"8858","202000",0,0,"1994",14
"8859","202000",0,0,"1995",14
"8860","202000",0,0,"1996",14
"8861","202000",0,0,"1997",14
"8862","202000",0,0,"1998",14
"8863","202000",0,1,"1999",14
"8864","202000",0,1,"2000",14
"8865","202000",0,1,"2001",14
"8866","202000",100,1,"2002",14
"8867","202000",100,1,"2003",14
"8868","202000",100,1,"2004",14
"8869","202000",100,1,"2005",14
"8870","202000",100,1,"2006",14
"8871","202000",0,1,"2007",14
"8872","202000",0,1,"2008",14
"8873","202000",100,1,"2009",14
"8874","202000",100,1,"2010",14
"8875","202000",100,1,"2011",14
"8901","202400",0,0,"1987",14
"8902","202400",0,0,"1988",14
"8903","202400",0,0,"1989",14
"8904","202400",100,0,"1990",14
"8905","202400",0,0,"1991",14
"8906","202400",0,0,"1992",14
"8907","202400",0,0,"1993",14
"8908","202400",0,0,"1994",14
"8909","202400",0,0,"1995",14
"8910","202400",0,0,"1996",14
"8911","202400",0,0,"1997",14
"8912","202400",0,0,"1998",14
"8913","202400",0,1,"1999",14
"8914","202400",0,1,"2000",14
"8915","202400",0,1,"2001",14
"8916","202400",0,1,"2002",14
"8917","202400",0,1,"2003",14
"8918","202400",100,1,"2004",14
"8919","202400",100,1,"2005",14
"8920","202400",100,1,"2006",14
"8921","202400",100,1,"2007",14
"8922","202400",0,1,"2008",14
"8923","202400",0,1,"2009",14
"8924","202400",0,1,"2010",14
"8925","202400",0,1,"2011",14
"8951","202800",0,0,"1987",13
"8952","202800",0,0,"1988",13
"8953","202800",0,0,"1989",13
"8954","202800",100,0,"1990",13
"8955","202800",0,0,"1991",13
"8956","202800",0,0,"1992",13
"8957","202800",0,0,"1993",13
"8958","202800",0,0,"1994",13
"8959","202800",0,0,"1995",13
"8960","202800",0,0,"1996",13
"8961","202800",0,0,"1997",13
"8962","202800",0,0,"1998",13
"8963","202800",0,0,"1999",13
"8964","202800",0,1,"2000",13
"8965","202800",100,1,"2001",13
"8966","202800",100,1,"2002",13
"8967","202800",100,1,"2003",13
"8968","202800",100,1,"2004",13
"8969","202800",100,1,"2005",13
"8970","202800",100,1,"2006",13
"8971","202800",100,1,"2007",13
"8972","202800",100,1,"2008",13
"8973","202800",0,1,"2009",13
"8974","202800",0,1,"2010",13
"8975","202800",0,1,"2011",13
"8976","203000",0,0,"1987",14
"8977","203000",0,0,"1988",14
"8978","203000",0,0,"1989",14
"8979","203000",100,0,"1990",14
"8980","203000",0,0,"1991",14
"8981","203000",0,0,"1992",14
"8982","203000",0,0,"1993",14
"8983","203000",0,0,"1994",14
"8984","203000",0,0,"1995",14
"8985","203000",0,0,"1996",14
"8986","203000",100,0,"1997",14
"8987","203000",0,0,"1998",14
"8988","203000",0,1,"1999",14
"8989","203000",100,1,"2000",14
"8990","203000",0,1,"2001",14
"8991","203000",0,1,"2002",14
"8992","203000",100,1,"2003",14
"8993","203000",0,1,"2004",14
"8994","203000",0,1,"2005",14
"8995","203000",100,1,"2006",14
"8996","203000",0,1,"2007",14
"8997","203000",0,1,"2008",14
"8998","203000",100,1,"2009",14
"8999","203000",0,1,"2010",14
"9000","203000",0,1,"2011",14
"9001","203200",0,0,"1987",1
"9002","203200",0,0,"1988",1
"9003","203200",0,0,"1989",1
"9004","203200",100,0,"1990",1
"9005","203200",0,0,"1991",1
"9006","203200",0,0,"1992",1
"9007","203200",0,0,"1993",1
"9008","203200",0,0,"1994",1
"9009","203200",0,0,"1995",1
"9010","203200",0,0,"1996",1
"9011","203200",0,0,"1997",1
"9012","203200",100,0,"1998",1
"9013","203200",0,0,"1999",1
"9014","203200",0,0,"2000",1
"9015","203200",100,0,"2001",1
"9016","203200",100,0,"2002",1
"9017","203200",100,0,"2003",1
"9018","203200",100,0,"2004",1
"9019","203200",100,0,"2005",1
"9020","203200",0,0,"2006",1
"9021","203200",0,0,"2007",1
"9022","203200",0,0,"2008",1
"9023","203200",100,0,"2009",1
"9024","203200",0,0,"2010",1
"9025","203200",0,0,"2011",1
"9026","203400",0,0,"1987",1
"9027","203400",0,0,"1988",1
"9028","203400",0,0,"1989",1
"9029","203400",100,0,"1990",1
"9030","203400",0,0,"1991",1
"9031","203400",0,0,"1992",1
"9032","203400",0,0,"1993",1
"9033","203400",0,0,"1994",1
"9034","203400",0,0,"1995",1
"9035","203400",0,0,"1996",1
"9036","203400",0,0,"1997",1
"9037","203400",0,0,"1998",1
"9038","203400",0,0,"1999",1
"9039","203400",0,0,"2000",1
"9040","203400",0,0,"2001",1
"9041","203400",100,0,"2002",1
"9042","203400",100,0,"2003",1
"9043","203400",100,0,"2004",1
"9044","203400",100,0,"2005",1
"9045","203400",100,0,"2006",1
"9046","203400",100,0,"2007",1
"9047","203400",100,0,"2008",1
"9048","203400",100,0,"2009",1
"9049","203400",100,0,"2010",1
"9050","203400",100,0,"2011",1
"9076","212000",0,0,"1987",14
"9077","212000",0,0,"1988",14
"9078","212000",0,0,"1989",14
"9079","212000",0,0,"1990",14
"9080","212000",0,0,"1991",14
"9081","212000",0,0,"1992",14
"9082","212000",0,0,"1993",14
"9083","212000",0,0,"1994",14
"9084","212000",0,0,"1995",14
"9085","212000",0,0,"1996",14
"9086","212000",100,0,"1997",14
"9087","212000",0,0,"1998",14
"9088","212000",0,1,"1999",14
"9089","212000",0,1,"2000",14
"9090","212000",0,1,"2001",14
"9091","212000",0,1,"2002",14
"9092","212000",100,1,"2003",14
"9093","212000",100,1,"2004",14
"9094","212000",100,1,"2005",14
"9095","212000",100,1,"2006",14
"9096","212000",100,1,"2007",14
"9097","212000",0,1,"2008",14
"9098","212000",0,1,"2009",14
"9099","212000",0,1,"2010",14
"9100","212000",0,1,"2011",14
"9101","212200",0,0,"1987",14
"9102","212200",0,0,"1988",14
"9103","212200",0,0,"1989",14
"9104","212200",0,0,"1990",14
"9105","212200",100,0,"1991",14
"9106","212200",0,0,"1992",14
"9107","212200",0,0,"1993",14
"9108","212200",0,0,"1994",14
"9109","212200",0,0,"1995",14
"9110","212200",0,0,"1996",14
"9111","212200",0,0,"1997",14
"9112","212200",0,0,"1998",14
"9113","212200",0,1,"1999",14
"9114","212200",100,1,"2000",14
"9115","212200",0,1,"2001",14
"9116","212200",0,1,"2002",14
"9117","212200",0,1,"2003",14
"9118","212200",0,1,"2004",14
"9119","212200",0,1,"2005",14
"9120","212200",0,1,"2006",14
"9121","212200",100,1,"2007",14
"9122","212200",0,1,"2008",14
"9123","212200",0,1,"2009",14
"9124","212200",0,1,"2010",14
"9125","212200",0,1,"2011",14
"9151","212600",0,0,"1987",4
"9152","212600",0,0,"1988",4
"9153","212600",0,0,"1989",4
"9154","212600",0,0,"1990",4
"9155","212600",100,0,"1991",4
"9156","212600",0,0,"1992",4
"9157","212600",0,0,"1993",4
"9158","212600",0,0,"1994",4
"9159","212600",0,0,"1995",4
"9160","212600",0,0,"1996",4
"9161","212600",0,0,"1997",4
"9162","212600",0,0,"1998",4
"9163","212600",0,0,"1999",4
"9164","212600",0,0,"2000",4
"9165","212600",0,0,"2001",4
"9166","212600",0,0,"2002",4
"9167","212600",0,0,"2003",4
"9168","212600",0,0,"2004",4
"9169","212600",0,0,"2005",4
"9170","212600",0,0,"2006",4
"9171","212600",0,0,"2007",4
"9172","212600",0,0,"2008",4
"9173","212600",0,1,"2009",4
"9174","212600",0,1,"2010",4
"9175","212600",0,1,"2011",4
"9226","213200",0,0,"1987",23
"9227","213200",0,0,"1988",23
"9228","213200",0,0,"1989",23
"9229","213200",0,1,"1990",23
"9230","213200",100,1,"1991",23
"9231","213200",0,1,"1992",23
"9232","213200",0,1,"1993",23
"9233","213200",0,1,"1994",23
"9234","213200",0,1,"1995",23
"9235","213200",0,1,"1996",23
"9236","213200",100,1,"1997",23
"9237","213200",0,1,"1998",23
"9238","213200",0,1,"1999",23
"9239","213200",0,1,"2000",23
"9240","213200",0,1,"2001",23
"9241","213200",0,1,"2002",23
"9242","213200",100,1,"2003",23
"9243","213200",100,1,"2004",23
"9244","213200",100,1,"2005",23
"9245","213200",100,1,"2006",23
"9246","213200",100,1,"2007",23
"9247","213200",0,1,"2008",23
"9248","213200",0,1,"2009",23
"9249","213200",0,1,"2010",23
"9250","213200",0,1,"2011",23
"9251","213400",0,0,"1987",14
"9252","213400",0,0,"1988",14
"9253","213400",0,0,"1989",14
"9254","213400",0,0,"1990",14
"9255","213400",0,0,"1991",14
"9256","213400",0,0,"1992",14
"9257","213400",0,0,"1993",14
"9258","213400",0,0,"1994",14
"9259","213400",0,0,"1995",14
"9260","213400",0,0,"1996",14
"9261","213400",0,0,"1997",14
"9262","213400",0,0,"1998",14
"9263","213400",100,1,"1999",14
"9264","213400",0,1,"2000",14
"9265","213400",0,1,"2001",14
"9266","213400",0,1,"2002",14
"9267","213400",0,1,"2003",14
"9268","213400",0,1,"2004",14
"9269","213400",0,1,"2005",14
"9270","213400",0,1,"2006",14
"9271","213400",0,1,"2007",14
"9272","213400",0,1,"2008",14
"9273","213400",0,1,"2009",14
"9274","213400",0,1,"2010",14
"9275","213400",0,1,"2011",14
"9276","213600",0,0,"1987",23
"9277","213600",0,0,"1988",23
"9278","213600",0,0,"1989",23
"9279","213600",0,1,"1990",23
"9280","213600",0,1,"1991",23
"9281","213600",0,1,"1992",23
"9282","213600",0,1,"1993",23
"9283","213600",0,1,"1994",23
"9284","213600",0,1,"1995",23
"9285","213600",0,1,"1996",23
"9286","213600",0,1,"1997",23
"9287","213600",0,1,"1998",23
"9288","213600",0,1,"1999",23
"9289","213600",100,1,"2000",23
"9290","213600",0,1,"2001",23
"9291","213600",0,1,"2002",23
"9292","213600",100,1,"2003",23
"9293","213600",100,1,"2004",23
"9294","213600",0,1,"2005",23
"9295","213600",0,1,"2006",23
"9296","213600",0,1,"2007",23
"9297","213600",0,1,"2008",23
"9298","213600",0,1,"2009",23
"9299","213600",0,1,"2010",23
"9300","213600",0,1,"2011",23
"9301","213800",0,0,"1987",23
"9302","213800",0,0,"1988",23
"9303","213800",0,0,"1989",23
"9304","213800",0,1,"1990",23
"9305","213800",100,1,"1991",23
"9306","213800",0,1,"1992",23
"9307","213800",0,1,"1993",23
"9308","213800",0,1,"1994",23
"9309","213800",0,1,"1995",23
"9310","213800",0,1,"1996",23
"9311","213800",0,1,"1997",23
"9312","213800",0,1,"1998",23
"9313","213800",0,1,"1999",23
"9314","213800",0,1,"2000",23
"9315","213800",0,1,"2001",23
"9316","213800",0,1,"2002",23
"9317","213800",0,1,"2003",23
"9318","213800",0,1,"2004",23
"9319","213800",0,1,"2005",23
"9320","213800",0,1,"2006",23
"9321","213800",0,1,"2007",23
"9322","213800",100,1,"2008",23
"9323","213800",0,1,"2009",23
"9324","213800",0,1,"2010",23
"9325","213800",0,1,"2011",23
"9326","214000",0,0,"1987",23
"9327","214000",0,0,"1988",23
"9328","214000",0,0,"1989",23
"9329","214000",0,1,"1990",23
"9330","214000",0,1,"1991",23
"9331","214000",0,1,"1992",23
"9332","214000",0,1,"1993",23
"9333","214000",0,1,"1994",23
"9334","214000",0,1,"1995",23
"9335","214000",0,1,"1996",23
"9336","214000",0,1,"1997",23
"9337","214000",0,1,"1998",23
"9338","214000",0,1,"1999",23
"9339","214000",100,1,"2000",23
"9340","214000",0,1,"2001",23
"9341","214000",0,1,"2002",23
"9342","214000",0,1,"2003",23
"9343","214000",0,1,"2004",23
"9344","214000",0,1,"2005",23
"9345","214000",0,1,"2006",23
"9346","214000",0,1,"2007",23
"9347","214000",0,1,"2008",23
"9348","214000",0,1,"2009",23
"9349","214000",0,1,"2010",23
"9350","214000",0,1,"2011",23
"9351","214200",0,0,"1987",1
"9352","214200",0,0,"1988",1
"9353","214200",0,0,"1989",1
"9354","214200",0,0,"1990",1
"9355","214200",100,0,"1991",1
"9356","214200",0,0,"1992",1
"9357","214200",0,0,"1993",1
"9358","214200",0,0,"1994",1
"9359","214200",0,0,"1995",1
"9360","214200",0,0,"1996",1
"9361","214200",0,0,"1997",1
"9362","214200",0,0,"1998",1
"9363","214200",0,0,"1999",1
"9364","214200",0,0,"2000",1
"9365","214200",0,0,"2001",1
"9366","214200",0,0,"2002",1
"9367","214200",0,0,"2003",1
"9368","214200",0,0,"2004",1
"9369","214200",0,0,"2005",1
"9370","214200",0,0,"2006",1
"9371","214200",0,0,"2007",1
"9372","214200",0,0,"2008",1
"9373","214200",0,0,"2009",1
"9374","214200",0,0,"2010",1
"9375","214200",0,0,"2011",1
"9401","214600",0,0,"1987",14
"9402","214600",0,0,"1988",14
"9403","214600",0,0,"1989",14
"9404","214600",0,0,"1990",14
"9405","214600",0,0,"1991",14
"9406","214600",0,0,"1992",14
"9407","214600",0,0,"1993",14
"9408","214600",0,0,"1994",14
"9409","214600",0,0,"1995",14
"9410","214600",0,0,"1996",14
"9411","214600",0,0,"1997",14
"9412","214600",0,0,"1998",14
"9413","214600",0,1,"1999",14
"9414","214600",0,1,"2000",14
"9415","214600",100,1,"2001",14
"9416","214600",0,1,"2002",14
"9417","214600",100,1,"2003",14
"9418","214600",100,1,"2004",14
"9419","214600",100,1,"2005",14
"9420","214600",100,1,"2006",14
"9421","214600",100,1,"2007",14
"9422","214600",100,1,"2008",14
"9423","214600",100,1,"2009",14
"9424","214600",100,1,"2010",14
"9425","214600",100,1,"2011",14
"9426","214800",0,0,"1987",14
"9427","214800",0,0,"1988",14
"9428","214800",0,0,"1989",14
"9429","214800",0,0,"1990",14
"9430","214800",0,0,"1991",14
"9431","214800",0,0,"1992",14
"9432","214800",0,0,"1993",14
"9433","214800",0,0,"1994",14
"9434","214800",0,0,"1995",14
"9435","214800",0,0,"1996",14
"9436","214800",0,0,"1997",14
"9437","214800",0,0,"1998",14
"9438","214800",100,1,"1999",14
"9439","214800",0,1,"2000",14
"9440","214800",0,1,"2001",14
"9441","214800",0,1,"2002",14
"9442","214800",0,1,"2003",14
"9443","214800",0,1,"2004",14
"9444","214800",0,1,"2005",14
"9445","214800",100,1,"2006",14
"9446","214800",0,1,"2007",14
"9447","214800",0,1,"2008",14
"9448","214800",0,1,"2009",14
"9449","214800",0,1,"2010",14
"9450","214800",0,1,"2011",14
"9451","215000",0,0,"1987",14
"9452","215000",0,0,"1988",14
"9453","215000",0,0,"1989",14
"9454","215000",0,0,"1990",14
"9455","215000",0,0,"1991",14
"9456","215000",0,0,"1992",14
"9457","215000",0,0,"1993",14
"9458","215000",0,0,"1994",14
"9459","215000",0,0,"1995",14
"9460","215000",0,0,"1996",14
"9461","215000",0,0,"1997",14
"9462","215000",100,0,"1998",14
"9463","215000",0,1,"1999",14
"9464","215000",0,1,"2000",14
"9465","215000",0,1,"2001",14
"9466","215000",0,1,"2002",14
"9467","215000",0,1,"2003",14
"9468","215000",0,1,"2004",14
"9469","215000",0,1,"2005",14
"9470","215000",0,1,"2006",14
"9471","215000",0,1,"2007",14
"9472","215000",0,1,"2008",14
"9473","215000",0,1,"2009",14
"9474","215000",0,1,"2010",14
"9475","215000",0,1,"2011",14
"9476","215200",0,0,"1987",23
"9477","215200",0,0,"1988",23
"9478","215200",0,0,"1989",23
"9479","215200",0,1,"1990",23
"9480","215200",100,1,"1991",23
"9481","215200",0,1,"1992",23
"9482","215200",0,1,"1993",23
"9483","215200",0,1,"1994",23
"9484","215200",0,1,"1995",23
"9485","215200",0,1,"1996",23
"9486","215200",0,1,"1997",23
"9487","215200",0,1,"1998",23
"9488","215200",0,1,"1999",23
"9489","215200",100,1,"2000",23
"9490","215200",0,1,"2001",23
"9491","215200",0,1,"2002",23
"9492","215200",0,1,"2003",23
"9493","215200",0,1,"2004",23
"9494","215200",0,1,"2005",23
"9495","215200",0,1,"2006",23
"9496","215200",0,1,"2007",23
"9497","215200",0,1,"2008",23
"9498","215200",0,1,"2009",23
"9499","215200",0,1,"2010",23
"9500","215200",0,1,"2011",23
"9526","215600",0,0,"1987",14
"9527","215600",0,0,"1988",14
"9528","215600",0,0,"1989",14
"9529","215600",0,0,"1990",14
"9530","215600",0,0,"1991",14
"9531","215600",0,0,"1992",14
"9532","215600",0,0,"1993",14
"9533","215600",0,0,"1994",14
"9534","215600",0,0,"1995",14
"9535","215600",0,0,"1996",14
"9536","215600",100,0,"1997",14
"9537","215600",0,0,"1998",14
"9538","215600",0,1,"1999",14
"9539","215600",0,1,"2000",14
"9540","215600",0,1,"2001",14
"9541","215600",0,1,"2002",14
"9542","215600",100,1,"2003",14
"9543","215600",100,1,"2004",14
"9544","215600",100,1,"2005",14
"9545","215600",100,1,"2006",14
"9546","215600",100,1,"2007",14
"9547","215600",0,1,"2008",14
"9548","215600",0,1,"2009",14
"9549","215600",0,1,"2010",14
"9550","215600",0,1,"2011",14
"9601","222400",0,0,"1987",23
"9602","222400",100,0,"1988",23
"9603","222400",0,0,"1989",23
"9604","222400",0,1,"1990",23
"9605","222400",0,1,"1991",23
"9606","222400",0,1,"1992",23
"9607","222400",0,1,"1993",23
"9608","222400",0,1,"1994",23
"9609","222400",0,1,"1995",23
"9610","222400",0,1,"1996",23
"9611","222400",0,1,"1997",23
"9612","222400",0,1,"1998",23
"9613","222400",0,1,"1999",23
"9614","222400",0,1,"2000",23
"9615","222400",0,1,"2001",23
"9616","222400",0,1,"2002",23
"9617","222400",100,1,"2003",23
"9618","222400",0,1,"2004",23
"9619","222400",0,1,"2005",23
"9620","222400",0,1,"2006",23
"9621","222400",0,1,"2007",23
"9622","222400",0,1,"2008",23
"9623","222400",0,1,"2009",23
"9624","222400",100,1,"2010",23
"9625","222400",0,1,"2011",23
"9626","222600",0,0,"1987",23
"9627","222600",100,0,"1988",23
"9628","222600",0,0,"1989",23
"9629","222600",0,1,"1990",23
"9630","222600",0,1,"1991",23
"9631","222600",100,1,"1992",23
"9632","222600",0,1,"1993",23
"9633","222600",0,1,"1994",23
"9634","222600",0,1,"1995",23
"9635","222600",0,1,"1996",23
"9636","222600",0,1,"1997",23
"9637","222600",0,1,"1998",23
"9638","222600",100,1,"1999",23
"9639","222600",100,1,"2000",23
"9640","222600",100,1,"2001",23
"9641","222600",100,1,"2002",23
"9642","222600",100,1,"2003",23
"9643","222600",100,1,"2004",23
"9644","222600",100,1,"2005",23
"9645","222600",0,1,"2006",23
"9646","222600",0,1,"2007",23
"9647","222600",0,1,"2008",23
"9648","222600",0,1,"2009",23
"9649","222600",0,1,"2010",23
"9650","222600",0,1,"2011",23
"9651","222800",0,0,"1987",23
"9652","222800",0,0,"1988",23
"9653","222800",100,0,"1989",23
"9654","222800",0,1,"1990",23
"9655","222800",0,1,"1991",23
"9656","222800",0,1,"1992",23
"9657","222800",0,1,"1993",23
"9658","222800",100,1,"1994",23
"9659","222800",0,1,"1995",23
"9660","222800",0,1,"1996",23
"9661","222800",0,1,"1997",23
"9662","222800",0,1,"1998",23
"9663","222800",0,1,"1999",23
"9664","222800",0,1,"2000",23
"9665","222800",0,1,"2001",23
"9666","222800",0,1,"2002",23
"9667","222800",0,1,"2003",23
"9668","222800",100,1,"2004",23
"9669","222800",0,1,"2005",23
"9670","222800",0,1,"2006",23
"9671","222800",0,1,"2007",23
"9672","222800",0,1,"2008",23
"9673","222800",0,1,"2009",23
"9674","222800",0,1,"2010",23
"9675","222800",0,1,"2011",23
"9676","223000",0,0,"1987",9
"9677","223000",0,0,"1988",9
"9678","223000",0,0,"1989",9
"9679","223000",100,0,"1990",9
"9680","223000",0,0,"1991",9
"9681","223000",0,0,"1992",9
"9682","223000",0,0,"1993",9
"9683","223000",100,0,"1994",9
"9684","223000",0,0,"1995",9
"9685","223000",0,0,"1996",9
"9686","223000",0,0,"1997",9
"9687","223000",0,0,"1998",9
"9688","223000",0,0,"1999",9
"9689","223000",0,0,"2000",9
"9690","223000",100,0,"2001",9
"9691","223000",0,0,"2002",9
"9692","223000",0,0,"2003",9
"9693","223000",0,1,"2004",9
"9694","223000",0,1,"2005",9
"9695","223000",100,1,"2006",9
"9696","223000",100,1,"2007",9
"9697","223000",100,1,"2008",9
"9698","223000",100,1,"2009",9
"9699","223000",100,1,"2010",9
"9700","223000",100,1,"2011",9
"9701","223200",0,0,"1987",23
"9702","223200",0,0,"1988",23
"9703","223200",100,0,"1989",23
"9704","223200",0,1,"1990",23
"9705","223200",0,1,"1991",23
"9706","223200",0,1,"1992",23
"9707","223200",0,1,"1993",23
"9708","223200",100,1,"1994",23
"9709","223200",0,1,"1995",23
"9710","223200",0,1,"1996",23
"9711","223200",0,1,"1997",23
"9712","223200",0,1,"1998",23
"9713","223200",0,1,"1999",23
"9714","223200",0,1,"2000",23
"9715","223200",0,1,"2001",23
"9716","223200",100,1,"2002",23
"9717","223200",0,1,"2003",23
"9718","223200",0,1,"2004",23
"9719","223200",0,1,"2005",23
"9720","223200",0,1,"2006",23
"9721","223200",0,1,"2007",23
"9722","223200",100,1,"2008",23
"9723","223200",100,1,"2009",23
"9724","223200",100,1,"2010",23
"9725","223200",100,1,"2011",23
"9751","223600",0,0,"1987",12
"9752","223600",0,0,"1988",12
"9753","223600",0,0,"1989",12
"9754","223600",100,0,"1990",12
"9755","223600",0,0,"1991",12
"9756","223600",0,0,"1992",12
"9757","223600",0,0,"1993",12
"9758","223600",0,0,"1994",12
"9759","223600",100,0,"1995",12
"9760","223600",0,0,"1996",12
"9761","223600",0,0,"1997",12
"9762","223600",0,0,"1998",12
"9763","223600",0,0,"1999",12
"9764","223600",100,0,"2000",12
"9765","223600",0,1,"2001",12
"9766","223600",0,1,"2002",12
"9767","223600",0,1,"2003",12
"9768","223600",0,1,"2004",12
"9769","223600",0,1,"2005",12
"9770","223600",0,1,"2006",12
"9771","223600",0,1,"2007",12
"9772","223600",0,1,"2008",12
"9773","223600",100,1,"2009",12
"9774","223600",0,1,"2010",12
"9775","223600",0,1,"2011",12
"9851","224400",0,0,"1987",1
"9852","224400",100,0,"1988",1
"9853","224400",0,0,"1989",1
"9854","224400",0,0,"1990",1
"9855","224400",0,0,"1991",1
"9856","224400",0,0,"1992",1
"9857","224400",0,0,"1993",1
"9858","224400",0,0,"1994",1
"9859","224400",0,0,"1995",1
"9860","224400",0,0,"1996",1
"9861","224400",0,0,"1997",1
"9862","224400",0,0,"1998",1
"9863","224400",0,0,"1999",1
"9864","224400",0,0,"2000",1
"9865","224400",0,0,"2001",1
"9866","224400",0,0,"2002",1
"9867","224400",0,0,"2003",1
"9868","224400",0,0,"2004",1
"9869","224400",0,0,"2005",1
"9870","224400",0,0,"2006",1
"9871","224400",0,0,"2007",1
"9872","224400",0,0,"2008",1
"9873","224400",0,0,"2009",1
"9874","224400",0,0,"2010",1
"9875","224400",0,0,"2011",1
"9876","224600",100,0,"1987",6
"9877","224600",0,0,"1988",6
"9878","224600",0,0,"1989",6
"9879","224600",0,0,"1990",6
"9880","224600",100,0,"1991",6
"9881","224600",0,0,"1992",6
"9882","224600",0,0,"1993",6
"9883","224600",0,0,"1994",6
"9884","224600",0,0,"1995",6
"9885","224600",100,0,"1996",6
"9886","224600",0,0,"1997",6
"9887","224600",0,0,"1998",6
"9888","224600",0,0,"1999",6
"9889","224600",0,0,"2000",6
"9890","224600",0,0,"2001",6
"9891","224600",0,0,"2002",6
"9892","224600",0,0,"2003",6
"9893","224600",0,0,"2004",6
"9894","224600",0,0,"2005",6
"9895","224600",100,0,"2006",6
"9896","224600",100,1,"2007",6
"9897","224600",100,1,"2008",6
"9898","224600",100,1,"2009",6
"9899","224600",100,1,"2010",6
"9900","224600",100,1,"2011",6
"9901","224800",0,0,"1987",3
"9902","224800",0,0,"1988",3
"9903","224800",100,0,"1989",3
"9904","224800",0,0,"1990",3
"9905","224800",0,0,"1991",3
"9906","224800",0,0,"1992",3
"9907","224800",100,0,"1993",3
"9908","224800",0,0,"1994",3
"9909","224800",0,0,"1995",3
"9910","224800",0,0,"1996",3
"9911","224800",0,0,"1997",3
"9912","224800",0,0,"1998",3
"9913","224800",0,0,"1999",3
"9914","224800",0,0,"2000",3
"9915","224800",0,0,"2001",3
"9916","224800",0,0,"2002",3
"9917","224800",0,0,"2003",3
"9918","224800",0,0,"2004",3
"9919","224800",0,0,"2005",3
"9920","224800",0,0,"2006",3
"9921","224800",0,0,"2007",3
"9922","224800",0,0,"2008",3
"9923","224800",0,0,"2009",3
"9924","224800",0,1,"2010",3
"9925","224800",0,1,"2011",3
"9926","225000",0,0,"1987",1
"9927","225000",0,0,"1988",1
"9928","225000",0,0,"1989",1
"9929","225000",0,0,"1990",1
"9930","225000",0,0,"1991",1
"9931","225000",0,0,"1992",1
"9932","225000",0,0,"1993",1
"9933","225000",0,0,"1994",1
"9934","225000",0,0,"1995",1
"9935","225000",0,0,"1996",1
"9936","225000",0,0,"1997",1
"9937","225000",0,0,"1998",1
"9938","225000",0,0,"1999",1
"9939","225000",0,0,"2000",1
"9940","225000",100,0,"2001",1
"9941","225000",0,0,"2002",1
"9942","225000",0,0,"2003",1
"9943","225000",0,0,"2004",1
"9944","225000",0,0,"2005",1
"9945","225000",0,0,"2006",1
"9946","225000",0,0,"2007",1
"9947","225000",100,0,"2008",1
"9948","225000",100,0,"2009",1
"9949","225000",100,0,"2010",1
"9950","225000",100,0,"2011",1
"9951","225200",0,0,"1987",23
"9952","225200",0,0,"1988",23
"9953","225200",0,0,"1989",23
"9954","225200",0,1,"1990",23
"9955","225200",100,1,"1991",23
"9956","225200",0,1,"1992",23
"9957","225200",0,1,"1993",23
"9958","225200",0,1,"1994",23
"9959","225200",0,1,"1995",23
"9960","225200",100,1,"1996",23
"9961","225200",0,1,"1997",23
"9962","225200",0,1,"1998",23
"9963","225200",0,1,"1999",23
"9964","225200",0,1,"2000",23
"9965","225200",0,1,"2001",23
"9966","225200",100,1,"2002",23
"9967","225200",0,1,"2003",23
"9968","225200",0,1,"2004",23
"9969","225200",0,1,"2005",23
"9970","225200",0,1,"2006",23
"9971","225200",100,1,"2007",23
"9972","225200",0,1,"2008",23
"9973","225200",0,1,"2009",23
"9974","225200",0,1,"2010",23
"9975","225200",0,1,"2011",23
"10001","225600",0,0,"1987",23
"10002","225600",0,0,"1988",23
"10003","225600",100,0,"1989",23
"10004","225600",0,1,"1990",23
"10005","225600",0,1,"1991",23
"10006","225600",0,1,"1992",23
"10007","225600",100,1,"1993",23
"10008","225600",0,1,"1994",23
"10009","225600",0,1,"1995",23
"10010","225600",0,1,"1996",23
"10011","225600",0,1,"1997",23
"10012","225600",0,1,"1998",23
"10013","225600",100,1,"1999",23
"10014","225600",0,1,"2000",23
"10015","225600",0,1,"2001",23
"10016","225600",0,1,"2002",23
"10017","225600",0,1,"2003",23
"10018","225600",0,1,"2004",23
"10019","225600",0,1,"2005",23
"10020","225600",0,1,"2006",23
"10021","225600",0,1,"2007",23
"10022","225600",0,1,"2008",23
"10023","225600",0,1,"2009",23
"10024","225600",0,1,"2010",23
"10025","225600",0,1,"2011",23
"10076","226200",0,0,"1987",1
"10077","226200",0,0,"1988",1
"10078","226200",0,0,"1989",1
"10079","226200",0,0,"1990",1
"10080","226200",0,0,"1991",1
"10081","226200",0,0,"1992",1
"10082","226200",0,0,"1993",1
"10083","226200",0,0,"1994",1
"10084","226200",0,0,"1995",1
"10085","226200",0,0,"1996",1
"10086","226200",0,0,"1997",1
"10087","226200",0,0,"1998",1
"10088","226200",0,0,"1999",1
"10089","226200",0,0,"2000",1
"10090","226200",0,0,"2001",1
"10091","226200",0,0,"2002",1
"10092","226200",0,0,"2003",1
"10093","226200",0,0,"2004",1
"10094","226200",0,0,"2005",1
"10095","226200",0,0,"2006",1
"10096","226200",0,0,"2007",1
"10097","226200",0,0,"2008",1
"10098","226200",0,0,"2009",1
"10099","226200",100,0,"2010",1
"10100","226200",0,0,"2011",1
"10101","232000",0,0,"1987",1
"10102","232000",0,0,"1988",1
"10103","232000",0,0,"1989",1
"10104","232000",0,0,"1990",1
"10105","232000",0,0,"1991",1
"10106","232000",0,0,"1992",1
"10107","232000",0,0,"1993",1
"10108","232000",0,0,"1994",1
"10109","232000",0,0,"1995",1
"10110","232000",0,0,"1996",1
"10111","232000",0,0,"1997",1
"10112","232000",0,0,"1998",1
"10113","232000",0,0,"1999",1
"10114","232000",0,0,"2000",1
"10115","232000",100,0,"2001",1
"10116","232000",0,0,"2002",1
"10117","232000",0,0,"2003",1
"10118","232000",0,0,"2004",1
"10119","232000",0,0,"2005",1
"10120","232000",0,0,"2006",1
"10121","232000",0,0,"2007",1
"10122","232000",0,0,"2008",1
"10123","232000",0,0,"2009",1
"10124","232000",0,0,"2010",1
"10125","232000",0,0,"2011",1
"10126","232200",0,0,"1987",14
"10127","232200",0,0,"1988",14
"10128","232200",0,0,"1989",14
"10129","232200",0,0,"1990",14
"10130","232200",0,0,"1991",14
"10131","232200",0,0,"1992",14
"10132","232200",0,0,"1993",14
"10133","232200",0,0,"1994",14
"10134","232200",0,0,"1995",14
"10135","232200",0,0,"1996",14
"10136","232200",0,0,"1997",14
"10137","232200",0,0,"1998",14
"10138","232200",0,1,"1999",14
"10139","232200",0,1,"2000",14
"10140","232200",0,1,"2001",14
"10141","232200",0,1,"2002",14
"10142","232200",100,1,"2003",14
"10143","232200",100,1,"2004",14
"10144","232200",100,1,"2005",14
"10145","232200",100,1,"2006",14
"10146","232200",100,1,"2007",14
"10147","232200",100,1,"2008",14
"10148","232200",100,1,"2009",14
"10149","232200",100,1,"2010",14
"10150","232200",100,1,"2011",14
"10151","232400",0,0,"1987",23
"10152","232400",0,0,"1988",23
"10153","232400",0,0,"1989",23
"10154","232400",0,1,"1990",23
"10155","232400",0,1,"1991",23
"10156","232400",0,1,"1992",23
"10157","232400",0,1,"1993",23
"10158","232400",0,1,"1994",23
"10159","232400",0,1,"1995",23
"10160","232400",0,1,"1996",23
"10161","232400",100,1,"1997",23
"10162","232400",0,1,"1998",23
"10163","232400",0,1,"1999",23
"10164","232400",0,1,"2000",23
"10165","232400",100,1,"2001",23
"10166","232400",100,1,"2002",23
"10167","232400",100,1,"2003",23
"10168","232400",100,1,"2004",23
"10169","232400",100,1,"2005",23
"10170","232400",100,1,"2006",23
"10171","232400",100,1,"2007",23
"10172","232400",100,1,"2008",23
"10173","232400",100,1,"2009",23
"10174","232400",100,1,"2010",23
"10175","232400",100,1,"2011",23
"10176","232600",0,0,"1987",14
"10177","232600",0,0,"1988",14
"10178","232600",0,0,"1989",14
"10179","232600",0,0,"1990",14
"10180","232600",0,0,"1991",14
"10181","232600",0,0,"1992",14
"10182","232600",0,0,"1993",14
"10183","232600",0,0,"1994",14
"10184","232600",0,0,"1995",14
"10185","232600",0,0,"1996",14
"10186","232600",0,0,"1997",14
"10187","232600",100,0,"1998",14
"10188","232600",0,1,"1999",14
"10189","232600",0,1,"2000",14
"10190","232600",0,1,"2001",14
"10191","232600",0,1,"2002",14
"10192","232600",0,1,"2003",14
"10193","232600",100,1,"2004",14
"10194","232600",100,1,"2005",14
"10195","232600",100,1,"2006",14
"10196","232600",100,1,"2007",14
"10197","232600",100,1,"2008",14
"10198","232600",100,1,"2009",14
"10199","232600",100,1,"2010",14
"10200","232600",100,1,"2011",14
"10226","233200",0,0,"1987",23
"10227","233200",0,0,"1988",23
"10228","233200",0,0,"1989",23
"10229","233200",0,1,"1990",23
"10230","233200",0,1,"1991",23
"10231","233200",0,1,"1992",23
"10232","233200",0,1,"1993",23
"10233","233200",0,1,"1994",23
"10234","233200",0,1,"1995",23
"10235","233200",0,1,"1996",23
"10236","233200",0,1,"1997",23
"10237","233200",0,1,"1998",23
"10238","233200",0,1,"1999",23
"10239","233200",0,1,"2000",23
"10240","233200",0,1,"2001",23
"10241","233200",100,1,"2002",23
"10242","233200",100,1,"2003",23
"10243","233200",100,1,"2004",23
"10244","233200",100,1,"2005",23
"10245","233200",100,1,"2006",23
"10246","233200",100,1,"2007",23
"10247","233200",100,1,"2008",23
"10248","233200",100,1,"2009",23
"10249","233200",100,1,"2010",23
"10250","233200",100,1,"2011",23
"10251","233400",0,0,"1987",11
"10252","233400",0,0,"1988",11
"10253","233400",0,0,"1989",11
"10254","233400",0,0,"1990",11
"10255","233400",0,0,"1991",11
"10256","233400",0,0,"1992",11
"10257","233400",0,0,"1993",11
"10258","233400",100,0,"1994",11
"10259","233400",0,0,"1995",11
"10260","233400",0,0,"1996",11
"10261","233400",100,0,"1997",11
"10262","233400",0,0,"1998",11
"10263","233400",0,0,"1999",11
"10264","233400",100,0,"2000",11
"10265","233400",0,0,"2001",11
"10266","233400",100,1,"2002",11
"10267","233400",100,1,"2003",11
"10268","233400",100,1,"2004",11
"10269","233400",100,1,"2005",11
"10270","233400",100,1,"2006",11
"10271","233400",100,1,"2007",11
"10272","233400",100,1,"2008",11
"10273","233400",100,1,"2009",11
"10274","233400",100,1,"2010",11
"10275","233400",100,1,"2011",11
"10276","233600",0,0,"1987",1
"10277","233600",0,0,"1988",1
"10278","233600",0,0,"1989",1
"10279","233600",0,0,"1990",1
"10280","233600",0,0,"1991",1
"10281","233600",0,0,"1992",1
"10282","233600",0,0,"1993",1
"10283","233600",0,0,"1994",1
"10284","233600",0,0,"1995",1
"10285","233600",0,0,"1996",1
"10286","233600",0,0,"1997",1
"10287","233600",0,0,"1998",1
"10288","233600",0,0,"1999",1
"10289","233600",0,0,"2000",1
"10290","233600",0,0,"2001",1
"10291","233600",0,0,"2002",1
"10292","233600",0,0,"2003",1
"10293","233600",0,0,"2004",1
"10294","233600",0,0,"2005",1
"10295","233600",0,0,"2006",1
"10296","233600",100,0,"2007",1
"10297","233600",0,0,"2008",1
"10298","233600",0,0,"2009",1
"10299","233600",0,0,"2010",1
"10300","233600",0,0,"2011",1
"10301","233800",0,0,"1987",11
"10302","233800",0,0,"1988",11
"10303","233800",0,0,"1989",11
"10304","233800",0,0,"1990",11
"10305","233800",0,0,"1991",11
"10306","233800",0,0,"1992",11
"10307","233800",0,0,"1993",11
"10308","233800",0,0,"1994",11
"10309","233800",0,0,"1995",11
"10310","233800",0,0,"1996",11
"10311","233800",0,0,"1997",11
"10312","233800",0,0,"1998",11
"10313","233800",0,0,"1999",11
"10314","233800",100,0,"2000",11
"10315","233800",0,0,"2001",11
"10316","233800",100,1,"2002",11
"10317","233800",100,1,"2003",11
"10318","233800",100,1,"2004",11
"10319","233800",0,1,"2005",11
"10320","233800",0,1,"2006",11
"10321","233800",0,1,"2007",11
"10322","233800",100,1,"2008",11
"10323","233800",0,1,"2009",11
"10324","233800",0,1,"2010",11
"10325","233800",0,1,"2011",11
"10326","234000",0,0,"1987",14
"10327","234000",0,0,"1988",14
"10328","234000",0,0,"1989",14
"10329","234000",0,0,"1990",14
"10330","234000",0,0,"1991",14
"10331","234000",0,0,"1992",14
"10332","234000",0,0,"1993",14
"10333","234000",0,0,"1994",14
"10334","234000",0,0,"1995",14
"10335","234000",0,0,"1996",14
"10336","234000",0,0,"1997",14
"10337","234000",0,0,"1998",14
"10338","234000",0,1,"1999",14
"10339","234000",0,1,"2000",14
"10340","234000",0,1,"2001",14
"10341","234000",0,1,"2002",14
"10342","234000",0,1,"2003",14
"10343","234000",100,1,"2004",14
"10344","234000",100,1,"2005",14
"10345","234000",100,1,"2006",14
"10346","234000",100,1,"2007",14
"10347","234000",100,1,"2008",14
"10348","234000",100,1,"2009",14
"10349","234000",100,1,"2010",14
"10350","234000",100,1,"2011",14
"10351","234200",0,0,"1987",14
"10352","234200",0,0,"1988",14
"10353","234200",0,0,"1989",14
"10354","234200",0,0,"1990",14
"10355","234200",0,0,"1991",14
"10356","234200",0,0,"1992",14
"10357","234200",0,0,"1993",14
"10358","234200",0,0,"1994",14
"10359","234200",0,0,"1995",14
"10360","234200",0,0,"1996",14
"10361","234200",0,0,"1997",14
"10362","234200",100,0,"1998",14
"10363","234200",0,1,"1999",14
"10364","234200",100,1,"2000",14
"10365","234200",100,1,"2001",14
"10366","234200",0,1,"2002",14
"10367","234200",0,1,"2003",14
"10368","234200",0,1,"2004",14
"10369","234200",0,1,"2005",14
"10370","234200",0,1,"2006",14
"10371","234200",0,1,"2007",14
"10372","234200",100,1,"2008",14
"10373","234200",100,1,"2009",14
"10374","234200",100,1,"2010",14
"10375","234200",100,1,"2011",14
"10376","234400",0,0,"1987",14
"10377","234400",0,0,"1988",14
"10378","234400",0,0,"1989",14
"10379","234400",0,0,"1990",14
"10380","234400",0,0,"1991",14
"10381","234400",0,0,"1992",14
"10382","234400",0,0,"1993",14
"10383","234400",0,0,"1994",14
"10384","234400",0,0,"1995",14
"10385","234400",0,0,"1996",14
"10386","234400",0,0,"1997",14
"10387","234400",0,0,"1998",14
"10388","234400",0,1,"1999",14
"10389","234400",0,1,"2000",14
"10390","234400",0,1,"2001",14
"10391","234400",0,1,"2002",14
"10392","234400",0,1,"2003",14
"10393","234400",100,1,"2004",14
"10394","234400",100,1,"2005",14
"10395","234400",100,1,"2006",14
"10396","234400",100,1,"2007",14
"10397","234400",100,1,"2008",14
"10398","234400",100,1,"2009",14
"10399","234400",100,1,"2010",14
"10400","234400",100,1,"2011",14
"10401","234600",0,0,"1987",14
"10402","234600",0,0,"1988",14
"10403","234600",0,0,"1989",14
"10404","234600",0,0,"1990",14
"10405","234600",0,0,"1991",14
"10406","234600",0,0,"1992",14
"10407","234600",0,0,"1993",14
"10408","234600",0,0,"1994",14
"10409","234600",0,0,"1995",14
"10410","234600",0,0,"1996",14
"10411","234600",0,0,"1997",14
"10412","234600",0,0,"1998",14
"10413","234600",0,1,"1999",14
"10414","234600",0,1,"2000",14
"10415","234600",0,1,"2001",14
"10416","234600",100,1,"2002",14
"10417","234600",0,1,"2003",14
"10418","234600",0,1,"2004",14
"10419","234600",0,1,"2005",14
"10420","234600",0,1,"2006",14
"10421","234600",0,1,"2007",14
"10422","234600",100,1,"2008",14
"10423","234600",100,1,"2009",14
"10424","234600",100,1,"2010",14
"10425","234600",100,1,"2011",14
"10451","235000",0,0,"1987",14
"10452","235000",0,0,"1988",14
"10453","235000",0,0,"1989",14
"10454","235000",0,0,"1990",14
"10455","235000",0,0,"1991",14
"10456","235000",0,0,"1992",14
"10457","235000",0,0,"1993",14
"10458","235000",0,0,"1994",14
"10459","235000",0,0,"1995",14
"10460","235000",100,0,"1996",14
"10461","235000",0,0,"1997",14
"10462","235000",0,0,"1998",14
"10463","235000",100,1,"1999",14
"10464","235000",0,1,"2000",14
"10465","235000",0,1,"2001",14
"10466","235000",100,1,"2002",14
"10467","235000",100,1,"2003",14
"10468","235000",100,1,"2004",14
"10469","235000",100,1,"2005",14
"10470","235000",100,1,"2006",14
"10471","235000",100,1,"2007",14
"10472","235000",100,1,"2008",14
"10473","235000",100,1,"2009",14
"10474","235000",100,1,"2010",14
"10475","235000",100,1,"2011",14
"10476","235200",0,0,"1987",23
"10477","235200",0,0,"1988",23
"10478","235200",0,0,"1989",23
"10479","235200",0,1,"1990",23
"10480","235200",0,1,"1991",23
"10481","235200",0,1,"1992",23
"10482","235200",0,1,"1993",23
"10483","235200",0,1,"1994",23
"10484","235200",0,1,"1995",23
"10485","235200",0,1,"1996",23
"10486","235200",0,1,"1997",23
"10487","235200",0,1,"1998",23
"10488","235200",0,1,"1999",23
"10489","235200",0,1,"2000",23
"10490","235200",0,1,"2001",23
"10491","235200",0,1,"2002",23
"10492","235200",0,1,"2003",23
"10493","235200",100,1,"2004",23
"10494","235200",100,1,"2005",23
"10495","235200",100,1,"2006",23
"10496","235200",100,1,"2007",23
"10497","235200",100,1,"2008",23
"10498","235200",100,1,"2009",23
"10499","235200",100,1,"2010",23
"10500","235200",100,1,"2011",23
"10576","242400",0,0,"1987",14
"10577","242400",0,0,"1988",14
"10578","242400",0,0,"1989",14
"10579","242400",100,0,"1990",14
"10580","242400",0,0,"1991",14
"10581","242400",0,0,"1992",14
"10582","242400",0,0,"1993",14
"10583","242400",100,0,"1994",14
"10584","242400",0,0,"1995",14
"10585","242400",0,0,"1996",14
"10586","242400",0,0,"1997",14
"10587","242400",100,0,"1998",14
"10588","242400",0,1,"1999",14
"10589","242400",0,1,"2000",14
"10590","242400",0,1,"2001",14
"10591","242400",100,1,"2002",14
"10592","242400",0,1,"2003",14
"10593","242400",0,1,"2004",14
"10594","242400",0,1,"2005",14
"10595","242400",100,1,"2006",14
"10596","242400",0,1,"2007",14
"10597","242400",0,1,"2008",14
"10598","242400",0,1,"2009",14
"10599","242400",100,1,"2010",14
"10600","242400",0,1,"2011",14
"10601","242600",0,0,"1987",24
"10602","242600",0,0,"1988",24
"10603","242600",0,1,"1989",24
"10604","242600",100,1,"1990",24
"10605","242600",0,1,"1991",24
"10606","242600",0,1,"1992",24
"10607","242600",0,1,"1993",24
"10608","242600",100,1,"1994",24
"10609","242600",0,1,"1995",24
"10610","242600",0,1,"1996",24
"10611","242600",0,1,"1997",24
"10612","242600",100,1,"1998",24
"10613","242600",0,1,"1999",24
"10614","242600",0,1,"2000",24
"10615","242600",0,1,"2001",24
"10616","242600",100,1,"2002",24
"10617","242600",0,1,"2003",24
"10618","242600",0,1,"2004",24
"10619","242600",0,1,"2005",24
"10620","242600",100,1,"2006",24
"10621","242600",0,1,"2007",24
"10622","242600",0,1,"2008",24
"10623","242600",0,1,"2009",24
"10624","242600",100,1,"2010",24
"10625","242600",0,1,"2011",24
"10651","243000",0,0,"1987",23
"10652","243000",0,0,"1988",23
"10653","243000",0,0,"1989",23
"10654","243000",100,1,"1990",23
"10655","243000",0,1,"1991",23
"10656","243000",0,1,"1992",23
"10657","243000",0,1,"1993",23
"10658","243000",100,1,"1994",23
"10659","243000",0,1,"1995",23
"10660","243000",0,1,"1996",23
"10661","243000",0,1,"1997",23
"10662","243000",100,1,"1998",23
"10663","243000",0,1,"1999",23
"10664","243000",0,1,"2000",23
"10665","243000",0,1,"2001",23
"10666","243000",100,1,"2002",23
"10667","243000",0,1,"2003",23
"10668","243000",0,1,"2004",23
"10669","243000",0,1,"2005",23
"10670","243000",100,1,"2006",23
"10671","243000",0,1,"2007",23
"10672","243000",0,1,"2008",23
"10673","243000",100,1,"2009",23
"10674","243000",100,1,"2010",23
"10675","243000",100,1,"2011",23
"10751","243800",0,0,"1987",14
"10752","243800",0,0,"1988",14
"10753","243800",0,0,"1989",14
"10754","243800",100,0,"1990",14
"10755","243800",0,0,"1991",14
"10756","243800",0,0,"1992",14
"10757","243800",0,0,"1993",14
"10758","243800",100,0,"1994",14
"10759","243800",0,0,"1995",14
"10760","243800",0,0,"1996",14
"10761","243800",0,0,"1997",14
"10762","243800",100,0,"1998",14
"10763","243800",0,1,"1999",14
"10764","243800",0,1,"2000",14
"10765","243800",0,1,"2001",14
"10766","243800",100,1,"2002",14
"10767","243800",100,1,"2003",14
"10768","243800",0,1,"2004",14
"10769","243800",0,1,"2005",14
"10770","243800",100,1,"2006",14
"10771","243800",0,1,"2007",14
"10772","243800",0,1,"2008",14
"10773","243800",0,1,"2009",14
"10774","243800",100,1,"2010",14
"10775","243800",0,1,"2011",14
"10826","244400",0,0,"1987",23
"10827","244400",0,0,"1988",23
"10828","244400",0,0,"1989",23
"10829","244400",100,1,"1990",23
"10830","244400",0,1,"1991",23
"10831","244400",0,1,"1992",23
"10832","244400",0,1,"1993",23
"10833","244400",100,1,"1994",23
"10834","244400",0,1,"1995",23
"10835","244400",0,1,"1996",23
"10836","244400",0,1,"1997",23
"10837","244400",100,1,"1998",23
"10838","244400",0,1,"1999",23
"10839","244400",0,1,"2000",23
"10840","244400",0,1,"2001",23
"10841","244400",100,1,"2002",23
"10842","244400",0,1,"2003",23
"10843","244400",0,1,"2004",23
"10844","244400",0,1,"2005",23
"10845","244400",100,1,"2006",23
"10846","244400",0,1,"2007",23
"10847","244400",0,1,"2008",23
"10848","244400",0,1,"2009",23
"10849","244400",100,1,"2010",23
"10850","244400",0,1,"2011",23
"10876","244800",0,0,"1987",14
"10877","244800",0,0,"1988",14
"10878","244800",0,0,"1989",14
"10879","244800",100,0,"1990",14
"10880","244800",0,0,"1991",14
"10881","244800",0,0,"1992",14
"10882","244800",0,0,"1993",14
"10883","244800",100,0,"1994",14
"10884","244800",0,0,"1995",14
"10885","244800",0,0,"1996",14
"10886","244800",0,0,"1997",14
"10887","244800",100,0,"1998",14
"10888","244800",0,1,"1999",14
"10889","244800",0,1,"2000",14
"10890","244800",0,1,"2001",14
"10891","244800",100,1,"2002",14
"10892","244800",0,1,"2003",14
"10893","244800",0,1,"2004",14
"10894","244800",0,1,"2005",14
"10895","244800",100,1,"2006",14
"10896","244800",0,1,"2007",14
"10897","244800",0,1,"2008",14
"10898","244800",0,1,"2009",14
"10899","244800",100,1,"2010",14
"10900","244800",0,1,"2011",14
"10901","245000",0,0,"1987",12
"10902","245000",0,0,"1988",12
"10903","245000",0,0,"1989",12
"10904","245000",100,0,"1990",12
"10905","245000",0,0,"1991",12
"10906","245000",0,0,"1992",12
"10907","245000",0,0,"1993",12
"10908","245000",100,0,"1994",12
"10909","245000",0,0,"1995",12
"10910","245000",0,0,"1996",12
"10911","245000",0,0,"1997",12
"10912","245000",0,0,"1998",12
"10913","245000",0,0,"1999",12
"10914","245000",0,0,"2000",12
"10915","245000",0,1,"2001",12
"10916","245000",100,1,"2002",12
"10917","245000",0,1,"2003",12
"10918","245000",0,1,"2004",12
"10919","245000",0,1,"2005",12
"10920","245000",100,1,"2006",12
"10921","245000",0,1,"2007",12
"10922","245000",0,1,"2008",12
"10923","245000",0,1,"2009",12
"10924","245000",100,1,"2010",12
"10925","245000",0,1,"2011",12
"10926","245200",0,0,"1987",23
"10927","245200",0,0,"1988",23
"10928","245200",0,0,"1989",23
"10929","245200",100,1,"1990",23
"10930","245200",0,1,"1991",23
"10931","245200",0,1,"1992",23
"10932","245200",0,1,"1993",23
"10933","245200",100,1,"1994",23
"10934","245200",0,1,"1995",23
"10935","245200",0,1,"1996",23
"10936","245200",0,1,"1997",23
"10937","245200",100,1,"1998",23
"10938","245200",0,1,"1999",23
"10939","245200",0,1,"2000",23
"10940","245200",0,1,"2001",23
"10941","245200",100,1,"2002",23
"10942","245200",0,1,"2003",23
"10943","245200",0,1,"2004",23
"10944","245200",0,1,"2005",23
"10945","245200",100,1,"2006",23
"10946","245200",0,1,"2007",23
"10947","245200",0,1,"2008",23
"10948","245200",100,1,"2009",23
"10949","245200",100,1,"2010",23
"10950","245200",100,1,"2011",23
"10951","252000",0,0,"1987",16
"10952","252000",0,0,"1988",16
"10953","252000",0,0,"1989",16
"10954","252000",0,0,"1990",16
"10955","252000",0,0,"1991",16
"10956","252000",0,0,"1992",16
"10957","252000",100,0,"1993",16
"10958","252000",0,0,"1994",16
"10959","252000",0,0,"1995",16
"10960","252000",0,0,"1996",16
"10961","252000",0,1,"1997",16
"10962","252000",0,1,"1998",16
"10963","252000",0,1,"1999",16
"10964","252000",100,1,"2000",16
"10965","252000",100,1,"2001",16
"10966","252000",100,1,"2002",16
"10967","252000",100,1,"2003",16
"10968","252000",100,1,"2004",16
"10969","252000",100,1,"2005",16
"10970","252000",100,1,"2006",16
"10971","252000",0,1,"2007",16
"10972","252000",0,1,"2008",16
"10973","252000",0,1,"2009",16
"10974","252000",100,1,"2010",16
"10975","252000",0,1,"2011",16
"11001","252400",0,0,"1987",23
"11002","252400",0,0,"1988",23
"11003","252400",0,0,"1989",23
"11004","252400",0,1,"1990",23
"11005","252400",100,1,"1991",23
"11006","252400",0,1,"1992",23
"11007","252400",0,1,"1993",23
"11008","252400",0,1,"1994",23
"11009","252400",0,1,"1995",23
"11010","252400",0,1,"1996",23
"11011","252400",0,1,"1997",23
"11012","252400",100,1,"1998",23
"11013","252400",0,1,"1999",23
"11014","252400",100,1,"2000",23
"11015","252400",100,1,"2001",23
"11016","252400",100,1,"2002",23
"11017","252400",0,1,"2003",23
"11018","252400",0,1,"2004",23
"11019","252400",0,1,"2005",23
"11020","252400",0,1,"2006",23
"11021","252400",100,1,"2007",23
"11022","252400",0,1,"2008",23
"11023","252400",0,1,"2009",23
"11024","252400",0,1,"2010",23
"11025","252400",0,1,"2011",23
"11151","253600",0,0,"1987",16
"11152","253600",0,0,"1988",16
"11153","253600",0,0,"1989",16
"11154","253600",0,0,"1990",16
"11155","253600",0,0,"1991",16
"11156","253600",0,0,"1992",16
"11157","253600",100,0,"1993",16
"11158","253600",0,0,"1994",16
"11159","253600",0,0,"1995",16
"11160","253600",0,0,"1996",16
"11161","253600",100,1,"1997",16
"11162","253600",0,1,"1998",16
"11163","253600",0,1,"1999",16
"11164","253600",100,1,"2000",16
"11165","253600",100,1,"2001",16
"11166","253600",100,1,"2002",16
"11167","253600",100,1,"2003",16
"11168","253600",100,1,"2004",16
"11169","253600",100,1,"2005",16
"11170","253600",0,1,"2006",16
"11171","253600",0,1,"2007",16
"11172","253600",100,1,"2008",16
"11173","253600",0,1,"2009",16
"11174","253600",0,1,"2010",16
"11175","253600",0,1,"2011",16
"11276","254600",0,0,"1987",16
"11277","254600",0,0,"1988",16
"11278","254600",0,0,"1989",16
"11279","254600",0,0,"1990",16
"11280","254600",0,0,"1991",16
"11281","254600",0,0,"1992",16
"11282","254600",0,0,"1993",16
"11283","254600",0,0,"1994",16
"11284","254600",100,0,"1995",16
"11285","254600",0,0,"1996",16
"11286","254600",0,1,"1997",16
"11287","254600",100,1,"1998",16
"11288","254600",0,1,"1999",16
"11289","254600",100,1,"2000",16
"11290","254600",100,1,"2001",16
"11291","254600",100,1,"2002",16
"11292","254600",100,1,"2003",16
"11293","254600",100,1,"2004",16
"11294","254600",100,1,"2005",16
"11295","254600",0,1,"2006",16
"11296","254600",0,1,"2007",16
"11297","254600",100,1,"2008",16
"11298","254600",0,1,"2009",16
"11299","254600",0,1,"2010",16
"11300","254600",0,1,"2011",16
"11376","262400",0,0,"1987",23
"11377","262400",0,0,"1988",23
"11378","262400",0,0,"1989",23
"11379","262400",0,1,"1990",23
"11380","262400",0,1,"1991",23
"11381","262400",0,1,"1992",23
"11382","262400",0,1,"1993",23
"11383","262400",0,1,"1994",23
"11384","262400",0,1,"1995",23
"11385","262400",0,1,"1996",23
"11386","262400",0,1,"1997",23
"11387","262400",0,1,"1998",23
"11388","262400",0,1,"1999",23
"11389","262400",0,1,"2000",23
"11390","262400",0,1,"2001",23
"11391","262400",0,1,"2002",23
"11392","262400",0,1,"2003",23
"11393","262400",100,1,"2004",23
"11394","262400",100,1,"2005",23
"11395","262400",100,1,"2006",23
"11396","262400",100,1,"2007",23
"11397","262400",100,1,"2008",23
"11398","262400",100,1,"2009",23
"11399","262400",100,1,"2010",23
"11400","262400",0,1,"2011",23
"11801","265800",0,0,"1987",1
"11802","265800",0,0,"1988",1
"11803","265800",0,0,"1989",1
"11804","265800",0,0,"1990",1
"11805","265800",0,0,"1991",1
"11806","265800",0,0,"1992",1
"11807","265800",0,0,"1993",1
"11808","265800",0,0,"1994",1
"11809","265800",0,0,"1995",1
"11810","265800",0,0,"1996",1
"11811","265800",0,0,"1997",1
"11812","265800",0,0,"1998",1
"11813","265800",0,0,"1999",1
"11814","265800",100,0,"2000",1
"11815","265800",100,0,"2001",1
"11816","265800",100,0,"2002",1
"11817","265800",100,0,"2003",1
"11818","265800",100,0,"2004",1
"11819","265800",100,0,"2005",1
"11820","265800",100,0,"2006",1
"11821","265800",100,0,"2007",1
"11822","265800",0,0,"2008",1
"11823","265800",100,0,"2009",1
"11824","265800",100,0,"2010",1
"11825","265800",100,0,"2011",1
"11826","272000",0,0,"1987",1
"11827","272000",0,0,"1988",1
"11828","272000",0,0,"1989",1
"11829","272000",0,0,"1990",1
"11830","272000",0,0,"1991",1
"11831","272000",0,0,"1992",1
"11832","272000",0,0,"1993",1
"11833","272000",0,0,"1994",1
"11834","272000",0,0,"1995",1
"11835","272000",0,0,"1996",1
"11836","272000",0,0,"1997",1
"11837","272000",0,0,"1998",1
"11838","272000",0,0,"1999",1
"11839","272000",0,0,"2000",1
"11840","272000",0,0,"2001",1
"11841","272000",0,0,"2002",1
"11842","272000",0,0,"2003",1
"11843","272000",0,0,"2004",1
"11844","272000",0,0,"2005",1
"11845","272000",0,0,"2006",1
"11846","272000",0,0,"2007",1
"11847","272000",0,0,"2008",1
"11848","272000",0,0,"2009",1
"11849","272000",0,0,"2010",1
"11850","272000",0,0,"2011",1
"11851","272200",0,0,"1987",12
"11852","272200",0,0,"1988",12
"11853","272200",0,0,"1989",12
"11854","272200",0,0,"1990",12
"11855","272200",0,0,"1991",12
"11856","272200",0,0,"1992",12
"11857","272200",0,0,"1993",12
"11858","272200",0,0,"1994",12
"11859","272200",0,0,"1995",12
"11860","272200",0,0,"1996",12
"11861","272200",0,0,"1997",12
"11862","272200",0,0,"1998",12
"11863","272200",100,0,"1999",12
"11864","272200",0,0,"2000",12
"11865","272200",0,1,"2001",12
"11866","272200",0,1,"2002",12
"11867","272200",0,1,"2003",12
"11868","272200",0,1,"2004",12
"11869","272200",0,1,"2005",12
"11870","272200",0,1,"2006",12
"11871","272200",0,1,"2007",12
"11872","272200",0,1,"2008",12
"11873","272200",0,1,"2009",12
"11874","272200",0,1,"2010",12
"11875","272200",0,1,"2011",12
"11901","272600",0,0,"1987",1
"11902","272600",0,0,"1988",1
"11903","272600",0,0,"1989",1
"11904","272600",0,0,"1990",1
"11905","272600",100,0,"1991",1
"11906","272600",0,0,"1992",1
"11907","272600",0,0,"1993",1
"11908","272600",0,0,"1994",1
"11909","272600",0,0,"1995",1
"11910","272600",0,0,"1996",1
"11911","272600",0,0,"1997",1
"11912","272600",0,0,"1998",1
"11913","272600",0,0,"1999",1
"11914","272600",0,0,"2000",1
"11915","272600",0,0,"2001",1
"11916","272600",0,0,"2002",1
"11917","272600",0,0,"2003",1
"11918","272600",0,0,"2004",1
"11919","272600",0,0,"2005",1
"11920","272600",0,0,"2006",1
"11921","272600",0,0,"2007",1
"11922","272600",0,0,"2008",1
"11923","272600",0,0,"2009",1
"11924","272600",0,0,"2010",1
"11925","272600",0,0,"2011",1
"11926","272800",0,0,"1987",1
"11927","272800",0,0,"1988",1
"11928","272800",0,0,"1989",1
"11929","272800",0,0,"1990",1
"11930","272800",0,0,"1991",1
"11931","272800",0,0,"1992",1
"11932","272800",0,0,"1993",1
"11933","272800",0,0,"1994",1
"11934","272800",0,0,"1995",1
"11935","272800",0,0,"1996",1
"11936","272800",0,0,"1997",1
"11937","272800",0,0,"1998",1
"11938","272800",100,0,"1999",1
"11939","272800",0,0,"2000",1
"11940","272800",0,0,"2001",1
"11941","272800",0,0,"2002",1
"11942","272800",0,0,"2003",1
"11943","272800",0,0,"2004",1
"11944","272800",0,0,"2005",1
"11945","272800",0,0,"2006",1
"11946","272800",0,0,"2007",1
"11947","272800",0,0,"2008",1
"11948","272800",0,0,"2009",1
"11949","272800",0,0,"2010",1
"11950","272800",0,0,"2011",1
"11951","273000",0,0,"1987",1
"11952","273000",0,0,"1988",1
"11953","273000",0,0,"1989",1
"11954","273000",0,0,"1990",1
"11955","273000",0,0,"1991",1
"11956","273000",0,0,"1992",1
"11957","273000",0,0,"1993",1
"11958","273000",0,0,"1994",1
"11959","273000",0,0,"1995",1
"11960","273000",0,0,"1996",1
"11961","273000",0,0,"1997",1
"11962","273000",0,0,"1998",1
"11963","273000",100,0,"1999",1
"11964","273000",0,0,"2000",1
"11965","273000",0,0,"2001",1
"11966","273000",0,0,"2002",1
"11967","273000",0,0,"2003",1
"11968","273000",0,0,"2004",1
"11969","273000",0,0,"2005",1
"11970","273000",0,0,"2006",1
"11971","273000",0,0,"2007",1
"11972","273000",0,0,"2008",1
"11973","273000",100,0,"2009",1
"11974","273000",100,0,"2010",1
"11975","273000",0,0,"2011",1
"12001","273400",0,0,"1987",11
"12002","273400",0,0,"1988",11
"12003","273400",0,0,"1989",11
"12004","273400",0,0,"1990",11
"12005","273400",0,0,"1991",11
"12006","273400",0,0,"1992",11
"12007","273400",0,0,"1993",11
"12008","273400",0,0,"1994",11
"12009","273400",0,0,"1995",11
"12010","273400",0,0,"1996",11
"12011","273400",0,0,"1997",11
"12012","273400",0,0,"1998",11
"12013","273400",100,0,"1999",11
"12014","273400",0,0,"2000",11
"12015","273400",0,0,"2001",11
"12016","273400",0,1,"2002",11
"12017","273400",0,1,"2003",11
"12018","273400",0,1,"2004",11
"12019","273400",0,1,"2005",11
"12020","273400",0,1,"2006",11
"12021","273400",0,1,"2007",11
"12022","273400",0,1,"2008",11
"12023","273400",0,1,"2009",11
"12024","273400",0,1,"2010",11
"12025","273400",0,1,"2011",11
"12026","273600",0,0,"1987",8
"12027","273600",0,0,"1988",8
"12028","273600",0,0,"1989",8
"12029","273600",0,0,"1990",8
"12030","273600",0,0,"1991",8
"12031","273600",0,0,"1992",8
"12032","273600",0,0,"1993",8
"12033","273600",0,0,"1994",8
"12034","273600",0,0,"1995",8
"12035","273600",0,0,"1996",8
"12036","273600",0,0,"1997",8
"12037","273600",0,0,"1998",8
"12038","273600",0,0,"1999",8
"12039","273600",0,0,"2000",8
"12040","273600",0,0,"2001",8
"12041","273600",100,0,"2002",8
"12042","273600",100,0,"2003",8
"12043","273600",100,0,"2004",8
"12044","273600",100,1,"2005",8
"12045","273600",100,1,"2006",8
"12046","273600",100,1,"2007",8
"12047","273600",100,1,"2008",8
"12048","273600",100,1,"2009",8
"12049","273600",100,1,"2010",8
"12050","273600",0,1,"2011",8
"12051","273800",0,0,"1987",5
"12052","273800",0,0,"1988",5
"12053","273800",0,0,"1989",5
"12054","273800",0,0,"1990",5
"12055","273800",0,0,"1991",5
"12056","273800",0,0,"1992",5
"12057","273800",0,0,"1993",5
"12058","273800",0,0,"1994",5
"12059","273800",0,0,"1995",5
"12060","273800",0,0,"1996",5
"12061","273800",0,0,"1997",5
"12062","273800",0,0,"1998",5
"12063","273800",0,0,"1999",5
"12064","273800",0,0,"2000",5
"12065","273800",0,0,"2001",5
"12066","273800",0,0,"2002",5
"12067","273800",0,0,"2003",5
"12068","273800",0,0,"2004",5
"12069","273800",0,0,"2005",5
"12070","273800",0,0,"2006",5
"12071","273800",0,0,"2007",5
"12072","273800",0,1,"2008",5
"12073","273800",0,1,"2009",5
"12074","273800",0,1,"2010",5
"12075","273800",0,1,"2011",5
"12101","292200",100,0,"1987",11
"12102","292200",0,0,"1988",11
"12103","292200",0,0,"1989",11
"12104","292200",0,0,"1990",11
"12105","292200",0,0,"1991",11
"12106","292200",0,0,"1992",11
"12107","292200",0,0,"1993",11
"12108","292200",100,0,"1994",11
"12109","292200",0,0,"1995",11
"12110","292200",0,0,"1996",11
"12111","292200",0,0,"1997",11
"12112","292200",0,0,"1998",11
"12113","292200",0,0,"1999",11
"12114","292200",100,0,"2000",11
"12115","292200",0,0,"2001",11
"12116","292200",0,1,"2002",11
"12117","292200",100,1,"2003",11
"12118","292200",100,1,"2004",11
"12119","292200",0,1,"2005",11
"12120","292200",100,1,"2006",11
"12121","292200",100,1,"2007",11
"12122","292200",0,1,"2008",11
"12123","292200",0,1,"2009",11
"12124","292200",0,1,"2010",11
"12125","292200",100,1,"2011",11
"12301","293800",0,0,"1987",3
"12302","293800",0,0,"1988",3
"12303","293800",0,0,"1989",3
"12304","293800",100,0,"1990",3
"12305","293800",0,0,"1991",3
"12306","293800",0,0,"1992",3
"12307","293800",0,0,"1993",3
"12308","293800",0,0,"1994",3
"12309","293800",0,0,"1995",3
"12310","293800",0,0,"1996",3
"12311","293800",0,0,"1997",3
"12312","293800",0,0,"1998",3
"12313","293800",0,0,"1999",3
"12314","293800",100,0,"2000",3
"12315","293800",0,0,"2001",3
"12316","293800",0,0,"2002",3
"12317","293800",0,0,"2003",3
"12318","293800",0,0,"2004",3
"12319","293800",0,0,"2005",3
"12320","293800",0,0,"2006",3
"12321","293800",0,0,"2007",3
"12322","293800",0,0,"2008",3
"12323","293800",0,0,"2009",3
"12324","293800",0,1,"2010",3
"12325","293800",0,1,"2011",3
"12401","302200",0,0,"1987",1
"12402","302200",0,0,"1988",1
"12403","302200",0,0,"1989",1
"12404","302200",0,0,"1990",1
"12405","302200",100,0,"1991",1
"12406","302200",0,0,"1992",1
"12407","302200",0,0,"1993",1
"12408","302200",0,0,"1994",1
"12409","302200",0,0,"1995",1
"12410","302200",0,0,"1996",1
"12411","302200",0,0,"1997",1
"12412","302200",0,0,"1998",1
"12413","302200",0,0,"1999",1
"12414","302200",0,0,"2000",1
"12415","302200",100,0,"2001",1
"12416","302200",0,0,"2002",1
"12417","302200",0,0,"2003",1
"12418","302200",0,0,"2004",1
"12419","302200",0,0,"2005",1
"12420","302200",0,0,"2006",1
"12421","302200",0,0,"2007",1
"12422","302200",0,0,"2008",1
"12423","302200",0,0,"2009",1
"12424","302200",0,0,"2010",1
"12425","302200",0,0,"2011",1
"12476","302800",0,0,"1987",17
"12477","302800",0,0,"1988",17
"12478","302800",0,0,"1989",17
"12479","302800",0,0,"1990",17
"12480","302800",100,0,"1991",17
"12481","302800",0,0,"1992",17
"12482","302800",0,0,"1993",17
"12483","302800",0,0,"1994",17
"12484","302800",0,0,"1995",17
"12485","302800",0,1,"1996",17
"12486","302800",0,1,"1997",17
"12487","302800",0,1,"1998",17
"12488","302800",0,1,"1999",17
"12489","302800",0,1,"2000",17
"12490","302800",0,1,"2001",17
"12491","302800",0,1,"2002",17
"12492","302800",0,1,"2003",17
"12493","302800",0,1,"2004",17
"12494","302800",0,1,"2005",17
"12495","302800",0,1,"2006",17
"12496","302800",0,1,"2007",17
"12497","302800",100,1,"2008",17
"12498","302800",0,1,"2009",17
"12499","302800",0,1,"2010",17
"12500","302800",0,1,"2011",17
"12526","303200",0,0,"1987",1
"12527","303200",0,0,"1988",1
"12528","303200",0,0,"1989",1
"12529","303200",0,0,"1990",1
"12530","303200",0,0,"1991",1
"12531","303200",0,0,"1992",1
"12532","303200",0,0,"1993",1
"12533","303200",0,0,"1994",1
"12534","303200",0,0,"1995",1
"12535","303200",0,0,"1996",1
"12536","303200",0,0,"1997",1
"12537","303200",0,0,"1998",1
"12538","303200",0,0,"1999",1
"12539","303200",0,0,"2000",1
"12540","303200",0,0,"2001",1
"12541","303200",0,0,"2002",1
"12542","303200",0,0,"2003",1
"12543","303200",0,0,"2004",1
"12544","303200",0,0,"2005",1
"12545","303200",0,0,"2006",1
"12546","303200",0,0,"2007",1
"12547","303200",0,0,"2008",1
"12548","303200",0,0,"2009",1
"12549","303200",0,0,"2010",1
"12550","303200",0,0,"2011",1
"12551","303400",0,0,"1987",17
"12552","303400",0,0,"1988",17
"12553","303400",0,0,"1989",17
"12554","303400",0,0,"1990",17
"12555","303400",0,0,"1991",17
"12556","303400",0,0,"1992",17
"12557","303400",0,0,"1993",17
"12558","303400",0,0,"1994",17
"12559","303400",0,0,"1995",17
"12560","303400",0,1,"1996",17
"12561","303400",0,1,"1997",17
"12562","303400",0,1,"1998",17
"12563","303400",0,1,"1999",17
"12564","303400",0,1,"2000",17
"12565","303400",0,1,"2001",17
"12566","303400",0,1,"2002",17
"12567","303400",0,1,"2003",17
"12568","303400",0,1,"2004",17
"12569","303400",0,1,"2005",17
"12570","303400",0,1,"2006",17
"12571","303400",0,1,"2007",17
"12572","303400",0,1,"2008",17
"12573","303400",0,1,"2009",17
"12574","303400",0,1,"2010",17
"12575","303400",0,1,"2011",17
"12601","303800",0,0,"1987",5
"12602","303800",0,0,"1988",5
"12603","303800",0,0,"1989",5
"12604","303800",0,0,"1990",5
"12605","303800",100,0,"1991",5
"12606","303800",0,0,"1992",5
"12607","303800",0,0,"1993",5
"12608","303800",0,0,"1994",5
"12609","303800",0,0,"1995",5
"12610","303800",0,0,"1996",5
"12611","303800",0,0,"1997",5
"12612","303800",0,0,"1998",5
"12613","303800",0,0,"1999",5
"12614","303800",0,0,"2000",5
"12615","303800",0,0,"2001",5
"12616","303800",0,0,"2002",5
"12617","303800",0,0,"2003",5
"12618","303800",0,0,"2004",5
"12619","303800",0,0,"2005",5
"12620","303800",0,0,"2006",5
"12621","303800",100,0,"2007",5
"12622","303800",0,1,"2008",5
"12623","303800",0,1,"2009",5
"12624","303800",100,1,"2010",5
"12625","303800",0,1,"2011",5
"12651","304200",0,0,"1987",1
"12652","304200",0,0,"1988",1
"12653","304200",0,0,"1989",1
"12654","304200",0,0,"1990",1
"12655","304200",0,0,"1991",1
"12656","304200",0,0,"1992",1
"12657","304200",0,0,"1993",1
"12658","304200",0,0,"1994",1
"12659","304200",0,0,"1995",1
"12660","304200",0,0,"1996",1
"12661","304200",0,0,"1997",1
"12662","304200",0,0,"1998",1
"12663","304200",0,0,"1999",1
"12664","304200",0,0,"2000",1
"12665","304200",0,0,"2001",1
"12666","304200",0,0,"2002",1
"12667","304200",0,0,"2003",1
"12668","304200",0,0,"2004",1
"12669","304200",0,0,"2005",1
"12670","304200",0,0,"2006",1
"12671","304200",0,0,"2007",1
"12672","304200",0,0,"2008",1
"12673","304200",0,0,"2009",1
"12674","304200",0,0,"2010",1
"12675","304200",0,0,"2011",1
"12676","304400",0,0,"1987",17
"12677","304400",0,0,"1988",17
"12678","304400",0,0,"1989",17
"12679","304400",0,0,"1990",17
"12680","304400",0,0,"1991",17
"12681","304400",0,0,"1992",17
"12682","304400",0,0,"1993",17
"12683","304400",0,0,"1994",17
"12684","304400",0,0,"1995",17
"12685","304400",100,1,"1996",17
"12686","304400",0,1,"1997",17
"12687","304400",0,1,"1998",17
"12688","304400",0,1,"1999",17
"12689","304400",0,1,"2000",17
"12690","304400",0,1,"2001",17
"12691","304400",0,1,"2002",17
"12692","304400",0,1,"2003",17
"12693","304400",0,1,"2004",17
"12694","304400",0,1,"2005",17
"12695","304400",0,1,"2006",17
"12696","304400",0,1,"2007",17
"12697","304400",0,1,"2008",17
"12698","304400",0,1,"2009",17
"12699","304400",0,1,"2010",17
"12700","304400",0,1,"2011",17
"12701","304600",0,0,"1987",1
"12702","304600",0,0,"1988",1
"12703","304600",0,0,"1989",1
"12704","304600",0,0,"1990",1
"12705","304600",100,0,"1991",1
"12706","304600",0,0,"1992",1
"12707","304600",0,0,"1993",1
"12708","304600",0,0,"1994",1
"12709","304600",0,0,"1995",1
"12710","304600",0,0,"1996",1
"12711","304600",0,0,"1997",1
"12712","304600",0,0,"1998",1
"12713","304600",0,0,"1999",1
"12714","304600",0,0,"2000",1
"12715","304600",0,0,"2001",1
"12716","304600",0,0,"2002",1
"12717","304600",0,0,"2003",1
"12718","304600",0,0,"2004",1
"12719","304600",0,0,"2005",1
"12720","304600",0,0,"2006",1
"12721","304600",0,0,"2007",1
"12722","304600",0,0,"2008",1
"12723","304600",0,0,"2009",1
"12724","304600",0,0,"2010",1
"12725","304600",0,0,"2011",1
"12726","304800",0,0,"1987",17
"12727","304800",0,0,"1988",17
"12728","304800",0,0,"1989",17
"12729","304800",0,0,"1990",17
"12730","304800",0,0,"1991",17
"12731","304800",0,0,"1992",17
"12732","304800",0,0,"1993",17
"12733","304800",0,0,"1994",17
"12734","304800",100,0,"1995",17
"12735","304800",0,1,"1996",17
"12736","304800",0,1,"1997",17
"12737","304800",0,1,"1998",17
"12738","304800",0,1,"1999",17
"12739","304800",0,1,"2000",17
"12740","304800",100,1,"2001",17
"12741","304800",100,1,"2002",17
"12742","304800",100,1,"2003",17
"12743","304800",100,1,"2004",17
"12744","304800",0,1,"2005",17
"12745","304800",0,1,"2006",17
"12746","304800",0,1,"2007",17
"12747","304800",0,1,"2008",17
"12748","304800",0,1,"2009",17
"12749","304800",0,1,"2010",17
"12750","304800",0,1,"2011",17
"12751","305000",0,0,"1987",23
"12752","305000",0,0,"1988",23
"12753","305000",0,0,"1989",23
"12754","305000",0,1,"1990",23
"12755","305000",100,1,"1991",23
"12756","305000",0,1,"1992",23
"12757","305000",0,1,"1993",23
"12758","305000",100,1,"1994",23
"12759","305000",0,1,"1995",23
"12760","305000",0,1,"1996",23
"12761","305000",0,1,"1997",23
"12762","305000",0,1,"1998",23
"12763","305000",0,1,"1999",23
"12764","305000",0,1,"2000",23
"12765","305000",0,1,"2001",23
"12766","305000",0,1,"2002",23
"12767","305000",0,1,"2003",23
"12768","305000",0,1,"2004",23
"12769","305000",100,1,"2005",23
"12770","305000",0,1,"2006",23
"12771","305000",0,1,"2007",23
"12772","305000",0,1,"2008",23
"12773","305000",0,1,"2009",23
"12774","305000",0,1,"2010",23
"12775","305000",100,1,"2011",23
"12801","305400",0,0,"1987",1
"12802","305400",0,0,"1988",1
"12803","305400",0,0,"1989",1
"12804","305400",0,0,"1990",1
"12805","305400",100,0,"1991",1
"12806","305400",0,0,"1992",1
"12807","305400",0,0,"1993",1
"12808","305400",0,0,"1994",1
"12809","305400",0,0,"1995",1
"12810","305400",0,0,"1996",1
"12811","305400",0,0,"1997",1
"12812","305400",0,0,"1998",1
"12813","305400",0,0,"1999",1
"12814","305400",0,0,"2000",1
"12815","305400",0,0,"2001",1
"12816","305400",0,0,"2002",1
"12817","305400",0,0,"2003",1
"12818","305400",0,0,"2004",1
"12819","305400",0,0,"2005",1
"12820","305400",0,0,"2006",1
"12821","305400",0,0,"2007",1
"12822","305400",0,0,"2008",1
"12823","305400",0,0,"2009",1
"12824","305400",0,0,"2010",1
"12825","305400",0,0,"2011",1
"12826","305600",0,0,"1987",17
"12827","305600",0,0,"1988",17
"12828","305600",0,0,"1989",17
"12829","305600",0,0,"1990",17
"12830","305600",100,0,"1991",17
"12831","305600",0,0,"1992",17
"12832","305600",0,0,"1993",17
"12833","305600",0,0,"1994",17
"12834","305600",0,0,"1995",17
"12835","305600",0,1,"1996",17
"12836","305600",0,1,"1997",17
"12837","305600",0,1,"1998",17
"12838","305600",0,1,"1999",17
"12839","305600",0,1,"2000",17
"12840","305600",100,1,"2001",17
"12841","305600",100,1,"2002",17
"12842","305600",100,1,"2003",17
"12843","305600",100,1,"2004",17
"12844","305600",100,1,"2005",17
"12845","305600",100,1,"2006",17
"12846","305600",100,1,"2007",17
"12847","305600",100,1,"2008",17
"12848","305600",0,1,"2009",17
"12849","305600",0,1,"2010",17
"12850","305600",0,1,"2011",17
"12851","305800",100,0,"1987",12
"12852","305800",0,0,"1988",12
"12853","305800",0,0,"1989",12
"12854","305800",0,0,"1990",12
"12855","305800",0,0,"1991",12
"12856","305800",0,0,"1992",12
"12857","305800",0,0,"1993",12
"12858","305800",0,0,"1994",12
"12859","305800",0,0,"1995",12
"12860","305800",0,0,"1996",12
"12861","305800",0,0,"1997",12
"12862","305800",0,0,"1998",12
"12863","305800",0,0,"1999",12
"12864","305800",0,0,"2000",12
"12865","305800",0,1,"2001",12
"12866","305800",0,1,"2002",12
"12867","305800",100,1,"2003",12
"12868","305800",0,1,"2004",12
"12869","305800",0,1,"2005",12
"12870","305800",0,1,"2006",12
"12871","305800",0,1,"2007",12
"12872","305800",0,1,"2008",12
"12873","305800",0,1,"2009",12
"12874","305800",0,1,"2010",12
"12875","305800",0,1,"2011",12
"12876","306000",0,0,"1987",1
"12877","306000",0,0,"1988",1
"12878","306000",0,0,"1989",1
"12879","306000",0,0,"1990",1
"12880","306000",100,0,"1991",1
"12881","306000",0,0,"1992",1
"12882","306000",0,0,"1993",1
"12883","306000",0,0,"1994",1
"12884","306000",0,0,"1995",1
"12885","306000",0,0,"1996",1
"12886","306000",0,0,"1997",1
"12887","306000",0,0,"1998",1
"12888","306000",0,0,"1999",1
"12889","306000",0,0,"2000",1
"12890","306000",0,0,"2001",1
"12891","306000",0,0,"2002",1
"12892","306000",0,0,"2003",1
"12893","306000",0,0,"2004",1
"12894","306000",0,0,"2005",1
"12895","306000",0,0,"2006",1
"12896","306000",0,0,"2007",1
"12897","306000",0,0,"2008",1
"12898","306000",0,0,"2009",1
"12899","306000",0,0,"2010",1
"12900","306000",0,0,"2011",1
"12901","306200",0,0,"1987",12
"12902","306200",0,0,"1988",12
"12903","306200",0,0,"1989",12
"12904","306200",0,0,"1990",12
"12905","306200",100,0,"1991",12
"12906","306200",0,0,"1992",12
"12907","306200",0,0,"1993",12
"12908","306200",0,0,"1994",12
"12909","306200",0,0,"1995",12
"12910","306200",0,0,"1996",12
"12911","306200",0,0,"1997",12
"12912","306200",0,0,"1998",12
"12913","306200",0,0,"1999",12
"12914","306200",0,0,"2000",12
"12915","306200",0,1,"2001",12
"12916","306200",0,1,"2002",12
"12917","306200",0,1,"2003",12
"12918","306200",0,1,"2004",12
"12919","306200",0,1,"2005",12
"12920","306200",0,1,"2006",12
"12921","306200",0,1,"2007",12
"12922","306200",0,1,"2008",12
"12923","306200",0,1,"2009",12
"12924","306200",0,1,"2010",12
"12925","306200",0,1,"2011",12
"12951","306600",0,0,"1987",1
"12952","306600",0,0,"1988",1
"12953","306600",0,0,"1989",1
"12954","306600",100,0,"1990",1
"12955","306600",0,0,"1991",1
"12956","306600",0,0,"1992",1
"12957","306600",0,0,"1993",1
"12958","306600",0,0,"1994",1
"12959","306600",0,0,"1995",1
"12960","306600",0,0,"1996",1
"12961","306600",0,0,"1997",1
"12962","306600",0,0,"1998",1
"12963","306600",0,0,"1999",1
"12964","306600",0,0,"2000",1
"12965","306600",0,0,"2001",1
"12966","306600",0,0,"2002",1
"12967","306600",0,0,"2003",1
"12968","306600",0,0,"2004",1
"12969","306600",0,0,"2005",1
"12970","306600",0,0,"2006",1
"12971","306600",0,0,"2007",1
"12972","306600",0,0,"2008",1
"12973","306600",0,0,"2009",1
"12974","306600",0,0,"2010",1
"12975","306600",0,0,"2011",1
"12976","306800",0,0,"1987",17
"12977","306800",0,0,"1988",17
"12978","306800",0,0,"1989",17
"12979","306800",0,0,"1990",17
"12980","306800",0,0,"1991",17
"12981","306800",100,0,"1992",17
"12982","306800",0,0,"1993",17
"12983","306800",0,0,"1994",17
"12984","306800",0,0,"1995",17
"12985","306800",0,1,"1996",17
"12986","306800",0,1,"1997",17
"12987","306800",0,1,"1998",17
"12988","306800",0,1,"1999",17
"12989","306800",0,1,"2000",17
"12990","306800",0,1,"2001",17
"12991","306800",0,1,"2002",17
"12992","306800",0,1,"2003",17
"12993","306800",0,1,"2004",17
"12994","306800",0,1,"2005",17
"12995","306800",0,1,"2006",17
"12996","306800",0,1,"2007",17
"12997","306800",0,1,"2008",17
"12998","306800",0,1,"2009",17
"12999","306800",0,1,"2010",17
"13000","306800",0,1,"2011",17
"13001","307000",0,0,"1987",17
"13002","307000",0,0,"1988",17
"13003","307000",0,0,"1989",17
"13004","307000",0,0,"1990",17
"13005","307000",0,0,"1991",17
"13006","307000",0,0,"1992",17
"13007","307000",0,0,"1993",17
"13008","307000",0,0,"1994",17
"13009","307000",100,0,"1995",17
"13010","307000",0,1,"1996",17
"13011","307000",0,1,"1997",17
"13012","307000",0,1,"1998",17
"13013","307000",0,1,"1999",17
"13014","307000",0,1,"2000",17
"13015","307000",0,1,"2001",17
"13016","307000",0,1,"2002",17
"13017","307000",0,1,"2003",17
"13018","307000",0,1,"2004",17
"13019","307000",0,1,"2005",17
"13020","307000",0,1,"2006",17
"13021","307000",0,1,"2007",17
"13022","307000",0,1,"2008",17
"13023","307000",0,1,"2009",17
"13024","307000",0,1,"2010",17
"13025","307000",0,1,"2011",17
"13026","312000",0,0,"1987",15
"13027","312000",0,0,"1988",15
"13028","312000",0,0,"1989",15
"13029","312000",0,0,"1990",15
"13030","312000",0,0,"1991",15
"13031","312000",0,0,"1992",15
"13032","312000",0,0,"1993",15
"13033","312000",100,0,"1994",15
"13034","312000",0,0,"1995",15
"13035","312000",0,0,"1996",15
"13036","312000",0,0,"1997",15
"13037","312000",0,1,"1998",15
"13038","312000",0,1,"1999",15
"13039","312000",0,1,"2000",15
"13040","312000",0,1,"2001",15
"13041","312000",0,1,"2002",15
"13042","312000",0,1,"2003",15
"13043","312000",0,1,"2004",15
"13044","312000",0,1,"2005",15
"13045","312000",100,1,"2006",15
"13046","312000",100,1,"2007",15
"13047","312000",100,1,"2008",15
"13048","312000",100,1,"2009",15
"13049","312000",100,1,"2010",15
"13050","312000",100,1,"2011",15
"13151","313000",0,0,"1987",23
"13152","313000",0,0,"1988",23
"13153","313000",0,0,"1989",23
"13154","313000",0,1,"1990",23
"13155","313000",0,1,"1991",23
"13156","313000",100,1,"1992",23
"13157","313000",0,1,"1993",23
"13158","313000",0,1,"1994",23
"13159","313000",0,1,"1995",23
"13160","313000",100,1,"1996",23
"13161","313000",0,1,"1997",23
"13162","313000",0,1,"1998",23
"13163","313000",0,1,"1999",23
"13164","313000",0,1,"2000",23
"13165","313000",0,1,"2001",23
"13166","313000",100,1,"2002",23
"13167","313000",0,1,"2003",23
"13168","313000",0,1,"2004",23
"13169","313000",100,1,"2005",23
"13170","313000",0,1,"2006",23
"13171","313000",0,1,"2007",23
"13172","313000",0,1,"2008",23
"13173","313000",0,1,"2009",23
"13174","313000",0,1,"2010",23
"13175","313000",0,1,"2011",23
"13201","313400",0,0,"1987",1
"13202","313400",0,0,"1988",1
"13203","313400",0,0,"1989",1
"13204","313400",0,0,"1990",1
"13205","313400",0,0,"1991",1
"13206","313400",0,0,"1992",1
"13207","313400",100,0,"1993",1
"13208","313400",0,0,"1994",1
"13209","313400",0,0,"1995",1
"13210","313400",0,0,"1996",1
"13211","313400",0,0,"1997",1
"13212","313400",0,0,"1998",1
"13213","313400",100,0,"1999",1
"13214","313400",0,0,"2000",1
"13215","313400",0,0,"2001",1
"13216","313400",0,0,"2002",1
"13217","313400",100,0,"2003",1
"13218","313400",0,0,"2004",1
"13219","313400",0,0,"2005",1
"13220","313400",100,0,"2006",1
"13221","313400",0,0,"2007",1
"13222","313400",0,0,"2008",1
"13223","313400",0,0,"2009",1
"13224","313400",0,0,"2010",1
"13225","313400",0,0,"2011",1
"13326","314400",0,0,"1987",1
"13327","314400",0,0,"1988",1
"13328","314400",0,0,"1989",1
"13329","314400",0,0,"1990",1
"13330","314400",0,0,"1991",1
"13331","314400",0,0,"1992",1
"13332","314400",0,0,"1993",1
"13333","314400",0,0,"1994",1
"13334","314400",0,0,"1995",1
"13335","314400",0,0,"1996",1
"13336","314400",0,0,"1997",1
"13337","314400",0,0,"1998",1
"13338","314400",0,0,"1999",1
"13339","314400",0,0,"2000",1
"13340","314400",0,0,"2001",1
"13341","314400",0,0,"2002",1
"13342","314400",0,0,"2003",1
"13343","314400",0,0,"2004",1
"13344","314400",0,0,"2005",1
"13345","314400",0,0,"2006",1
"13346","314400",0,0,"2007",1
"13347","314400",0,0,"2008",1
"13348","314400",0,0,"2009",1
"13349","314400",0,0,"2010",1
"13350","314400",0,0,"2011",1
"13401","315000",0,0,"1987",5
"13402","315000",0,0,"1988",5
"13403","315000",0,0,"1989",5
"13404","315000",0,0,"1990",5
"13405","315000",0,0,"1991",5
"13406","315000",100,0,"1992",5
"13407","315000",0,0,"1993",5
"13408","315000",0,0,"1994",5
"13409","315000",0,0,"1995",5
"13410","315000",0,0,"1996",5
"13411","315000",0,0,"1997",5
"13412","315000",100,0,"1998",5
"13413","315000",0,0,"1999",5
"13414","315000",0,0,"2000",5
"13415","315000",0,0,"2001",5
"13416","315000",100,0,"2002",5
"13417","315000",0,0,"2003",5
"13418","315000",0,0,"2004",5
"13419","315000",0,0,"2005",5
"13420","315000",100,0,"2006",5
"13421","315000",0,0,"2007",5
"13422","315000",0,1,"2008",5
"13423","315000",100,1,"2009",5
"13424","315000",100,1,"2010",5
"13425","315000",100,1,"2011",5
"13426","315200",0,0,"1987",15
"13427","315200",0,0,"1988",15
"13428","315200",0,0,"1989",15
"13429","315200",0,0,"1990",15
"13430","315200",0,0,"1991",15
"13431","315200",0,0,"1992",15
"13432","315200",0,0,"1993",15
"13433","315200",0,0,"1994",15
"13434","315200",0,0,"1995",15
"13435","315200",0,0,"1996",15
"13436","315200",100,0,"1997",15
"13437","315200",0,1,"1998",15
"13438","315200",0,1,"1999",15
"13439","315200",0,1,"2000",15
"13440","315200",0,1,"2001",15
"13441","315200",0,1,"2002",15
"13442","315200",100,1,"2003",15
"13443","315200",0,1,"2004",15
"13444","315200",0,1,"2005",15
"13445","315200",0,1,"2006",15
"13446","315200",0,1,"2007",15
"13447","315200",0,1,"2008",15
"13448","315200",100,1,"2009",15
"13449","315200",0,1,"2010",15
"13450","315200",0,1,"2011",15
"13451","315400",0,0,"1987",23
"13452","315400",0,0,"1988",23
"13453","315400",0,0,"1989",23
"13454","315400",0,1,"1990",23
"13455","315400",0,1,"1991",23
"13456","315400",0,1,"1992",23
"13457","315400",0,1,"1993",23
"13458","315400",0,1,"1994",23
"13459","315400",0,1,"1995",23
"13460","315400",0,1,"1996",23
"13461","315400",0,1,"1997",23
"13462","315400",100,1,"1998",23
"13463","315400",0,1,"1999",23
"13464","315400",0,1,"2000",23
"13465","315400",0,1,"2001",23
"13466","315400",0,1,"2002",23
"13467","315400",0,1,"2003",23
"13468","315400",100,1,"2004",23
"13469","315400",0,1,"2005",23
"13470","315400",0,1,"2006",23
"13471","315400",0,1,"2007",23
"13472","315400",100,1,"2008",23
"13473","315400",0,1,"2009",23
"13474","315400",0,1,"2010",23
"13475","315400",0,1,"2011",23
"13501","322000",0,0,"1987",18
"13502","322000",0,0,"1988",18
"13503","322000",0,0,"1989",18
"13504","322000",0,0,"1990",18
"13505","322000",0,0,"1991",18
"13506","322000",0,0,"1992",18
"13507","322000",0,0,"1993",18
"13508","322000",0,0,"1994",18
"13509","322000",0,1,"1995",18
"13510","322000",100,1,"1996",18
"13511","322000",0,1,"1997",18
"13512","322000",0,1,"1998",18
"13513","322000",100,1,"1999",18
"13514","322000",0,1,"2000",18
"13515","322000",0,1,"2001",18
"13516","322000",100,1,"2002",18
"13517","322000",0,1,"2003",18
"13518","322000",0,1,"2004",18
"13519","322000",100,1,"2005",18
"13520","322000",0,1,"2006",18
"13521","322000",0,1,"2007",18
"13522","322000",100,1,"2008",18
"13523","322000",0,1,"2009",18
"13524","322000",0,1,"2010",18
"13525","322000",100,1,"2011",18
"13526","322200",0,0,"1987",16
"13527","322200",0,0,"1988",16
"13528","322200",0,0,"1989",16
"13529","322200",0,0,"1990",16
"13530","322200",0,0,"1991",16
"13531","322200",0,0,"1992",16
"13532","322200",0,0,"1993",16
"13533","322200",0,0,"1994",16
"13534","322200",0,0,"1995",16
"13535","322200",0,0,"1996",16
"13536","322200",0,1,"1997",16
"13537","322200",0,1,"1998",16
"13538","322200",100,1,"1999",16
"13539","322200",0,1,"2000",16
"13540","322200",0,1,"2001",16
"13541","322200",0,1,"2002",16
"13542","322200",100,1,"2003",16
"13543","322200",0,1,"2004",16
"13544","322200",0,1,"2005",16
"13545","322200",100,1,"2006",16
"13546","322200",0,1,"2007",16
"13547","322200",0,1,"2008",16
"13548","322200",100,1,"2009",16
"13549","322200",0,1,"2010",16
"13550","322200",0,1,"2011",16
"13551","322400",0,0,"1987",21
"13552","322400",0,0,"1988",21
"13553","322400",0,0,"1989",21
"13554","322400",0,0,"1990",21
"13555","322400",0,0,"1991",21
"13556","322400",0,1,"1992",21
"13557","322400",0,1,"1993",21
"13558","322400",0,1,"1994",21
"13559","322400",100,1,"1995",21
"13560","322400",0,1,"1996",21
"13561","322400",0,1,"1997",21
"13562","322400",100,1,"1998",21
"13563","322400",0,1,"1999",21
"13564","322400",0,1,"2000",21
"13565","322400",0,1,"2001",21
"13566","322400",100,1,"2002",21
"13567","322400",0,1,"2003",21
"13568","322400",0,1,"2004",21
"13569","322400",100,1,"2005",21
"13570","322400",100,1,"2006",21
"13571","322400",100,1,"2007",21
"13572","322400",100,1,"2008",21
"13573","322400",100,1,"2009",21
"13574","322400",100,1,"2010",21
"13575","322400",0,1,"2011",21
"13576","322600",0,0,"1987",11
"13577","322600",0,0,"1988",11
"13578","322600",0,0,"1989",11
"13579","322600",0,0,"1990",11
"13580","322600",0,0,"1991",11
"13581","322600",0,0,"1992",11
"13582","322600",0,0,"1993",11
"13583","322600",0,0,"1994",11
"13584","322600",0,0,"1995",11
"13585","322600",0,0,"1996",11
"13586","322600",100,0,"1997",11
"13587","322600",0,0,"1998",11
"13588","322600",0,0,"1999",11
"13589","322600",100,0,"2000",11
"13590","322600",0,0,"2001",11
"13591","322600",0,1,"2002",11
"13592","322600",100,1,"2003",11
"13593","322600",0,1,"2004",11
"13594","322600",0,1,"2005",11
"13595","322600",100,1,"2006",11
"13596","322600",100,1,"2007",11
"13597","322600",100,1,"2008",11
"13598","322600",100,1,"2009",11
"13599","322600",100,1,"2010",11
"13600","322600",100,1,"2011",11
"13601","322800",0,0,"1987",18
"13602","322800",0,0,"1988",18
"13603","322800",0,0,"1989",18
"13604","322800",0,0,"1990",18
"13605","322800",0,0,"1991",18
"13606","322800",0,0,"1992",18
"13607","322800",0,0,"1993",18
"13608","322800",0,0,"1994",18
"13609","322800",0,1,"1995",18
"13610","322800",100,1,"1996",18
"13611","322800",0,1,"1997",18
"13612","322800",0,1,"1998",18
"13613","322800",100,1,"1999",18
"13614","322800",100,1,"2000",18
"13615","322800",100,1,"2001",18
"13616","322800",100,1,"2002",18
"13617","322800",100,1,"2003",18
"13618","322800",100,1,"2004",18
"13619","322800",100,1,"2005",18
"13620","322800",100,1,"2006",18
"13621","322800",100,1,"2007",18
"13622","322800",100,1,"2008",18
"13623","322800",100,1,"2009",18
"13624","322800",100,1,"2010",18
"13625","322800",100,1,"2011",18
"13626","323000",0,0,"1987",18
"13627","323000",0,0,"1988",18
"13628","323000",0,0,"1989",18
"13629","323000",0,0,"1990",18
"13630","323000",100,0,"1991",18
"13631","323000",0,0,"1992",18
"13632","323000",0,0,"1993",18
"13633","323000",0,0,"1994",18
"13634","323000",0,1,"1995",18
"13635","323000",0,1,"1996",18
"13636","323000",100,1,"1997",18
"13637","323000",0,1,"1998",18
"13638","323000",0,1,"1999",18
"13639","323000",100,1,"2000",18
"13640","323000",0,1,"2001",18
"13641","323000",100,1,"2002",18
"13642","323000",100,1,"2003",18
"13643","323000",100,1,"2004",18
"13644","323000",0,1,"2005",18
"13645","323000",0,1,"2006",18
"13646","323000",100,1,"2007",18
"13647","323000",0,1,"2008",18
"13648","323000",0,1,"2009",18
"13649","323000",0,1,"2010",18
"13650","323000",0,1,"2011",18
"13651","323200",0,0,"1987",20
"13652","323200",0,0,"1988",20
"13653","323200",0,0,"1989",20
"13654","323200",0,0,"1990",20
"13655","323200",0,0,"1991",20
"13656","323200",0,0,"1992",20
"13657","323200",0,1,"1993",20
"13658","323200",0,1,"1994",20
"13659","323200",0,1,"1995",20
"13660","323200",0,1,"1996",20
"13661","323200",100,1,"1997",20
"13662","323200",0,1,"1998",20
"13663","323200",0,1,"1999",20
"13664","323200",100,1,"2000",20
"13665","323200",100,1,"2001",20
"13666","323200",100,1,"2002",20
"13667","323200",100,1,"2003",20
"13668","323200",100,1,"2004",20
"13669","323200",100,1,"2005",20
"13670","323200",100,1,"2006",20
"13671","323200",100,1,"2007",20
"13672","323200",100,1,"2008",20
"13673","323200",100,1,"2009",20
"13674","323200",100,1,"2010",20
"13675","323200",100,1,"2011",20
"13676","323400",0,0,"1987",18
"13677","323400",0,0,"1988",18
"13678","323400",0,0,"1989",18
"13679","323400",0,0,"1990",18
"13680","323400",0,0,"1991",18
"13681","323400",0,0,"1992",18
"13682","323400",0,0,"1993",18
"13683","323400",0,0,"1994",18
"13684","323400",100,1,"1995",18
"13685","323400",0,1,"1996",18
"13686","323400",0,1,"1997",18
"13687","323400",0,1,"1998",18
"13688","323400",100,1,"1999",18
"13689","323400",0,1,"2000",18
"13690","323400",0,1,"2001",18
"13691","323400",0,1,"2002",18
"13692","323400",100,1,"2003",18
"13693","323400",0,1,"2004",18
"13694","323400",0,1,"2005",18
"13695","323400",100,1,"2006",18
"13696","323400",0,1,"2007",18
"13697","323400",0,1,"2008",18
"13698","323400",100,1,"2009",18
"13699","323400",0,1,"2010",18
"13700","323400",0,1,"2011",18
"13726","323800",0,0,"1987",7
"13727","323800",0,0,"1988",7
"13728","323800",0,0,"1989",7
"13729","323800",0,0,"1990",7
"13730","323800",0,0,"1991",7
"13731","323800",0,0,"1992",7
"13732","323800",0,0,"1993",7
"13733","323800",0,0,"1994",7
"13734","323800",100,0,"1995",7
"13735","323800",0,0,"1996",7
"13736","323800",0,0,"1997",7
"13737","323800",100,0,"1998",7
"13738","323800",0,0,"1999",7
"13739","323800",0,0,"2000",7
"13740","323800",100,0,"2001",7
"13741","323800",0,0,"2002",7
"13742","323800",100,0,"2003",7
"13743","323800",100,0,"2004",7
"13744","323800",0,0,"2005",7
"13745","323800",100,1,"2006",7
"13746","323800",0,1,"2007",7
"13747","323800",0,1,"2008",7
"13748","323800",100,1,"2009",7
"13749","323800",0,1,"2010",7
"13750","323800",0,1,"2011",7
"13751","324000",0,0,"1987",12
"13752","324000",0,0,"1988",12
"13753","324000",0,0,"1989",12
"13754","324000",0,0,"1990",12
"13755","324000",0,0,"1991",12
"13756","324000",0,0,"1992",12
"13757","324000",0,0,"1993",12
"13758","324000",0,0,"1994",12
"13759","324000",100,0,"1995",12
"13760","324000",0,0,"1996",12
"13761","324000",0,0,"1997",12
"13762","324000",100,0,"1998",12
"13763","324000",0,0,"1999",12
"13764","324000",0,0,"2000",12
"13765","324000",100,1,"2001",12
"13766","324000",0,1,"2002",12
"13767","324000",100,1,"2003",12
"13768","324000",100,1,"2004",12
"13769","324000",100,1,"2005",12
"13770","324000",100,1,"2006",12
"13771","324000",100,1,"2007",12
"13772","324000",100,1,"2008",12
"13773","324000",100,1,"2009",12
"13774","324000",100,1,"2010",12
"13775","324000",100,1,"2011",12
"13776","324200",0,0,"1987",17
"13777","324200",0,0,"1988",17
"13778","324200",0,0,"1989",17
"13779","324200",0,0,"1990",17
"13780","324200",0,0,"1991",17
"13781","324200",0,0,"1992",17
"13782","324200",0,0,"1993",17
"13783","324200",0,0,"1994",17
"13784","324200",0,0,"1995",17
"13785","324200",0,1,"1996",17
"13786","324200",100,1,"1997",17
"13787","324200",0,1,"1998",17
"13788","324200",0,1,"1999",17
"13789","324200",0,1,"2000",17
"13790","324200",0,1,"2001",17
"13791","324200",0,1,"2002",17
"13792","324200",100,1,"2003",17
"13793","324200",0,1,"2004",17
"13794","324200",0,1,"2005",17
"13795","324200",0,1,"2006",17
"13796","324200",100,1,"2007",17
"13797","324200",0,1,"2008",17
"13798","324200",100,1,"2009",17
"13799","324200",100,1,"2010",17
"13800","324200",100,1,"2011",17
"13801","324400",0,0,"1987",18
"13802","324400",0,0,"1988",18
"13803","324400",0,0,"1989",18
"13804","324400",0,0,"1990",18
"13805","324400",0,0,"1991",18
"13806","324400",0,0,"1992",18
"13807","324400",0,0,"1993",18
"13808","324400",0,0,"1994",18
"13809","324400",0,1,"1995",18
"13810","324400",0,1,"1996",18
"13811","324400",0,1,"1997",18
"13812","324400",0,1,"1998",18
"13813","324400",100,1,"1999",18
"13814","324400",100,1,"2000",18
"13815","324400",100,1,"2001",18
"13816","324400",100,1,"2002",18
"13817","324400",100,1,"2003",18
"13818","324400",100,1,"2004",18
"13819","324400",100,1,"2005",18
"13820","324400",100,1,"2006",18
"13821","324400",100,1,"2007",18
"13822","324400",100,1,"2008",18
"13823","324400",100,1,"2009",18
"13824","324400",100,1,"2010",18
"13825","324400",100,1,"2011",18
"13826","324600",0,0,"1987",18
"13827","324600",0,0,"1988",18
"13828","324600",0,0,"1989",18
"13829","324600",0,0,"1990",18
"13830","324600",0,0,"1991",18
"13831","324600",0,0,"1992",18
"13832","324600",0,0,"1993",18
"13833","324600",0,0,"1994",18
"13834","324600",0,1,"1995",18
"13835","324600",0,1,"1996",18
"13836","324600",100,1,"1997",18
"13837","324600",0,1,"1998",18
"13838","324600",0,1,"1999",18
"13839","324600",0,1,"2000",18
"13840","324600",0,1,"2001",18
"13841","324600",0,1,"2002",18
"13842","324600",0,1,"2003",18
"13843","324600",0,1,"2004",18
"13844","324600",100,1,"2005",18
"13845","324600",0,1,"2006",18
"13846","324600",0,1,"2007",18
"13847","324600",100,1,"2008",18
"13848","324600",0,1,"2009",18
"13849","324600",0,1,"2010",18
"13850","324600",100,1,"2011",18
"13851","324800",0,0,"1987",16
"13852","324800",0,0,"1988",16
"13853","324800",0,0,"1989",16
"13854","324800",0,0,"1990",16
"13855","324800",0,0,"1991",16
"13856","324800",0,0,"1992",16
"13857","324800",0,0,"1993",16
"13858","324800",0,0,"1994",16
"13859","324800",0,0,"1995",16
"13860","324800",100,0,"1996",16
"13861","324800",0,1,"1997",16
"13862","324800",0,1,"1998",16
"13863","324800",100,1,"1999",16
"13864","324800",100,1,"2000",16
"13865","324800",100,1,"2001",16
"13866","324800",100,1,"2002",16
"13867","324800",100,1,"2003",16
"13868","324800",100,1,"2004",16
"13869","324800",100,1,"2005",16
"13870","324800",100,1,"2006",16
"13871","324800",100,1,"2007",16
"13872","324800",100,1,"2008",16
"13873","324800",100,1,"2009",16
"13874","324800",100,1,"2010",16
"13875","324800",0,1,"2011",16
"13876","325000",0,0,"1987",3
"13877","325000",0,0,"1988",3
"13878","325000",0,0,"1989",3
"13879","325000",0,0,"1990",3
"13880","325000",0,0,"1991",3
"13881","325000",0,0,"1992",3
"13882","325000",0,0,"1993",3
"13883","325000",0,0,"1994",3
"13884","325000",0,0,"1995",3
"13885","325000",0,0,"1996",3
"13886","325000",100,0,"1997",3
"13887","325000",0,0,"1998",3
"13888","325000",0,0,"1999",3
"13889","325000",100,0,"2000",3
"13890","325000",0,0,"2001",3
"13891","325000",0,0,"2002",3
"13892","325000",100,0,"2003",3
"13893","325000",0,0,"2004",3
"13894","325000",0,0,"2005",3
"13895","325000",100,0,"2006",3
"13896","325000",0,0,"2007",3
"13897","325000",0,0,"2008",3
"13898","325000",100,0,"2009",3
"13899","325000",0,1,"2010",3
"13900","325000",0,1,"2011",3
"13976","332600",0,0,"1987",1
"13977","332600",0,0,"1988",1
"13978","332600",0,0,"1989",1
"13979","332600",0,0,"1990",1
"13980","332600",0,0,"1991",1
"13981","332600",0,0,"1992",1
"13982","332600",0,0,"1993",1
"13983","332600",0,0,"1994",1
"13984","332600",0,0,"1995",1
"13985","332600",0,0,"1996",1
"13986","332600",0,0,"1997",1
"13987","332600",0,0,"1998",1
"13988","332600",0,0,"1999",1
"13989","332600",0,0,"2000",1
"13990","332600",0,0,"2001",1
"13991","332600",0,0,"2002",1
"13992","332600",0,0,"2003",1
"13993","332600",0,0,"2004",1
"13994","332600",0,0,"2005",1
"13995","332600",0,0,"2006",1
"13996","332600",0,0,"2007",1
"13997","332600",0,0,"2008",1
"13998","332600",0,0,"2009",1
"13999","332600",0,0,"2010",1
"14000","332600",0,0,"2011",1
"14201","334400",0,0,"1987",23
"14202","334400",0,0,"1988",23
"14203","334400",100,0,"1989",23
"14204","334400",0,1,"1990",23
"14205","334400",0,1,"1991",23
"14206","334400",0,1,"1992",23
"14207","334400",0,1,"1993",23
"14208","334400",0,1,"1994",23
"14209","334400",0,1,"1995",23
"14210","334400",0,1,"1996",23
"14211","334400",0,1,"1997",23
"14212","334400",100,1,"1998",23
"14213","334400",0,1,"1999",23
"14214","334400",0,1,"2000",23
"14215","334400",0,1,"2001",23
"14216","334400",0,1,"2002",23
"14217","334400",0,1,"2003",23
"14218","334400",0,1,"2004",23
"14219","334400",0,1,"2005",23
"14220","334400",0,1,"2006",23
"14221","334400",0,1,"2007",23
"14222","334400",0,1,"2008",23
"14223","334400",0,1,"2009",23
"14224","334400",0,1,"2010",23
"14225","334400",0,1,"2011",23
"14351","335600",0,0,"1987",14
"14352","335600",0,0,"1988",14
"14353","335600",0,0,"1989",14
"14354","335600",0,0,"1990",14
"14355","335600",0,0,"1991",14
"14356","335600",0,0,"1992",14
"14357","335600",0,0,"1993",14
"14358","335600",0,0,"1994",14
"14359","335600",0,0,"1995",14
"14360","335600",0,0,"1996",14
"14361","335600",0,0,"1997",14
"14362","335600",0,0,"1998",14
"14363","335600",0,1,"1999",14
"14364","335600",0,1,"2000",14
"14365","335600",100,1,"2001",14
"14366","335600",100,1,"2002",14
"14367","335600",0,1,"2003",14
"14368","335600",0,1,"2004",14
"14369","335600",0,1,"2005",14
"14370","335600",0,1,"2006",14
"14371","335600",0,1,"2007",14
"14372","335600",0,1,"2008",14
"14373","335600",0,1,"2009",14
"14374","335600",0,1,"2010",14
"14375","335600",0,1,"2011",14
"14451","342400",0,0,"1987",23
"14452","342400",0,0,"1988",23
"14453","342400",100,0,"1989",23
"14454","342400",0,1,"1990",23
"14455","342400",0,1,"1991",23
"14456","342400",100,1,"1992",23
"14457","342400",0,1,"1993",23
"14458","342400",0,1,"1994",23
"14459","342400",0,1,"1995",23
"14460","342400",0,1,"1996",23
"14461","342400",100,1,"1997",23
"14462","342400",0,1,"1998",23
"14463","342400",0,1,"1999",23
"14464","342400",0,1,"2000",23
"14465","342400",100,1,"2001",23
"14466","342400",0,1,"2002",23
"14467","342400",0,1,"2003",23
"14468","342400",100,1,"2004",23
"14469","342400",0,1,"2005",23
"14470","342400",0,1,"2006",23
"14471","342400",100,1,"2007",23
"14472","342400",0,1,"2008",23
"14473","342400",0,1,"2009",23
"14474","342400",100,1,"2010",23
"14475","342400",0,1,"2011",23
"14501","342800",0,0,"1987",14
"14502","342800",100,0,"1988",14
"14503","342800",0,0,"1989",14
"14504","342800",0,0,"1990",14
"14505","342800",0,0,"1991",14
"14506","342800",0,0,"1992",14
"14507","342800",0,0,"1993",14
"14508","342800",0,0,"1994",14
"14509","342800",0,0,"1995",14
"14510","342800",0,0,"1996",14
"14511","342800",100,0,"1997",14
"14512","342800",0,0,"1998",14
"14513","342800",0,1,"1999",14
"14514","342800",0,1,"2000",14
"14515","342800",100,1,"2001",14
"14516","342800",0,1,"2002",14
"14517","342800",0,1,"2003",14
"14518","342800",100,1,"2004",14
"14519","342800",0,1,"2005",14
"14520","342800",0,1,"2006",14
"14521","342800",100,1,"2007",14
"14522","342800",0,1,"2008",14
"14523","342800",0,1,"2009",14
"14524","342800",100,1,"2010",14
"14525","342800",0,1,"2011",14
"14551","343200",0,0,"1987",5
"14552","343200",0,0,"1988",5
"14553","343200",100,0,"1989",5
"14554","343200",0,0,"1990",5
"14555","343200",0,0,"1991",5
"14556","343200",100,0,"1992",5
"14557","343200",0,0,"1993",5
"14558","343200",0,0,"1994",5
"14559","343200",0,0,"1995",5
"14560","343200",0,0,"1996",5
"14561","343200",100,0,"1997",5
"14562","343200",0,0,"1998",5
"14563","343200",0,0,"1999",5
"14564","343200",0,0,"2000",5
"14565","343200",100,0,"2001",5
"14566","343200",0,0,"2002",5
"14567","343200",0,0,"2003",5
"14568","343200",100,0,"2004",5
"14569","343200",0,0,"2005",5
"14570","343200",0,0,"2006",5
"14571","343200",100,0,"2007",5
"14572","343200",0,1,"2008",5
"14573","343200",0,1,"2009",5
"14574","343200",100,1,"2010",5
"14575","343200",0,1,"2011",5
"14626","343800",0,0,"1987",18
"14627","343800",100,0,"1988",18
"14628","343800",0,0,"1989",18
"14629","343800",0,0,"1990",18
"14630","343800",0,0,"1991",18
"14631","343800",100,0,"1992",18
"14632","343800",0,0,"1993",18
"14633","343800",0,0,"1994",18
"14634","343800",0,1,"1995",18
"14635","343800",0,1,"1996",18
"14636","343800",100,1,"1997",18
"14637","343800",0,1,"1998",18
"14638","343800",0,1,"1999",18
"14639","343800",0,1,"2000",18
"14640","343800",100,1,"2001",18
"14641","343800",0,1,"2002",18
"14642","343800",0,1,"2003",18
"14643","343800",100,1,"2004",18
"14644","343800",0,1,"2005",18
"14645","343800",0,1,"2006",18
"14646","343800",100,1,"2007",18
"14647","343800",0,1,"2008",18
"14648","343800",0,1,"2009",18
"14649","343800",100,1,"2010",18
"14650","343800",0,1,"2011",18
"14651","352000",0,0,"1987",23
"14652","352000",0,0,"1988",23
"14653","352000",0,0,"1989",23
"14654","352000",0,1,"1990",23
"14655","352000",0,1,"1991",23
"14656","352000",0,1,"1992",23
"14657","352000",0,1,"1993",23
"14658","352000",0,1,"1994",23
"14659","352000",0,1,"1995",23
"14660","352000",0,1,"1996",23
"14661","352000",0,1,"1997",23
"14662","352000",100,1,"1998",23
"14663","352000",0,1,"1999",23
"14664","352000",100,1,"2000",23
"14665","352000",100,1,"2001",23
"14666","352000",100,1,"2002",23
"14667","352000",100,1,"2003",23
"14668","352000",100,1,"2004",23
"14669","352000",100,1,"2005",23
"14670","352000",100,1,"2006",23
"14671","352000",100,1,"2007",23
"14672","352000",100,1,"2008",23
"14673","352000",100,1,"2009",23
"14674","352000",100,1,"2010",23
"14675","352000",100,1,"2011",23
"14676","352200",0,0,"1987",1
"14677","352200",0,0,"1988",1
"14678","352200",0,0,"1989",1
"14679","352200",0,0,"1990",1
"14680","352200",0,0,"1991",1
"14681","352200",0,0,"1992",1
"14682","352200",0,0,"1993",1
"14683","352200",0,0,"1994",1
"14684","352200",0,0,"1995",1
"14685","352200",0,0,"1996",1
"14686","352200",100,0,"1997",1
"14687","352200",0,0,"1998",1
"14688","352200",0,0,"1999",1
"14689","352200",0,0,"2000",1
"14690","352200",0,0,"2001",1
"14691","352200",0,0,"2002",1
"14692","352200",0,0,"2003",1
"14693","352200",0,0,"2004",1
"14694","352200",0,0,"2005",1
"14695","352200",0,0,"2006",1
"14696","352200",100,0,"2007",1
"14697","352200",100,0,"2008",1
"14698","352200",100,0,"2009",1
"14699","352200",100,0,"2010",1
"14700","352200",0,0,"2011",1
"14701","352400",0,0,"1987",13
"14702","352400",0,0,"1988",13
"14703","352400",0,0,"1989",13
"14704","352400",0,0,"1990",13
"14705","352400",0,0,"1991",13
"14706","352400",0,0,"1992",13
"14707","352400",0,0,"1993",13
"14708","352400",0,0,"1994",13
"14709","352400",0,0,"1995",13
"14710","352400",0,0,"1996",13
"14711","352400",0,0,"1997",13
"14712","352400",0,0,"1998",13
"14713","352400",100,0,"1999",13
"14714","352400",100,1,"2000",13
"14715","352400",100,1,"2001",13
"14716","352400",100,1,"2002",13
"14717","352400",100,1,"2003",13
"14718","352400",100,1,"2004",13
"14719","352400",100,1,"2005",13
"14720","352400",100,1,"2006",13
"14721","352400",100,1,"2007",13
"14722","352400",100,1,"2008",13
"14723","352400",100,1,"2009",13
"14724","352400",100,1,"2010",13
"14725","352400",100,1,"2011",13
"14751","352800",0,0,"1987",9
"14752","352800",0,0,"1988",9
"14753","352800",0,0,"1989",9
"14754","352800",100,0,"1990",9
"14755","352800",0,0,"1991",9
"14756","352800",0,0,"1992",9
"14757","352800",0,0,"1993",9
"14758","352800",0,0,"1994",9
"14759","352800",0,0,"1995",9
"14760","352800",0,0,"1996",9
"14761","352800",0,0,"1997",9
"14762","352800",0,0,"1998",9
"14763","352800",0,0,"1999",9
"14764","352800",0,0,"2000",9
"14765","352800",0,0,"2001",9
"14766","352800",0,0,"2002",9
"14767","352800",0,0,"2003",9
"14768","352800",0,1,"2004",9
"14769","352800",100,1,"2005",9
"14770","352800",100,1,"2006",9
"14771","352800",100,1,"2007",9
"14772","352800",100,1,"2008",9
"14773","352800",100,1,"2009",9
"14774","352800",100,1,"2010",9
"14775","352800",100,1,"2011",9
"14776","353000",0,0,"1987",18
"14777","353000",0,0,"1988",18
"14778","353000",0,0,"1989",18
"14779","353000",0,0,"1990",18
"14780","353000",100,0,"1991",18
"14781","353000",0,0,"1992",18
"14782","353000",0,0,"1993",18
"14783","353000",0,0,"1994",18
"14784","353000",0,1,"1995",18
"14785","353000",0,1,"1996",18
"14786","353000",0,1,"1997",18
"14787","353000",0,1,"1998",18
"14788","353000",0,1,"1999",18
"14789","353000",0,1,"2000",18
"14790","353000",100,1,"2001",18
"14791","353000",100,1,"2002",18
"14792","353000",100,1,"2003",18
"14793","353000",100,1,"2004",18
"14794","353000",100,1,"2005",18
"14795","353000",100,1,"2006",18
"14796","353000",0,1,"2007",18
"14797","353000",100,1,"2008",18
"14798","353000",100,1,"2009",18
"14799","353000",100,1,"2010",18
"14800","353000",100,1,"2011",18
"14801","353200",0,0,"1987",23
"14802","353200",0,0,"1988",23
"14803","353200",0,0,"1989",23
"14804","353200",100,1,"1990",23
"14805","353200",0,1,"1991",23
"14806","353200",0,1,"1992",23
"14807","353200",0,1,"1993",23
"14808","353200",0,1,"1994",23
"14809","353200",0,1,"1995",23
"14810","353200",0,1,"1996",23
"14811","353200",0,1,"1997",23
"14812","353200",0,1,"1998",23
"14813","353200",0,1,"1999",23
"14814","353200",0,1,"2000",23
"14815","353200",0,1,"2001",23
"14816","353200",0,1,"2002",23
"14817","353200",0,1,"2003",23
"14818","353200",100,1,"2004",23
"14819","353200",100,1,"2005",23
"14820","353200",100,1,"2006",23
"14821","353200",0,1,"2007",23
"14822","353200",100,1,"2008",23
"14823","353200",0,1,"2009",23
"14824","353200",100,1,"2010",23
"14825","353200",0,1,"2011",23
"14826","353400",0,0,"1987",1
"14827","353400",0,0,"1988",1
"14828","353400",0,0,"1989",1
"14829","353400",0,0,"1990",1
"14830","353400",100,0,"1991",1
"14831","353400",0,0,"1992",1
"14832","353400",0,0,"1993",1
"14833","353400",0,0,"1994",1
"14834","353400",0,0,"1995",1
"14835","353400",0,0,"1996",1
"14836","353400",100,0,"1997",1
"14837","353400",0,0,"1998",1
"14838","353400",0,0,"1999",1
"14839","353400",0,0,"2000",1
"14840","353400",0,0,"2001",1
"14841","353400",0,0,"2002",1
"14842","353400",0,0,"2003",1
"14843","353400",0,0,"2004",1
"14844","353400",100,0,"2005",1
"14845","353400",100,0,"2006",1
"14846","353400",100,0,"2007",1
"14847","353400",100,0,"2008",1
"14848","353400",100,0,"2009",1
"14849","353400",100,0,"2010",1
"14850","353400",100,0,"2011",1
"14851","353600",0,0,"1987",6
"14852","353600",0,0,"1988",6
"14853","353600",0,0,"1989",6
"14854","353600",0,0,"1990",6
"14855","353600",100,0,"1991",6
"14856","353600",0,0,"1992",6
"14857","353600",0,0,"1993",6
"14858","353600",0,0,"1994",6
"14859","353600",0,0,"1995",6
"14860","353600",0,0,"1996",6
"14861","353600",0,0,"1997",6
"14862","353600",0,0,"1998",6
"14863","353600",0,0,"1999",6
"14864","353600",0,0,"2000",6
"14865","353600",0,0,"2001",6
"14866","353600",0,0,"2002",6
"14867","353600",100,0,"2003",6
"14868","353600",0,0,"2004",6
"14869","353600",0,0,"2005",6
"14870","353600",100,0,"2006",6
"14871","353600",100,1,"2007",6
"14872","353600",100,1,"2008",6
"14873","353600",100,1,"2009",6
"14874","353600",100,1,"2010",6
"14875","353600",100,1,"2011",6
"14876","353800",0,0,"1987",3
"14877","353800",0,0,"1988",3
"14878","353800",0,0,"1989",3
"14879","353800",0,0,"1990",3
"14880","353800",0,0,"1991",3
"14881","353800",0,0,"1992",3
"14882","353800",0,0,"1993",3
"14883","353800",0,0,"1994",3
"14884","353800",0,0,"1995",3
"14885","353800",0,0,"1996",3
"14886","353800",0,0,"1997",3
"14887","353800",0,0,"1998",3
"14888","353800",0,0,"1999",3
"14889","353800",0,0,"2000",3
"14890","353800",0,0,"2001",3
"14891","353800",0,0,"2002",3
"14892","353800",0,0,"2003",3
"14893","353800",0,0,"2004",3
"14894","353800",0,0,"2005",3
"14895","353800",0,0,"2006",3
"14896","353800",100,0,"2007",3
"14897","353800",100,0,"2008",3
"14898","353800",100,0,"2009",3
"14899","353800",100,1,"2010",3
"14900","353800",100,1,"2011",3
"14901","354000",0,0,"1987",8
"14902","354000",0,0,"1988",8
"14903","354000",0,0,"1989",8
"14904","354000",0,0,"1990",8
"14905","354000",0,0,"1991",8
"14906","354000",0,0,"1992",8
"14907","354000",0,0,"1993",8
"14908","354000",0,0,"1994",8
"14909","354000",0,0,"1995",8
"14910","354000",0,0,"1996",8
"14911","354000",0,0,"1997",8
"14912","354000",0,0,"1998",8
"14913","354000",0,0,"1999",8
"14914","354000",0,0,"2000",8
"14915","354000",100,0,"2001",8
"14916","354000",0,0,"2002",8
"14917","354000",0,0,"2003",8
"14918","354000",0,0,"2004",8
"14919","354000",0,1,"2005",8
"14920","354000",0,1,"2006",8
"14921","354000",100,1,"2007",8
"14922","354000",100,1,"2008",8
"14923","354000",100,1,"2009",8
"14924","354000",100,1,"2010",8
"14925","354000",100,1,"2011",8
"14926","354200",0,0,"1987",1
"14927","354200",0,0,"1988",1
"14928","354200",0,0,"1989",1
"14929","354200",0,0,"1990",1
"14930","354200",0,0,"1991",1
"14931","354200",0,0,"1992",1
"14932","354200",0,0,"1993",1
"14933","354200",0,0,"1994",1
"14934","354200",0,0,"1995",1
"14935","354200",0,0,"1996",1
"14936","354200",100,0,"1997",1
"14937","354200",0,0,"1998",1
"14938","354200",0,0,"1999",1
"14939","354200",0,0,"2000",1
"14940","354200",0,0,"2001",1
"14941","354200",0,0,"2002",1
"14942","354200",0,0,"2003",1
"14943","354200",0,0,"2004",1
"14944","354200",0,0,"2005",1
"14945","354200",0,0,"2006",1
"14946","354200",0,0,"2007",1
"14947","354200",100,0,"2008",1
"14948","354200",100,0,"2009",1
"14949","354200",100,0,"2010",1
"14950","354200",100,0,"2011",1
"14951","354400",0,0,"1987",18
"14952","354400",0,0,"1988",18
"14953","354400",0,0,"1989",18
"14954","354400",0,0,"1990",18
"14955","354400",100,0,"1991",18
"14956","354400",0,0,"1992",18
"14957","354400",0,0,"1993",18
"14958","354400",0,0,"1994",18
"14959","354400",0,1,"1995",18
"14960","354400",0,1,"1996",18
"14961","354400",0,1,"1997",18
"14962","354400",0,1,"1998",18
"14963","354400",0,1,"1999",18
"14964","354400",0,1,"2000",18
"14965","354400",0,1,"2001",18
"14966","354400",0,1,"2002",18
"14967","354400",0,1,"2003",18
"14968","354400",0,1,"2004",18
"14969","354400",0,1,"2005",18
"14970","354400",0,1,"2006",18
"14971","354400",0,1,"2007",18
"14972","354400",0,1,"2008",18
"14973","354400",100,1,"2009",18
"14974","354400",100,1,"2010",18
"14975","354400",100,1,"2011",18
"14976","354600",0,0,"1987",3
"14977","354600",0,0,"1988",3
"14978","354600",0,0,"1989",3
"14979","354600",0,0,"1990",3
"14980","354600",0,0,"1991",3
"14981","354600",0,0,"1992",3
"14982","354600",0,0,"1993",3
"14983","354600",0,0,"1994",3
"14984","354600",0,0,"1995",3
"14985","354600",0,0,"1996",3
"14986","354600",100,0,"1997",3
"14987","354600",0,0,"1998",3
"14988","354600",0,0,"1999",3
"14989","354600",0,0,"2000",3
"14990","354600",0,0,"2001",3
"14991","354600",0,0,"2002",3
"14992","354600",0,0,"2003",3
"14993","354600",0,0,"2004",3
"14994","354600",0,0,"2005",3
"14995","354600",0,0,"2006",3
"14996","354600",0,0,"2007",3
"14997","354600",0,0,"2008",3
"14998","354600",0,0,"2009",3
"14999","354600",0,1,"2010",3
"15000","354600",100,1,"2011",3
"15001","354800",0,0,"1987",7
"15002","354800",0,0,"1988",7
"15003","354800",0,0,"1989",7
"15004","354800",0,0,"1990",7
"15005","354800",0,0,"1991",7
"15006","354800",0,0,"1992",7
"15007","354800",0,0,"1993",7
"15008","354800",0,0,"1994",7
"15009","354800",0,0,"1995",7
"15010","354800",0,0,"1996",7
"15011","354800",100,0,"1997",7
"15012","354800",0,0,"1998",7
"15013","354800",0,0,"1999",7
"15014","354800",0,0,"2000",7
"15015","354800",0,0,"2001",7
"15016","354800",0,0,"2002",7
"15017","354800",100,0,"2003",7
"15018","354800",100,0,"2004",7
"15019","354800",100,0,"2005",7
"15020","354800",100,1,"2006",7
"15021","354800",100,1,"2007",7
"15022","354800",0,1,"2008",7
"15023","354800",0,1,"2009",7
"15024","354800",0,1,"2010",7
"15025","354800",0,1,"2011",7
"15026","355000",0,0,"1987",5
"15027","355000",0,0,"1988",5
"15028","355000",0,0,"1989",5
"15029","355000",0,0,"1990",5
"15030","355000",100,0,"1991",5
"15031","355000",0,0,"1992",5
"15032","355000",0,0,"1993",5
"15033","355000",0,0,"1994",5
"15034","355000",0,0,"1995",5
"15035","355000",0,0,"1996",5
"15036","355000",100,0,"1997",5
"15037","355000",0,0,"1998",5
"15038","355000",0,0,"1999",5
"15039","355000",0,0,"2000",5
"15040","355000",0,0,"2001",5
"15041","355000",0,0,"2002",5
"15042","355000",0,0,"2003",5
"15043","355000",0,0,"2004",5
"15044","355000",0,0,"2005",5
"15045","355000",100,0,"2006",5
"15046","355000",100,0,"2007",5
"15047","355000",100,1,"2008",5
"15048","355000",0,1,"2009",5
"15049","355000",0,1,"2010",5
"15050","355000",0,1,"2011",5
"15051","355200",0,0,"1987",12
"15052","355200",0,0,"1988",12
"15053","355200",0,0,"1989",12
"15054","355200",0,0,"1990",12
"15055","355200",0,0,"1991",12
"15056","355200",0,0,"1992",12
"15057","355200",0,0,"1993",12
"15058","355200",0,0,"1994",12
"15059","355200",0,0,"1995",12
"15060","355200",0,0,"1996",12
"15061","355200",0,0,"1997",12
"15062","355200",0,0,"1998",12
"15063","355200",0,0,"1999",12
"15064","355200",0,0,"2000",12
"15065","355200",100,1,"2001",12
"15066","355200",0,1,"2002",12
"15067","355200",0,1,"2003",12
"15068","355200",100,1,"2004",12
"15069","355200",100,1,"2005",12
"15070","355200",100,1,"2006",12
"15071","355200",100,1,"2007",12
"15072","355200",100,1,"2008",12
"15073","355200",100,1,"2009",12
"15074","355200",100,1,"2010",12
"15075","355200",100,1,"2011",12
"15101","355600",0,0,"1987",1
"15102","355600",0,0,"1988",1
"15103","355600",0,0,"1989",1
"15104","355600",0,0,"1990",1
"15105","355600",0,0,"1991",1
"15106","355600",0,0,"1992",1
"15107","355600",0,0,"1993",1
"15108","355600",0,0,"1994",1
"15109","355600",0,0,"1995",1
"15110","355600",0,0,"1996",1
"15111","355600",0,0,"1997",1
"15112","355600",0,0,"1998",1
"15113","355600",0,0,"1999",1
"15114","355600",0,0,"2000",1
"15115","355600",0,0,"2001",1
"15116","355600",100,0,"2002",1
"15117","355600",100,0,"2003",1
"15118","355600",100,0,"2004",1
"15119","355600",100,0,"2005",1
"15120","355600",100,0,"2006",1
"15121","355600",100,0,"2007",1
"15122","355600",100,0,"2008",1
"15123","355600",100,0,"2009",1
"15124","355600",100,0,"2010",1
"15125","355600",100,0,"2011",1
"15126","355800",0,0,"1987",14
"15127","355800",0,0,"1988",14
"15128","355800",0,0,"1989",14
"15129","355800",0,0,"1990",14
"15130","355800",0,0,"1991",14
"15131","355800",0,0,"1992",14
"15132","355800",0,0,"1993",14
"15133","355800",0,0,"1994",14
"15134","355800",0,0,"1995",14
"15135","355800",0,0,"1996",14
"15136","355800",0,0,"1997",14
"15137","355800",0,0,"1998",14
"15138","355800",0,1,"1999",14
"15139","355800",100,1,"2000",14
"15140","355800",100,1,"2001",14
"15141","355800",100,1,"2002",14
"15142","355800",100,1,"2003",14
"15143","355800",100,1,"2004",14
"15144","355800",100,1,"2005",14
"15145","355800",100,1,"2006",14
"15146","355800",0,1,"2007",14
"15147","355800",0,1,"2008",14
"15148","355800",0,1,"2009",14
"15149","355800",0,1,"2010",14
"15150","355800",0,1,"2011",14
"15151","356000",0,0,"1987",23
"15152","356000",0,0,"1988",23
"15153","356000",0,0,"1989",23
"15154","356000",0,1,"1990",23
"15155","356000",0,1,"1991",23
"15156","356000",0,1,"1992",23
"15157","356000",0,1,"1993",23
"15158","356000",0,1,"1994",23
"15159","356000",0,1,"1995",23
"15160","356000",0,1,"1996",23
"15161","356000",0,1,"1997",23
"15162","356000",0,1,"1998",23
"15163","356000",0,1,"1999",23
"15164","356000",0,1,"2000",23
"15165","356000",0,1,"2001",23
"15166","356000",0,1,"2002",23
"15167","356000",0,1,"2003",23
"15168","356000",0,1,"2004",23
"15169","356000",0,1,"2005",23
"15170","356000",0,1,"2006",23
"15171","356000",0,1,"2007",23
"15172","356000",0,1,"2008",23
"15173","356000",0,1,"2009",23
"15174","356000",0,1,"2010",23
"15175","356000",0,1,"2011",23
"15176","356200",0,0,"1987",14
"15177","356200",0,0,"1988",14
"15178","356200",0,0,"1989",14
"15179","356200",0,0,"1990",14
"15180","356200",100,0,"1991",14
"15181","356200",0,0,"1992",14
"15182","356200",0,0,"1993",14
"15183","356200",0,0,"1994",14
"15184","356200",0,0,"1995",14
"15185","356200",0,0,"1996",14
"15186","356200",0,0,"1997",14
"15187","356200",0,0,"1998",14
"15188","356200",0,1,"1999",14
"15189","356200",0,1,"2000",14
"15190","356200",0,1,"2001",14
"15191","356200",100,1,"2002",14
"15192","356200",100,1,"2003",14
"15193","356200",100,1,"2004",14
"15194","356200",100,1,"2005",14
"15195","356200",100,1,"2006",14
"15196","356200",0,1,"2007",14
"15197","356200",0,1,"2008",14
"15198","356200",100,1,"2009",14
"15199","356200",100,1,"2010",14
"15200","356200",100,1,"2011",14
"15201","362000",0,0,"1987",1
"15202","362000",0,0,"1988",1
"15203","362000",0,0,"1989",1
"15204","362000",0,0,"1990",1
"15205","362000",0,0,"1991",1
"15206","362000",0,0,"1992",1
"15207","362000",0,0,"1993",1
"15208","362000",100,0,"1994",1
"15209","362000",0,0,"1995",1
"15210","362000",0,0,"1996",1
"15211","362000",0,0,"1997",1
"15212","362000",0,0,"1998",1
"15213","362000",0,0,"1999",1
"15214","362000",0,0,"2000",1
"15215","362000",0,0,"2001",1
"15216","362000",0,0,"2002",1
"15217","362000",0,0,"2003",1
"15218","362000",0,0,"2004",1
"15219","362000",0,0,"2005",1
"15220","362000",0,0,"2006",1
"15221","362000",0,0,"2007",1
"15222","362000",0,0,"2008",1
"15223","362000",0,0,"2009",1
"15224","362000",0,0,"2010",1
"15225","362000",0,0,"2011",1
"15226","362200",0,0,"1987",15
"15227","362200",0,0,"1988",15
"15228","362200",0,0,"1989",15
"15229","362200",0,0,"1990",15
"15230","362200",0,0,"1991",15
"15231","362200",0,0,"1992",15
"15232","362200",0,0,"1993",15
"15233","362200",100,0,"1994",15
"15234","362200",100,0,"1995",15
"15235","362200",0,0,"1996",15
"15236","362200",0,0,"1997",15
"15237","362200",0,1,"1998",15
"15238","362200",0,1,"1999",15
"15239","362200",0,1,"2000",15
"15240","362200",0,1,"2001",15
"15241","362200",0,1,"2002",15
"15242","362200",0,1,"2003",15
"15243","362200",0,1,"2004",15
"15244","362200",0,1,"2005",15
"15245","362200",0,1,"2006",15
"15246","362200",0,1,"2007",15
"15247","362200",0,1,"2008",15
"15248","362200",0,1,"2009",15
"15249","362200",100,1,"2010",15
"15250","362200",0,1,"2011",15
"15251","362400",0,0,"1987",23
"15252","362400",0,0,"1988",23
"15253","362400",0,0,"1989",23
"15254","362400",0,1,"1990",23
"15255","362400",0,1,"1991",23
"15256","362400",0,1,"1992",23
"15257","362400",0,1,"1993",23
"15258","362400",0,1,"1994",23
"15259","362400",0,1,"1995",23
"15260","362400",0,1,"1996",23
"15261","362400",0,1,"1997",23
"15262","362400",0,1,"1998",23
"15263","362400",0,1,"1999",23
"15264","362400",0,1,"2000",23
"15265","362400",0,1,"2001",23
"15266","362400",0,1,"2002",23
"15267","362400",0,1,"2003",23
"15268","362400",0,1,"2004",23
"15269","362400",0,1,"2005",23
"15270","362400",0,1,"2006",23
"15271","362400",0,1,"2007",23
"15272","362400",0,1,"2008",23
"15273","362400",0,1,"2009",23
"15274","362400",0,1,"2010",23
"15275","362400",100,1,"2011",23
"15276","362600",0,0,"1987",15
"15277","362600",0,0,"1988",15
"15278","362600",0,0,"1989",15
"15279","362600",0,0,"1990",15
"15280","362600",0,0,"1991",15
"15281","362600",0,0,"1992",15
"15282","362600",0,0,"1993",15
"15283","362600",0,0,"1994",15
"15284","362600",100,0,"1995",15
"15285","362600",0,0,"1996",15
"15286","362600",0,0,"1997",15
"15287","362600",0,1,"1998",15
"15288","362600",0,1,"1999",15
"15289","362600",0,1,"2000",15
"15290","362600",0,1,"2001",15
"15291","362600",0,1,"2002",15
"15292","362600",0,1,"2003",15
"15293","362600",0,1,"2004",15
"15294","362600",0,1,"2005",15
"15295","362600",0,1,"2006",15
"15296","362600",0,1,"2007",15
"15297","362600",0,1,"2008",15
"15298","362600",0,1,"2009",15
"15299","362600",0,1,"2010",15
"15300","362600",0,1,"2011",15
"15301","362800",0,0,"1987",4
"15302","362800",0,0,"1988",4
"15303","362800",0,0,"1989",4
"15304","362800",0,0,"1990",4
"15305","362800",0,0,"1991",4
"15306","362800",0,0,"1992",4
"15307","362800",0,0,"1993",4
"15308","362800",0,0,"1994",4
"15309","362800",0,0,"1995",4
"15310","362800",0,0,"1996",4
"15311","362800",0,0,"1997",4
"15312","362800",0,0,"1998",4
"15313","362800",0,0,"1999",4
"15314","362800",0,0,"2000",4
"15315","362800",0,0,"2001",4
"15316","362800",0,0,"2002",4
"15317","362800",0,0,"2003",4
"15318","362800",0,0,"2004",4
"15319","362800",0,0,"2005",4
"15320","362800",0,0,"2006",4
"15321","362800",0,0,"2007",4
"15322","362800",0,0,"2008",4
"15323","362800",0,1,"2009",4
"15324","362800",0,1,"2010",4
"15325","362800",0,1,"2011",4
"15326","363000",0,0,"1987",15
"15327","363000",0,0,"1988",15
"15328","363000",0,0,"1989",15
"15329","363000",0,0,"1990",15
"15330","363000",0,0,"1991",15
"15331","363000",0,0,"1992",15
"15332","363000",0,0,"1993",15
"15333","363000",0,0,"1994",15
"15334","363000",0,0,"1995",15
"15335","363000",0,0,"1996",15
"15336","363000",0,0,"1997",15
"15337","363000",0,1,"1998",15
"15338","363000",0,1,"1999",15
"15339","363000",0,1,"2000",15
"15340","363000",0,1,"2001",15
"15341","363000",0,1,"2002",15
"15342","363000",0,1,"2003",15
"15343","363000",0,1,"2004",15
"15344","363000",0,1,"2005",15
"15345","363000",0,1,"2006",15
"15346","363000",0,1,"2007",15
"15347","363000",0,1,"2008",15
"15348","363000",0,1,"2009",15
"15349","363000",0,1,"2010",15
"15350","363000",0,1,"2011",15
"15376","363400",0,0,"1987",15
"15377","363400",0,0,"1988",15
"15378","363400",0,0,"1989",15
"15379","363400",0,0,"1990",15
"15380","363400",0,0,"1991",15
"15381","363400",0,0,"1992",15
"15382","363400",0,0,"1993",15
"15383","363400",0,0,"1994",15
"15384","363400",0,0,"1995",15
"15385","363400",0,0,"1996",15
"15386","363400",0,0,"1997",15
"15387","363400",0,1,"1998",15
"15388","363400",0,1,"1999",15
"15389","363400",0,1,"2000",15
"15390","363400",0,1,"2001",15
"15391","363400",0,1,"2002",15
"15392","363400",0,1,"2003",15
"15393","363400",100,1,"2004",15
"15394","363400",0,1,"2005",15
"15395","363400",0,1,"2006",15
"15396","363400",100,1,"2007",15
"15397","363400",0,1,"2008",15
"15398","363400",0,1,"2009",15
"15399","363400",0,1,"2010",15
"15400","363400",0,1,"2011",15
"15401","363600",0,0,"1987",4
"15402","363600",0,0,"1988",4
"15403","363600",0,0,"1989",4
"15404","363600",0,0,"1990",4
"15405","363600",0,0,"1991",4
"15406","363600",0,0,"1992",4
"15407","363600",0,0,"1993",4
"15408","363600",0,0,"1994",4
"15409","363600",0,0,"1995",4
"15410","363600",0,0,"1996",4
"15411","363600",100,0,"1997",4
"15412","363600",0,0,"1998",4
"15413","363600",0,0,"1999",4
"15414","363600",0,0,"2000",4
"15415","363600",0,0,"2001",4
"15416","363600",0,0,"2002",4
"15417","363600",0,0,"2003",4
"15418","363600",0,0,"2004",4
"15419","363600",0,0,"2005",4
"15420","363600",0,0,"2006",4
"15421","363600",0,0,"2007",4
"15422","363600",100,0,"2008",4
"15423","363600",100,1,"2009",4
"15424","363600",100,1,"2010",4
"15425","363600",0,1,"2011",4
"15426","363800",0,0,"1987",23
"15427","363800",0,0,"1988",23
"15428","363800",0,0,"1989",23
"15429","363800",0,1,"1990",23
"15430","363800",0,1,"1991",23
"15431","363800",0,1,"1992",23
"15432","363800",0,1,"1993",23
"15433","363800",0,1,"1994",23
"15434","363800",0,1,"1995",23
"15435","363800",0,1,"1996",23
"15436","363800",0,1,"1997",23
"15437","363800",0,1,"1998",23
"15438","363800",0,1,"1999",23
"15439","363800",0,1,"2000",23
"15440","363800",0,1,"2001",23
"15441","363800",0,1,"2002",23
"15442","363800",0,1,"2003",23
"15443","363800",100,1,"2004",23
"15444","363800",0,1,"2005",23
"15445","363800",0,1,"2006",23
"15446","363800",0,1,"2007",23
"15447","363800",0,1,"2008",23
"15448","363800",0,1,"2009",23
"15449","363800",0,1,"2010",23
"15450","363800",0,1,"2011",23
"15451","364000",0,0,"1987",15
"15452","364000",0,0,"1988",15
"15453","364000",0,0,"1989",15
"15454","364000",0,0,"1990",15
"15455","364000",0,0,"1991",15
"15456","364000",0,0,"1992",15
"15457","364000",0,0,"1993",15
"15458","364000",0,0,"1994",15
"15459","364000",0,0,"1995",15
"15460","364000",0,0,"1996",15
"15461","364000",0,0,"1997",15
"15462","364000",0,1,"1998",15
"15463","364000",0,1,"1999",15
"15464","364000",0,1,"2000",15
"15465","364000",0,1,"2001",15
"15466","364000",0,1,"2002",15
"15467","364000",0,1,"2003",15
"15468","364000",0,1,"2004",15
"15469","364000",0,1,"2005",15
"15470","364000",0,1,"2006",15
"15471","364000",0,1,"2007",15
"15472","364000",0,1,"2008",15
"15473","364000",0,1,"2009",15
"15474","364000",0,1,"2010",15
"15475","364000",0,1,"2011",15
"15476","364200",0,0,"1987",15
"15477","364200",0,0,"1988",15
"15478","364200",0,0,"1989",15
"15479","364200",0,0,"1990",15
"15480","364200",0,0,"1991",15
"15481","364200",0,0,"1992",15
"15482","364200",0,0,"1993",15
"15483","364200",0,0,"1994",15
"15484","364200",0,0,"1995",15
"15485","364200",100,0,"1996",15
"15486","364200",0,0,"1997",15
"15487","364200",0,1,"1998",15
"15488","364200",0,1,"1999",15
"15489","364200",0,1,"2000",15
"15490","364200",0,1,"2001",15
"15491","364200",0,1,"2002",15
"15492","364200",0,1,"2003",15
"15493","364200",0,1,"2004",15
"15494","364200",0,1,"2005",15
"15495","364200",0,1,"2006",15
"15496","364200",0,1,"2007",15
"15497","364200",0,1,"2008",15
"15498","364200",0,1,"2009",15
"15499","364200",0,1,"2010",15
"15500","364200",0,1,"2011",15
"15501","364400",0,0,"1987",15
"15502","364400",0,0,"1988",15
"15503","364400",0,0,"1989",15
"15504","364400",0,0,"1990",15
"15505","364400",0,0,"1991",15
"15506","364400",0,0,"1992",15
"15507","364400",0,0,"1993",15
"15508","364400",100,0,"1994",15
"15509","364400",0,0,"1995",15
"15510","364400",0,0,"1996",15
"15511","364400",0,0,"1997",15
"15512","364400",0,1,"1998",15
"15513","364400",0,1,"1999",15
"15514","364400",0,1,"2000",15
"15515","364400",0,1,"2001",15
"15516","364400",0,1,"2002",15
"15517","364400",0,1,"2003",15
"15518","364400",0,1,"2004",15
"15519","364400",0,1,"2005",15
"15520","364400",0,1,"2006",15
"15521","364400",0,1,"2007",15
"15522","364400",0,1,"2008",15
"15523","364400",0,1,"2009",15
"15524","364400",0,1,"2010",15
"15525","364400",0,1,"2011",15
"15526","364600",0,0,"1987",23
"15527","364600",0,0,"1988",23
"15528","364600",0,0,"1989",23
"15529","364600",0,1,"1990",23
"15530","364600",0,1,"1991",23
"15531","364600",100,1,"1992",23
"15532","364600",0,1,"1993",23
"15533","364600",0,1,"1994",23
"15534","364600",0,1,"1995",23
"15535","364600",0,1,"1996",23
"15536","364600",0,1,"1997",23
"15537","364600",0,1,"1998",23
"15538","364600",0,1,"1999",23
"15539","364600",0,1,"2000",23
"15540","364600",0,1,"2001",23
"15541","364600",0,1,"2002",23
"15542","364600",0,1,"2003",23
"15543","364600",0,1,"2004",23
"15544","364600",0,1,"2005",23
"15545","364600",0,1,"2006",23
"15546","364600",0,1,"2007",23
"15547","364600",0,1,"2008",23
"15548","364600",0,1,"2009",23
"15549","364600",0,1,"2010",23
"15550","364600",100,1,"2011",23
"15551","364800",0,0,"1987",1
"15552","364800",0,0,"1988",1
"15553","364800",0,0,"1989",1
"15554","364800",0,0,"1990",1
"15555","364800",0,0,"1991",1
"15556","364800",0,0,"1992",1
"15557","364800",0,0,"1993",1
"15558","364800",0,0,"1994",1
"15559","364800",0,0,"1995",1
"15560","364800",0,0,"1996",1
"15561","364800",0,0,"1997",1
"15562","364800",0,0,"1998",1
"15563","364800",0,0,"1999",1
"15564","364800",0,0,"2000",1
"15565","364800",0,0,"2001",1
"15566","364800",100,0,"2002",1
"15567","364800",0,0,"2003",1
"15568","364800",0,0,"2004",1
"15569","364800",0,0,"2005",1
"15570","364800",0,0,"2006",1
"15571","364800",0,0,"2007",1
"15572","364800",0,0,"2008",1
"15573","364800",100,0,"2009",1
"15574","364800",0,0,"2010",1
"15575","364800",0,0,"2011",1
"15626","365400",0,0,"1987",15
"15627","365400",0,0,"1988",15
"15628","365400",0,0,"1989",15
"15629","365400",0,0,"1990",15
"15630","365400",0,0,"1991",15
"15631","365400",0,0,"1992",15
"15632","365400",0,0,"1993",15
"15633","365400",0,0,"1994",15
"15634","365400",0,0,"1995",15
"15635","365400",0,0,"1996",15
"15636","365400",0,0,"1997",15
"15637","365400",0,1,"1998",15
"15638","365400",0,1,"1999",15
"15639","365400",0,1,"2000",15
"15640","365400",100,1,"2001",15
"15641","365400",0,1,"2002",15
"15642","365400",0,1,"2003",15
"15643","365400",0,1,"2004",15
"15644","365400",0,1,"2005",15
"15645","365400",0,1,"2006",15
"15646","365400",0,1,"2007",15
"15647","365400",0,1,"2008",15
"15648","365400",0,1,"2009",15
"15649","365400",100,1,"2010",15
"15650","365400",0,1,"2011",15
"15651","365600",0,0,"1987",15
"15652","365600",0,0,"1988",15
"15653","365600",0,0,"1989",15
"15654","365600",0,0,"1990",15
"15655","365600",0,0,"1991",15
"15656","365600",0,0,"1992",15
"15657","365600",0,0,"1993",15
"15658","365600",0,0,"1994",15
"15659","365600",0,0,"1995",15
"15660","365600",0,0,"1996",15
"15661","365600",0,0,"1997",15
"15662","365600",0,1,"1998",15
"15663","365600",0,1,"1999",15
"15664","365600",0,1,"2000",15
"15665","365600",0,1,"2001",15
"15666","365600",0,1,"2002",15
"15667","365600",0,1,"2003",15
"15668","365600",0,1,"2004",15
"15669","365600",0,1,"2005",15
"15670","365600",100,1,"2006",15
"15671","365600",0,1,"2007",15
"15672","365600",0,1,"2008",15
"15673","365600",0,1,"2009",15
"15674","365600",0,1,"2010",15
"15675","365600",0,1,"2011",15
"15676","365800",0,0,"1987",15
"15677","365800",0,0,"1988",15
"15678","365800",0,0,"1989",15
"15679","365800",0,0,"1990",15
"15680","365800",0,0,"1991",15
"15681","365800",0,0,"1992",15
"15682","365800",0,0,"1993",15
"15683","365800",0,0,"1994",15
"15684","365800",0,0,"1995",15
"15685","365800",0,0,"1996",15
"15686","365800",100,0,"1997",15
"15687","365800",0,1,"1998",15
"15688","365800",0,1,"1999",15
"15689","365800",0,1,"2000",15
"15690","365800",0,1,"2001",15
"15691","365800",0,1,"2002",15
"15692","365800",0,1,"2003",15
"15693","365800",0,1,"2004",15
"15694","365800",0,1,"2005",15
"15695","365800",0,1,"2006",15
"15696","365800",0,1,"2007",15
"15697","365800",0,1,"2008",15
"15698","365800",0,1,"2009",15
"15699","365800",0,1,"2010",15
"15700","365800",0,1,"2011",15
"15726","366200",0,0,"1987",1
"15727","366200",0,0,"1988",1
"15728","366200",0,0,"1989",1
"15729","366200",0,0,"1990",1
"15730","366200",0,0,"1991",1
"15731","366200",0,0,"1992",1
"15732","366200",0,0,"1993",1
"15733","366200",0,0,"1994",1
"15734","366200",0,0,"1995",1
"15735","366200",0,0,"1996",1
"15736","366200",0,0,"1997",1
"15737","366200",0,0,"1998",1
"15738","366200",0,0,"1999",1
"15739","366200",0,0,"2000",1
"15740","366200",0,0,"2001",1
"15741","366200",0,0,"2002",1
"15742","366200",0,0,"2003",1
"15743","366200",0,0,"2004",1
"15744","366200",0,0,"2005",1
"15745","366200",0,0,"2006",1
"15746","366200",0,0,"2007",1
"15747","366200",0,0,"2008",1
"15748","366200",0,0,"2009",1
"15749","366200",0,0,"2010",1
"15750","366200",0,0,"2011",1
"15751","366400",0,0,"1987",23
"15752","366400",0,0,"1988",23
"15753","366400",0,0,"1989",23
"15754","366400",0,1,"1990",23
"15755","366400",0,1,"1991",23
"15756","366400",0,1,"1992",23
"15757","366400",0,1,"1993",23
"15758","366400",0,1,"1994",23
"15759","366400",0,1,"1995",23
"15760","366400",0,1,"1996",23
"15761","366400",0,1,"1997",23
"15762","366400",0,1,"1998",23
"15763","366400",0,1,"1999",23
"15764","366400",0,1,"2000",23
"15765","366400",0,1,"2001",23
"15766","366400",0,1,"2002",23
"15767","366400",0,1,"2003",23
"15768","366400",0,1,"2004",23
"15769","366400",0,1,"2005",23
"15770","366400",0,1,"2006",23
"15771","366400",0,1,"2007",23
"15772","366400",0,1,"2008",23
"15773","366400",0,1,"2009",23
"15774","366400",0,1,"2010",23
"15775","366400",0,1,"2011",23
"15776","366600",0,0,"1987",15
"15777","366600",0,0,"1988",15
"15778","366600",0,0,"1989",15
"15779","366600",0,0,"1990",15
"15780","366600",0,0,"1991",15
"15781","366600",0,0,"1992",15
"15782","366600",0,0,"1993",15
"15783","366600",0,0,"1994",15
"15784","366600",0,0,"1995",15
"15785","366600",0,0,"1996",15
"15786","366600",0,0,"1997",15
"15787","366600",0,1,"1998",15
"15788","366600",0,1,"1999",15
"15789","366600",0,1,"2000",15
"15790","366600",0,1,"2001",15
"15791","366600",0,1,"2002",15
"15792","366600",0,1,"2003",15
"15793","366600",0,1,"2004",15
"15794","366600",0,1,"2005",15
"15795","366600",0,1,"2006",15
"15796","366600",0,1,"2007",15
"15797","366600",0,1,"2008",15
"15798","366600",0,1,"2009",15
"15799","366600",0,1,"2010",15
"15800","366600",0,1,"2011",15
"15851","372400",0,0,"1987",20
"15852","372400",0,0,"1988",20
"15853","372400",0,0,"1989",20
"15854","372400",0,0,"1990",20
"15855","372400",0,0,"1991",20
"15856","372400",0,0,"1992",20
"15857","372400",0,1,"1993",20
"15858","372400",0,1,"1994",20
"15859","372400",0,1,"1995",20
"15860","372400",100,1,"1996",20
"15861","372400",0,1,"1997",20
"15862","372400",0,1,"1998",20
"15863","372400",0,1,"1999",20
"15864","372400",0,1,"2000",20
"15865","372400",100,1,"2001",20
"15866","372400",100,1,"2002",20
"15867","372400",100,1,"2003",20
"15868","372400",100,1,"2004",20
"15869","372400",100,1,"2005",20
"15870","372400",100,1,"2006",20
"15871","372400",100,1,"2007",20
"15872","372400",100,1,"2008",20
"15873","372400",100,1,"2009",20
"15874","372400",100,1,"2010",20
"15875","372400",100,1,"2011",20
"15876","372600",0,0,"1987",1
"15877","372600",0,0,"1988",1
"15878","372600",0,0,"1989",1
"15879","372600",0,0,"1990",1
"15880","372600",0,0,"1991",1
"15881","372600",0,0,"1992",1
"15882","372600",0,0,"1993",1
"15883","372600",0,0,"1994",1
"15884","372600",0,0,"1995",1
"15885","372600",100,0,"1996",1
"15886","372600",0,0,"1997",1
"15887","372600",0,0,"1998",1
"15888","372600",0,0,"1999",1
"15889","372600",0,0,"2000",1
"15890","372600",0,0,"2001",1
"15891","372600",0,0,"2002",1
"15892","372600",0,0,"2003",1
"15893","372600",0,0,"2004",1
"15894","372600",0,0,"2005",1
"15895","372600",0,0,"2006",1
"15896","372600",0,0,"2007",1
"15897","372600",0,0,"2008",1
"15898","372600",0,0,"2009",1
"15899","372600",0,0,"2010",1
"15900","372600",0,0,"2011",1
"15901","372800",0,0,"1987",10
"15902","372800",0,0,"1988",10
"15903","372800",0,0,"1989",10
"15904","372800",0,0,"1990",10
"15905","372800",0,0,"1991",10
"15906","372800",0,0,"1992",10
"15907","372800",0,0,"1993",10
"15908","372800",0,0,"1994",10
"15909","372800",0,0,"1995",10
"15910","372800",100,0,"1996",10
"15911","372800",0,0,"1997",10
"15912","372800",0,0,"1998",10
"15913","372800",0,0,"1999",10
"15914","372800",0,0,"2000",10
"15915","372800",0,0,"2001",10
"15916","372800",0,0,"2002",10
"15917","372800",0,1,"2003",10
"15918","372800",100,1,"2004",10
"15919","372800",100,1,"2005",10
"15920","372800",100,1,"2006",10
"15921","372800",100,1,"2007",10
"15922","372800",100,1,"2008",10
"15923","372800",100,1,"2009",10
"15924","372800",100,1,"2010",10
"15925","372800",100,1,"2011",10
"15951","382000",0,0,"1987",1
"15952","382000",0,0,"1988",1
"15953","382000",0,0,"1989",1
"15954","382000",0,0,"1990",1
"15955","382000",0,0,"1991",1
"15956","382000",0,0,"1992",1
"15957","382000",0,0,"1993",1
"15958","382000",0,0,"1994",1
"15959","382000",0,0,"1995",1
"15960","382000",0,0,"1996",1
"15961","382000",0,0,"1997",1
"15962","382000",0,0,"1998",1
"15963","382000",0,0,"1999",1
"15964","382000",0,0,"2000",1
"15965","382000",0,0,"2001",1
"15966","382000",0,0,"2002",1
"15967","382000",0,0,"2003",1
"15968","382000",0,0,"2004",1
"15969","382000",0,0,"2005",1
"15970","382000",0,0,"2006",1
"15971","382000",0,0,"2007",1
"15972","382000",0,0,"2008",1
"15973","382000",0,0,"2009",1
"15974","382000",0,0,"2010",1
"15975","382000",0,0,"2011",1
"15976","382200",0,0,"1987",7
"15977","382200",0,0,"1988",7
"15978","382200",0,0,"1989",7
"15979","382200",0,0,"1990",7
"15980","382200",0,0,"1991",7
"15981","382200",0,0,"1992",7
"15982","382200",0,0,"1993",7
"15983","382200",0,0,"1994",7
"15984","382200",0,0,"1995",7
"15985","382200",0,0,"1996",7
"15986","382200",0,0,"1997",7
"15987","382200",0,0,"1998",7
"15988","382200",0,0,"1999",7
"15989","382200",0,0,"2000",7
"15990","382200",0,0,"2001",7
"15991","382200",0,0,"2002",7
"15992","382200",0,0,"2003",7
"15993","382200",0,0,"2004",7
"15994","382200",0,0,"2005",7
"15995","382200",0,1,"2006",7
"15996","382200",0,1,"2007",7
"15997","382200",0,1,"2008",7
"15998","382200",0,1,"2009",7
"15999","382200",0,1,"2010",7
"16000","382200",0,1,"2011",7
"16026","382600",0,0,"1987",1
"16027","382600",0,0,"1988",1
"16028","382600",0,0,"1989",1
"16029","382600",0,0,"1990",1
"16030","382600",0,0,"1991",1
"16031","382600",0,0,"1992",1
"16032","382600",0,0,"1993",1
"16033","382600",0,0,"1994",1
"16034","382600",0,0,"1995",1
"16035","382600",0,0,"1996",1
"16036","382600",0,0,"1997",1
"16037","382600",0,0,"1998",1
"16038","382600",0,0,"1999",1
"16039","382600",0,0,"2000",1
"16040","382600",0,0,"2001",1
"16041","382600",0,0,"2002",1
"16042","382600",0,0,"2003",1
"16043","382600",0,0,"2004",1
"16044","382600",0,0,"2005",1
"16045","382600",0,0,"2006",1
"16046","382600",0,0,"2007",1
"16047","382600",0,0,"2008",1
"16048","382600",0,0,"2009",1
"16049","382600",0,0,"2010",1
"16050","382600",0,0,"2011",1
"16051","382800",0,0,"1987",14
"16052","382800",0,0,"1988",14
"16053","382800",0,0,"1989",14
"16054","382800",0,0,"1990",14
"16055","382800",0,0,"1991",14
"16056","382800",0,0,"1992",14
"16057","382800",0,0,"1993",14
"16058","382800",0,0,"1994",14
"16059","382800",0,0,"1995",14
"16060","382800",0,0,"1996",14
"16061","382800",0,0,"1997",14
"16062","382800",0,0,"1998",14
"16063","382800",0,1,"1999",14
"16064","382800",0,1,"2000",14
"16065","382800",0,1,"2001",14
"16066","382800",0,1,"2002",14
"16067","382800",0,1,"2003",14
"16068","382800",0,1,"2004",14
"16069","382800",0,1,"2005",14
"16070","382800",0,1,"2006",14
"16071","382800",0,1,"2007",14
"16072","382800",0,1,"2008",14
"16073","382800",0,1,"2009",14
"16074","382800",0,1,"2010",14
"16075","382800",0,1,"2011",14
"16076","383000",0,0,"1987",14
"16077","383000",0,0,"1988",14
"16078","383000",0,0,"1989",14
"16079","383000",0,0,"1990",14
"16080","383000",100,0,"1991",14
"16081","383000",0,0,"1992",14
"16082","383000",0,0,"1993",14
"16083","383000",0,0,"1994",14
"16084","383000",0,0,"1995",14
"16085","383000",0,0,"1996",14
"16086","383000",0,0,"1997",14
"16087","383000",0,0,"1998",14
"16088","383000",0,1,"1999",14
"16089","383000",0,1,"2000",14
"16090","383000",0,1,"2001",14
"16091","383000",0,1,"2002",14
"16092","383000",0,1,"2003",14
"16093","383000",100,1,"2004",14
"16094","383000",0,1,"2005",14
"16095","383000",0,1,"2006",14
"16096","383000",0,1,"2007",14
"16097","383000",0,1,"2008",14
"16098","383000",0,1,"2009",14
"16099","383000",0,1,"2010",14
"16100","383000",0,1,"2011",14
"16426","402000",0,0,"1987",17
"16427","402000",0,0,"1988",17
"16428","402000",0,0,"1989",17
"16429","402000",0,0,"1990",17
"16430","402000",0,0,"1991",17
"16431","402000",0,0,"1992",17
"16432","402000",0,0,"1993",17
"16433","402000",0,0,"1994",17
"16434","402000",0,0,"1995",17
"16435","402000",0,1,"1996",17
"16436","402000",100,1,"1997",17
"16437","402000",0,1,"1998",17
"16438","402000",0,1,"1999",17
"16439","402000",0,1,"2000",17
"16440","402000",100,1,"2001",17
"16441","402000",100,1,"2002",17
"16442","402000",100,1,"2003",17
"16443","402000",100,1,"2004",17
"16444","402000",100,1,"2005",17
"16445","402000",100,1,"2006",17
"16446","402000",0,1,"2007",17
"16447","402000",0,1,"2008",17
"16448","402000",0,1,"2009",17
"16449","402000",0,1,"2010",17
"16450","402000",0,1,"2011",17
"16476","402400",0,0,"1987",23
"16477","402400",0,0,"1988",23
"16478","402400",0,0,"1989",23
"16479","402400",0,1,"1990",23
"16480","402400",0,1,"1991",23
"16481","402400",0,1,"1992",23
"16482","402400",0,1,"1993",23
"16483","402400",0,1,"1994",23
"16484","402400",0,1,"1995",23
"16485","402400",0,1,"1996",23
"16486","402400",0,1,"1997",23
"16487","402400",0,1,"1998",23
"16488","402400",0,1,"1999",23
"16489","402400",0,1,"2000",23
"16490","402400",0,1,"2001",23
"16491","402400",0,1,"2002",23
"16492","402400",0,1,"2003",23
"16493","402400",0,1,"2004",23
"16494","402400",0,1,"2005",23
"16495","402400",0,1,"2006",23
"16496","402400",0,1,"2007",23
"16497","402400",0,1,"2008",23
"16498","402400",0,1,"2009",23
"16499","402400",0,1,"2010",23
"16500","402400",0,1,"2011",23
"16501","402600",0,0,"1987",17
"16502","402600",0,0,"1988",17
"16503","402600",100,0,"1989",17
"16504","402600",0,0,"1990",17
"16505","402600",0,0,"1991",17
"16506","402600",0,0,"1992",17
"16507","402600",0,0,"1993",17
"16508","402600",0,0,"1994",17
"16509","402600",0,0,"1995",17
"16510","402600",0,1,"1996",17
"16511","402600",0,1,"1997",17
"16512","402600",0,1,"1998",17
"16513","402600",0,1,"1999",17
"16514","402600",0,1,"2000",17
"16515","402600",0,1,"2001",17
"16516","402600",0,1,"2002",17
"16517","402600",100,1,"2003",17
"16518","402600",0,1,"2004",17
"16519","402600",0,1,"2005",17
"16520","402600",0,1,"2006",17
"16521","402600",100,1,"2007",17
"16522","402600",0,1,"2008",17
"16523","402600",0,1,"2009",17
"16524","402600",0,1,"2010",17
"16525","402600",0,1,"2011",17
"16526","402800",0,0,"1987",1
"16527","402800",0,0,"1988",1
"16528","402800",0,0,"1989",1
"16529","402800",0,0,"1990",1
"16530","402800",0,0,"1991",1
"16531","402800",0,0,"1992",1
"16532","402800",0,0,"1993",1
"16533","402800",0,0,"1994",1
"16534","402800",0,0,"1995",1
"16535","402800",0,0,"1996",1
"16536","402800",0,0,"1997",1
"16537","402800",0,0,"1998",1
"16538","402800",0,0,"1999",1
"16539","402800",0,0,"2000",1
"16540","402800",0,0,"2001",1
"16541","402800",0,0,"2002",1
"16542","402800",0,0,"2003",1
"16543","402800",0,0,"2004",1
"16544","402800",0,0,"2005",1
"16545","402800",0,0,"2006",1
"16546","402800",0,0,"2007",1
"16547","402800",0,0,"2008",1
"16548","402800",0,0,"2009",1
"16549","402800",0,0,"2010",1
"16550","402800",0,0,"2011",1
"16551","403000",0,0,"1987",17
"16552","403000",0,0,"1988",17
"16553","403000",0,0,"1989",17
"16554","403000",0,0,"1990",17
"16555","403000",0,0,"1991",17
"16556","403000",0,0,"1992",17
"16557","403000",0,0,"1993",17
"16558","403000",0,0,"1994",17
"16559","403000",0,0,"1995",17
"16560","403000",0,1,"1996",17
"16561","403000",0,1,"1997",17
"16562","403000",0,1,"1998",17
"16563","403000",100,1,"1999",17
"16564","403000",0,1,"2000",17
"16565","403000",0,1,"2001",17
"16566","403000",0,1,"2002",17
"16567","403000",100,1,"2003",17
"16568","403000",0,1,"2004",17
"16569","403000",0,1,"2005",17
"16570","403000",100,1,"2006",17
"16571","403000",100,1,"2007",17
"16572","403000",100,1,"2008",17
"16573","403000",100,1,"2009",17
"16574","403000",100,1,"2010",17
"16575","403000",100,1,"2011",17
"16576","403200",0,0,"1987",17
"16577","403200",100,0,"1988",17
"16578","403200",0,0,"1989",17
"16579","403200",0,0,"1990",17
"16580","403200",100,0,"1991",17
"16581","403200",0,0,"1992",17
"16582","403200",0,0,"1993",17
"16583","403200",0,0,"1994",17
"16584","403200",0,0,"1995",17
"16585","403200",0,1,"1996",17
"16586","403200",0,1,"1997",17
"16587","403200",100,1,"1998",17
"16588","403200",0,1,"1999",17
"16589","403200",100,1,"2000",17
"16590","403200",100,1,"2001",17
"16591","403200",100,1,"2002",17
"16592","403200",100,1,"2003",17
"16593","403200",100,1,"2004",17
"16594","403200",100,1,"2005",17
"16595","403200",100,1,"2006",17
"16596","403200",0,1,"2007",17
"16597","403200",0,1,"2008",17
"16598","403200",100,1,"2009",17
"16599","403200",0,1,"2010",17
"16600","403200",100,1,"2011",17
"16601","403400",0,0,"1987",1
"16602","403400",100,0,"1988",1
"16603","403400",0,0,"1989",1
"16604","403400",0,0,"1990",1
"16605","403400",0,0,"1991",1
"16606","403400",0,0,"1992",1
"16607","403400",0,0,"1993",1
"16608","403400",0,0,"1994",1
"16609","403400",100,0,"1995",1
"16610","403400",0,0,"1996",1
"16611","403400",0,0,"1997",1
"16612","403400",0,0,"1998",1
"16613","403400",100,0,"1999",1
"16614","403400",0,0,"2000",1
"16615","403400",0,0,"2001",1
"16616","403400",0,0,"2002",1
"16617","403400",100,0,"2003",1
"16618","403400",0,0,"2004",1
"16619","403400",0,0,"2005",1
"16620","403400",100,0,"2006",1
"16621","403400",0,0,"2007",1
"16622","403400",0,0,"2008",1
"16623","403400",100,0,"2009",1
"16624","403400",0,0,"2010",1
"16625","403400",0,0,"2011",1
"16651","403800",0,0,"1987",1
"16652","403800",0,0,"1988",1
"16653","403800",0,0,"1989",1
"16654","403800",0,0,"1990",1
"16655","403800",0,0,"1991",1
"16656","403800",0,0,"1992",1
"16657","403800",0,0,"1993",1
"16658","403800",0,0,"1994",1
"16659","403800",0,0,"1995",1
"16660","403800",0,0,"1996",1
"16661","403800",0,0,"1997",1
"16662","403800",0,0,"1998",1
"16663","403800",0,0,"1999",1
"16664","403800",0,0,"2000",1
"16665","403800",0,0,"2001",1
"16666","403800",0,0,"2002",1
"16667","403800",0,0,"2003",1
"16668","403800",0,0,"2004",1
"16669","403800",0,0,"2005",1
"16670","403800",0,0,"2006",1
"16671","403800",0,0,"2007",1
"16672","403800",0,0,"2008",1
"16673","403800",0,0,"2009",1
"16674","403800",0,0,"2010",1
"16675","403800",0,0,"2011",1
"16701","404200",0,0,"1987",12
"16702","404200",0,0,"1988",12
"16703","404200",0,0,"1989",12
"16704","404200",100,0,"1990",12
"16705","404200",0,0,"1991",12
"16706","404200",0,0,"1992",12
"16707","404200",0,0,"1993",12
"16708","404200",0,0,"1994",12
"16709","404200",100,0,"1995",12
"16710","404200",0,0,"1996",12
"16711","404200",0,0,"1997",12
"16712","404200",0,0,"1998",12
"16713","404200",100,0,"1999",12
"16714","404200",100,0,"2000",12
"16715","404200",0,1,"2001",12
"16716","404200",0,1,"2002",12
"16717","404200",100,1,"2003",12
"16718","404200",100,1,"2004",12
"16719","404200",100,1,"2005",12
"16720","404200",100,1,"2006",12
"16721","404200",100,1,"2007",12
"16722","404200",100,1,"2008",12
"16723","404200",100,1,"2009",12
"16724","404200",100,1,"2010",12
"16725","404200",100,1,"2011",12
"16726","404400",0,0,"1987",17
"16727","404400",0,0,"1988",17
"16728","404400",0,0,"1989",17
"16729","404400",0,0,"1990",17
"16730","404400",100,0,"1991",17
"16731","404400",0,0,"1992",17
"16732","404400",0,0,"1993",17
"16733","404400",0,0,"1994",17
"16734","404400",0,0,"1995",17
"16735","404400",0,1,"1996",17
"16736","404400",0,1,"1997",17
"16737","404400",0,1,"1998",17
"16738","404400",0,1,"1999",17
"16739","404400",0,1,"2000",17
"16740","404400",0,1,"2001",17
"16741","404400",100,1,"2002",17
"16742","404400",100,1,"2003",17
"16743","404400",0,1,"2004",17
"16744","404400",100,1,"2005",17
"16745","404400",100,1,"2006",17
"16746","404400",100,1,"2007",17
"16747","404400",100,1,"2008",17
"16748","404400",0,1,"2009",17
"16749","404400",0,1,"2010",17
"16750","404400",0,1,"2011",17
"16751","404600",0,0,"1987",17
"16752","404600",0,0,"1988",17
"16753","404600",0,0,"1989",17
"16754","404600",0,0,"1990",17
"16755","404600",100,0,"1991",17
"16756","404600",0,0,"1992",17
"16757","404600",0,0,"1993",17
"16758","404600",0,0,"1994",17
"16759","404600",100,0,"1995",17
"16760","404600",0,1,"1996",17
"16761","404600",0,1,"1997",17
"16762","404600",100,1,"1998",17
"16763","404600",0,1,"1999",17
"16764","404600",100,1,"2000",17
"16765","404600",0,1,"2001",17
"16766","404600",100,1,"2002",17
"16767","404600",100,1,"2003",17
"16768","404600",100,1,"2004",17
"16769","404600",0,1,"2005",17
"16770","404600",100,1,"2006",17
"16771","404600",0,1,"2007",17
"16772","404600",0,1,"2008",17
"16773","404600",0,1,"2009",17
"16774","404600",0,1,"2010",17
"16775","404600",0,1,"2011",17
"16776","404800",0,0,"1987",23
"16777","404800",0,0,"1988",23
"16778","404800",0,0,"1989",23
"16779","404800",100,1,"1990",23
"16780","404800",0,1,"1991",23
"16781","404800",0,1,"1992",23
"16782","404800",0,1,"1993",23
"16783","404800",100,1,"1994",23
"16784","404800",0,1,"1995",23
"16785","404800",0,1,"1996",23
"16786","404800",0,1,"1997",23
"16787","404800",100,1,"1998",23
"16788","404800",0,1,"1999",23
"16789","404800",100,1,"2000",23
"16790","404800",0,1,"2001",23
"16791","404800",100,1,"2002",23
"16792","404800",100,1,"2003",23
"16793","404800",100,1,"2004",23
"16794","404800",100,1,"2005",23
"16795","404800",100,1,"2006",23
"16796","404800",100,1,"2007",23
"16797","404800",100,1,"2008",23
"16798","404800",100,1,"2009",23
"16799","404800",100,1,"2010",23
"16800","404800",100,1,"2011",23
"16801","405000",0,0,"1987",23
"16802","405000",0,0,"1988",23
"16803","405000",0,0,"1989",23
"16804","405000",0,1,"1990",23
"16805","405000",0,1,"1991",23
"16806","405000",100,1,"1992",23
"16807","405000",0,1,"1993",23
"16808","405000",0,1,"1994",23
"16809","405000",0,1,"1995",23
"16810","405000",100,1,"1996",23
"16811","405000",0,1,"1997",23
"16812","405000",0,1,"1998",23
"16813","405000",0,1,"1999",23
"16814","405000",100,1,"2000",23
"16815","405000",100,1,"2001",23
"16816","405000",100,1,"2002",23
"16817","405000",100,1,"2003",23
"16818","405000",100,1,"2004",23
"16819","405000",100,1,"2005",23
"16820","405000",100,1,"2006",23
"16821","405000",100,1,"2007",23
"16822","405000",0,1,"2008",23
"16823","405000",0,1,"2009",23
"16824","405000",0,1,"2010",23
"16825","405000",0,1,"2011",23
"16951","406200",0,0,"1987",1
"16952","406200",100,0,"1988",1
"16953","406200",0,0,"1989",1
"16954","406200",0,0,"1990",1
"16955","406200",0,0,"1991",1
"16956","406200",0,0,"1992",1
"16957","406200",0,0,"1993",1
"16958","406200",100,0,"1994",1
"16959","406200",0,0,"1995",1
"16960","406200",0,0,"1996",1
"16961","406200",0,0,"1997",1
"16962","406200",0,0,"1998",1
"16963","406200",0,0,"1999",1
"16964","406200",0,0,"2000",1
"16965","406200",0,0,"2001",1
"16966","406200",100,0,"2002",1
"16967","406200",0,0,"2003",1
"16968","406200",0,0,"2004",1
"16969","406200",0,0,"2005",1
"16970","406200",100,0,"2006",1
"16971","406200",0,0,"2007",1
"16972","406200",0,0,"2008",1
"16973","406200",0,0,"2009",1
"16974","406200",0,0,"2010",1
"16975","406200",0,0,"2011",1
"17001","406600",0,0,"1987",1
"17002","406600",0,0,"1988",1
"17003","406600",0,0,"1989",1
"17004","406600",0,0,"1990",1
"17005","406600",0,0,"1991",1
"17006","406600",0,0,"1992",1
"17007","406600",0,0,"1993",1
"17008","406600",0,0,"1994",1
"17009","406600",0,0,"1995",1
"17010","406600",0,0,"1996",1
"17011","406600",0,0,"1997",1
"17012","406600",0,0,"1998",1
"17013","406600",0,0,"1999",1
"17014","406600",0,0,"2000",1
"17015","406600",0,0,"2001",1
"17016","406600",0,0,"2002",1
"17017","406600",0,0,"2003",1
"17018","406600",0,0,"2004",1
"17019","406600",0,0,"2005",1
"17020","406600",0,0,"2006",1
"17021","406600",0,0,"2007",1
"17022","406600",0,0,"2008",1
"17023","406600",0,0,"2009",1
"17024","406600",0,0,"2010",1
"17025","406600",0,0,"2011",1
"17026","406800",0,0,"1987",23
"17027","406800",0,0,"1988",23
"17028","406800",100,0,"1989",23
"17029","406800",0,1,"1990",23
"17030","406800",0,1,"1991",23
"17031","406800",100,1,"1992",23
"17032","406800",0,1,"1993",23
"17033","406800",0,1,"1994",23
"17034","406800",100,1,"1995",23
"17035","406800",0,1,"1996",23
"17036","406800",0,1,"1997",23
"17037","406800",100,1,"1998",23
"17038","406800",0,1,"1999",23
"17039","406800",0,1,"2000",23
"17040","406800",0,1,"2001",23
"17041","406800",100,1,"2002",23
"17042","406800",100,1,"2003",23
"17043","406800",0,1,"2004",23
"17044","406800",100,1,"2005",23
"17045","406800",100,1,"2006",23
"17046","406800",100,1,"2007",23
"17047","406800",100,1,"2008",23
"17048","406800",100,1,"2009",23
"17049","406800",100,1,"2010",23
"17050","406800",100,1,"2011",23
"17051","407000",0,0,"1987",8
"17052","407000",0,0,"1988",8
"17053","407000",0,0,"1989",8
"17054","407000",0,0,"1990",8
"17055","407000",0,0,"1991",8
"17056","407000",0,0,"1992",8
"17057","407000",0,0,"1993",8
"17058","407000",0,0,"1994",8
"17059","407000",0,0,"1995",8
"17060","407000",0,0,"1996",8
"17061","407000",0,0,"1997",8
"17062","407000",0,0,"1998",8
"17063","407000",0,0,"1999",8
"17064","407000",0,0,"2000",8
"17065","407000",0,0,"2001",8
"17066","407000",0,0,"2002",8
"17067","407000",0,0,"2003",8
"17068","407000",100,0,"2004",8
"17069","407000",100,1,"2005",8
"17070","407000",100,1,"2006",8
"17071","407000",0,1,"2007",8
"17072","407000",100,1,"2008",8
"17073","407000",0,1,"2009",8
"17074","407000",0,1,"2010",8
"17075","407000",0,1,"2011",8
"17126","407600",0,0,"1987",17
"17127","407600",0,0,"1988",17
"17128","407600",100,0,"1989",17
"17129","407600",0,0,"1990",17
"17130","407600",0,0,"1991",17
"17131","407600",0,0,"1992",17
"17132","407600",0,0,"1993",17
"17133","407600",0,0,"1994",17
"17134","407600",0,0,"1995",17
"17135","407600",0,1,"1996",17
"17136","407600",100,1,"1997",17
"17137","407600",0,1,"1998",17
"17138","407600",0,1,"1999",17
"17139","407600",0,1,"2000",17
"17140","407600",0,1,"2001",17
"17141","407600",100,1,"2002",17
"17142","407600",100,1,"2003",17
"17143","407600",100,1,"2004",17
"17144","407600",100,1,"2005",17
"17145","407600",0,1,"2006",17
"17146","407600",100,1,"2007",17
"17147","407600",100,1,"2008",17
"17148","407600",0,1,"2009",17
"17149","407600",0,1,"2010",17
"17150","407600",100,1,"2011",17
"17151","407800",0,0,"1987",23
"17152","407800",100,0,"1988",23
"17153","407800",0,0,"1989",23
"17154","407800",0,1,"1990",23
"17155","407800",0,1,"1991",23
"17156","407800",0,1,"1992",23
"17157","407800",0,1,"1993",23
"17158","407800",0,1,"1994",23
"17159","407800",0,1,"1995",23
"17160","407800",0,1,"1996",23
"17161","407800",0,1,"1997",23
"17162","407800",0,1,"1998",23
"17163","407800",100,1,"1999",23
"17164","407800",0,1,"2000",23
"17165","407800",0,1,"2001",23
"17166","407800",0,1,"2002",23
"17167","407800",0,1,"2003",23
"17168","407800",100,1,"2004",23
"17169","407800",0,1,"2005",23
"17170","407800",0,1,"2006",23
"17171","407800",100,1,"2007",23
"17172","407800",0,1,"2008",23
"17173","407800",0,1,"2009",23
"17174","407800",0,1,"2010",23
"17175","407800",0,1,"2011",23
"17176","408000",0,0,"1987",5
"17177","408000",0,0,"1988",5
"17178","408000",0,0,"1989",5
"17179","408000",100,0,"1990",5
"17180","408000",0,0,"1991",5
"17181","408000",0,0,"1992",5
"17182","408000",0,0,"1993",5
"17183","408000",100,0,"1994",5
"17184","408000",0,0,"1995",5
"17185","408000",0,0,"1996",5
"17186","408000",0,0,"1997",5
"17187","408000",100,0,"1998",5
"17188","408000",0,0,"1999",5
"17189","408000",0,0,"2000",5
"17190","408000",0,0,"2001",5
"17191","408000",0,0,"2002",5
"17192","408000",100,0,"2003",5
"17193","408000",100,0,"2004",5
"17194","408000",0,0,"2005",5
"17195","408000",0,0,"2006",5
"17196","408000",100,0,"2007",5
"17197","408000",0,1,"2008",5
"17198","408000",0,1,"2009",5
"17199","408000",100,1,"2010",5
"17200","408000",0,1,"2011",5
"17251","412200",0,0,"1987",1
"17252","412200",0,0,"1988",1
"17253","412200",0,0,"1989",1
"17254","412200",0,0,"1990",1
"17255","412200",0,0,"1991",1
"17256","412200",0,0,"1992",1
"17257","412200",100,0,"1993",1
"17258","412200",0,0,"1994",1
"17259","412200",100,0,"1995",1
"17260","412200",0,0,"1996",1
"17261","412200",0,0,"1997",1
"17262","412200",0,0,"1998",1
"17263","412200",0,0,"1999",1
"17264","412200",0,0,"2000",1
"17265","412200",0,0,"2001",1
"17266","412200",0,0,"2002",1
"17267","412200",100,0,"2003",1
"17268","412200",100,0,"2004",1
"17269","412200",100,0,"2005",1
"17270","412200",0,0,"2006",1
"17271","412200",0,0,"2007",1
"17272","412200",0,0,"2008",1
"17273","412200",0,0,"2009",1
"17274","412200",0,0,"2010",1
"17275","412200",0,0,"2011",1
"17301","412600",0,0,"1987",12
"17302","412600",0,0,"1988",12
"17303","412600",0,0,"1989",12
"17304","412600",0,0,"1990",12
"17305","412600",0,0,"1991",12
"17306","412600",0,0,"1992",12
"17307","412600",100,0,"1993",12
"17308","412600",0,0,"1994",12
"17309","412600",0,0,"1995",12
"17310","412600",0,0,"1996",12
"17311","412600",0,0,"1997",12
"17312","412600",0,0,"1998",12
"17313","412600",0,0,"1999",12
"17314","412600",0,0,"2000",12
"17315","412600",0,1,"2001",12
"17316","412600",100,1,"2002",12
"17317","412600",100,1,"2003",12
"17318","412600",100,1,"2004",12
"17319","412600",100,1,"2005",12
"17320","412600",0,1,"2006",12
"17321","412600",0,1,"2007",12
"17322","412600",100,1,"2008",12
"17323","412600",0,1,"2009",12
"17324","412600",100,1,"2010",12
"17325","412600",100,1,"2011",12
"17326","412800",0,0,"1987",23
"17327","412800",0,0,"1988",23
"17328","412800",0,0,"1989",23
"17329","412800",0,1,"1990",23
"17330","412800",0,1,"1991",23
"17331","412800",0,1,"1992",23
"17332","412800",0,1,"1993",23
"17333","412800",100,1,"1994",23
"17334","412800",0,1,"1995",23
"17335","412800",0,1,"1996",23
"17336","412800",0,1,"1997",23
"17337","412800",100,1,"1998",23
"17338","412800",0,1,"1999",23
"17339","412800",0,1,"2000",23
"17340","412800",0,1,"2001",23
"17341","412800",0,1,"2002",23
"17342","412800",0,1,"2003",23
"17343","412800",100,1,"2004",23
"17344","412800",0,1,"2005",23
"17345","412800",0,1,"2006",23
"17346","412800",0,1,"2007",23
"17347","412800",0,1,"2008",23
"17348","412800",0,1,"2009",23
"17349","412800",0,1,"2010",23
"17350","412800",0,1,"2011",23
"17351","413000",0,0,"1987",1
"17352","413000",0,0,"1988",1
"17353","413000",0,0,"1989",1
"17354","413000",0,0,"1990",1
"17355","413000",0,0,"1991",1
"17356","413000",0,0,"1992",1
"17357","413000",0,0,"1993",1
"17358","413000",0,0,"1994",1
"17359","413000",0,0,"1995",1
"17360","413000",100,0,"1996",1
"17361","413000",0,0,"1997",1
"17362","413000",0,0,"1998",1
"17363","413000",0,0,"1999",1
"17364","413000",0,0,"2000",1
"17365","413000",0,0,"2001",1
"17366","413000",0,0,"2002",1
"17367","413000",0,0,"2003",1
"17368","413000",0,0,"2004",1
"17369","413000",0,0,"2005",1
"17370","413000",0,0,"2006",1
"17371","413000",0,0,"2007",1
"17372","413000",0,0,"2008",1
"17373","413000",0,0,"2009",1
"17374","413000",0,0,"2010",1
"17375","413000",0,0,"2011",1
"17376","413200",0,0,"1987",12
"17377","413200",0,0,"1988",12
"17378","413200",0,0,"1989",12
"17379","413200",0,0,"1990",12
"17380","413200",0,0,"1991",12
"17381","413200",100,0,"1992",12
"17382","413200",0,0,"1993",12
"17383","413200",0,0,"1994",12
"17384","413200",0,0,"1995",12
"17385","413200",0,0,"1996",12
"17386","413200",0,0,"1997",12
"17387","413200",0,0,"1998",12
"17388","413200",0,0,"1999",12
"17389","413200",0,0,"2000",12
"17390","413200",0,1,"2001",12
"17391","413200",0,1,"2002",12
"17392","413200",0,1,"2003",12
"17393","413200",0,1,"2004",12
"17394","413200",0,1,"2005",12
"17395","413200",0,1,"2006",12
"17396","413200",0,1,"2007",12
"17397","413200",0,1,"2008",12
"17398","413200",0,1,"2009",12
"17399","413200",0,1,"2010",12
"17400","413200",0,1,"2011",12
"17426","413600",0,0,"1987",12
"17427","413600",0,0,"1988",12
"17428","413600",0,0,"1989",12
"17429","413600",0,0,"1990",12
"17430","413600",0,0,"1991",12
"17431","413600",0,0,"1992",12
"17432","413600",0,0,"1993",12
"17433","413600",0,0,"1994",12
"17434","413600",0,0,"1995",12
"17435","413600",0,0,"1996",12
"17436","413600",0,0,"1997",12
"17437","413600",0,0,"1998",12
"17438","413600",0,0,"1999",12
"17439","413600",0,0,"2000",12
"17440","413600",100,1,"2001",12
"17441","413600",100,1,"2002",12
"17442","413600",100,1,"2003",12
"17443","413600",100,1,"2004",12
"17444","413600",100,1,"2005",12
"17445","413600",100,1,"2006",12
"17446","413600",0,1,"2007",12
"17447","413600",0,1,"2008",12
"17448","413600",0,1,"2009",12
"17449","413600",0,1,"2010",12
"17450","413600",0,1,"2011",12
"17551","414600",0,0,"1987",23
"17552","414600",0,0,"1988",23
"17553","414600",0,0,"1989",23
"17554","414600",0,1,"1990",23
"17555","414600",100,1,"1991",23
"17556","414600",0,1,"1992",23
"17557","414600",0,1,"1993",23
"17558","414600",0,1,"1994",23
"17559","414600",0,1,"1995",23
"17560","414600",0,1,"1996",23
"17561","414600",0,1,"1997",23
"17562","414600",0,1,"1998",23
"17563","414600",0,1,"1999",23
"17564","414600",0,1,"2000",23
"17565","414600",0,1,"2001",23
"17566","414600",0,1,"2002",23
"17567","414600",0,1,"2003",23
"17568","414600",0,1,"2004",23
"17569","414600",0,1,"2005",23
"17570","414600",100,1,"2006",23
"17571","414600",0,1,"2007",23
"17572","414600",0,1,"2008",23
"17573","414600",100,1,"2009",23
"17574","414600",100,1,"2010",23
"17575","414600",100,1,"2011",23
"17576","414800",0,0,"1987",1
"17577","414800",0,0,"1988",1
"17578","414800",0,0,"1989",1
"17579","414800",0,0,"1990",1
"17580","414800",0,0,"1991",1
"17581","414800",0,0,"1992",1
"17582","414800",0,0,"1993",1
"17583","414800",0,0,"1994",1
"17584","414800",0,0,"1995",1
"17585","414800",0,0,"1996",1
"17586","414800",0,0,"1997",1
"17587","414800",0,0,"1998",1
"17588","414800",0,0,"1999",1
"17589","414800",0,0,"2000",1
"17590","414800",0,0,"2001",1
"17591","414800",0,0,"2002",1
"17592","414800",0,0,"2003",1
"17593","414800",0,0,"2004",1
"17594","414800",0,0,"2005",1
"17595","414800",0,0,"2006",1
"17596","414800",0,0,"2007",1
"17597","414800",0,0,"2008",1
"17598","414800",0,0,"2009",1
"17599","414800",0,0,"2010",1
"17600","414800",0,0,"2011",1
"17601","415000",0,0,"1987",19
"17602","415000",0,0,"1988",19
"17603","415000",0,0,"1989",19
"17604","415000",0,0,"1990",19
"17605","415000",100,0,"1991",19
"17606","415000",0,0,"1992",19
"17607","415000",0,0,"1993",19
"17608","415000",0,1,"1994",19
"17609","415000",0,1,"1995",19
"17610","415000",0,1,"1996",19
"17611","415000",0,1,"1997",19
"17612","415000",0,1,"1998",19
"17613","415000",0,1,"1999",19
"17614","415000",0,1,"2000",19
"17615","415000",0,1,"2001",19
"17616","415000",0,1,"2002",19
"17617","415000",100,1,"2003",19
"17618","415000",100,1,"2004",19
"17619","415000",100,1,"2005",19
"17620","415000",0,1,"2006",19
"17621","415000",0,1,"2007",19
"17622","415000",0,1,"2008",19
"17623","415000",0,1,"2009",19
"17624","415000",0,1,"2010",19
"17625","415000",0,1,"2011",19
"17626","415200",0,0,"1987",15
"17627","415200",0,0,"1988",15
"17628","415200",0,0,"1989",15
"17629","415200",0,0,"1990",15
"17630","415200",100,0,"1991",15
"17631","415200",0,0,"1992",15
"17632","415200",0,0,"1993",15
"17633","415200",0,0,"1994",15
"17634","415200",0,0,"1995",15
"17635","415200",0,0,"1996",15
"17636","415200",0,0,"1997",15
"17637","415200",0,1,"1998",15
"17638","415200",0,1,"1999",15
"17639","415200",0,1,"2000",15
"17640","415200",0,1,"2001",15
"17641","415200",0,1,"2002",15
"17642","415200",0,1,"2003",15
"17643","415200",0,1,"2004",15
"17644","415200",0,1,"2005",15
"17645","415200",100,1,"2006",15
"17646","415200",0,1,"2007",15
"17647","415200",0,1,"2008",15
"17648","415200",0,1,"2009",15
"17649","415200",0,1,"2010",15
"17650","415200",0,1,"2011",15
"17676","415600",100,0,"1987",23
"17677","415600",0,0,"1988",23
"17678","415600",0,0,"1989",23
"17679","415600",0,1,"1990",23
"17680","415600",0,1,"1991",23
"17681","415600",0,1,"1992",23
"17682","415600",0,1,"1993",23
"17683","415600",0,1,"1994",23
"17684","415600",0,1,"1995",23
"17685","415600",0,1,"1996",23
"17686","415600",0,1,"1997",23
"17687","415600",0,1,"1998",23
"17688","415600",0,1,"1999",23
"17689","415600",0,1,"2000",23
"17690","415600",0,1,"2001",23
"17691","415600",0,1,"2002",23
"17692","415600",0,1,"2003",23
"17693","415600",100,1,"2004",23
"17694","415600",0,1,"2005",23
"17695","415600",0,1,"2006",23
"17696","415600",0,1,"2007",23
"17697","415600",100,1,"2008",23
"17698","415600",0,1,"2009",23
"17699","415600",0,1,"2010",23
"17700","415600",0,1,"2011",23
"17826","432000",0,0,"1987",23
"17827","432000",0,0,"1988",23
"17828","432000",0,0,"1989",23
"17829","432000",0,1,"1990",23
"17830","432000",0,1,"1991",23
"17831","432000",0,1,"1992",23
"17832","432000",100,1,"1993",23
"17833","432000",0,1,"1994",23
"17834","432000",0,1,"1995",23
"17835","432000",0,1,"1996",23
"17836","432000",0,1,"1997",23
"17837","432000",0,1,"1998",23
"17838","432000",0,1,"1999",23
"17839","432000",0,1,"2000",23
"17840","432000",0,1,"2001",23
"17841","432000",0,1,"2002",23
"17842","432000",0,1,"2003",23
"17843","432000",0,1,"2004",23
"17844","432000",0,1,"2005",23
"17845","432000",0,1,"2006",23
"17846","432000",0,1,"2007",23
"17847","432000",0,1,"2008",23
"17848","432000",0,1,"2009",23
"17849","432000",0,1,"2010",23
"17850","432000",0,1,"2011",23
"17851","432200",0,0,"1987",1
"17852","432200",0,0,"1988",1
"17853","432200",0,0,"1989",1
"17854","432200",0,0,"1990",1
"17855","432200",0,0,"1991",1
"17856","432200",0,0,"1992",1
"17857","432200",100,0,"1993",1
"17858","432200",0,0,"1994",1
"17859","432200",0,0,"1995",1
"17860","432200",0,0,"1996",1
"17861","432200",0,0,"1997",1
"17862","432200",0,0,"1998",1
"17863","432200",0,0,"1999",1
"17864","432200",0,0,"2000",1
"17865","432200",0,0,"2001",1
"17866","432200",0,0,"2002",1
"17867","432200",0,0,"2003",1
"17868","432200",0,0,"2004",1
"17869","432200",0,0,"2005",1
"17870","432200",0,0,"2006",1
"17871","432200",0,0,"2007",1
"17872","432200",0,0,"2008",1
"17873","432200",0,0,"2009",1
"17874","432200",0,0,"2010",1
"17875","432200",0,0,"2011",1
"17876","432400",0,0,"1987",11
"17877","432400",0,0,"1988",11
"17878","432400",0,0,"1989",11
"17879","432400",0,0,"1990",11
"17880","432400",0,0,"1991",11
"17881","432400",0,0,"1992",11
"17882","432400",100,0,"1993",11
"17883","432400",0,0,"1994",11
"17884","432400",0,0,"1995",11
"17885","432400",0,0,"1996",11
"17886","432400",0,0,"1997",11
"17887","432400",0,0,"1998",11
"17888","432400",0,0,"1999",11
"17889","432400",0,0,"2000",11
"17890","432400",0,0,"2001",11
"17891","432400",0,1,"2002",11
"17892","432400",0,1,"2003",11
"17893","432400",0,1,"2004",11
"17894","432400",0,1,"2005",11
"17895","432400",0,1,"2006",11
"17896","432400",0,1,"2007",11
"17897","432400",0,1,"2008",11
"17898","432400",0,1,"2009",11
"17899","432400",0,1,"2010",11
"17900","432400",0,1,"2011",11
"17901","432600",0,0,"1987",9
"17902","432600",0,0,"1988",9
"17903","432600",0,0,"1989",9
"17904","432600",0,0,"1990",9
"17905","432600",0,0,"1991",9
"17906","432600",0,0,"1992",9
"17907","432600",100,0,"1993",9
"17908","432600",0,0,"1994",9
"17909","432600",0,0,"1995",9
"17910","432600",0,0,"1996",9
"17911","432600",0,0,"1997",9
"17912","432600",0,0,"1998",9
"17913","432600",0,0,"1999",9
"17914","432600",0,0,"2000",9
"17915","432600",0,0,"2001",9
"17916","432600",0,0,"2002",9
"17917","432600",0,0,"2003",9
"17918","432600",0,1,"2004",9
"17919","432600",0,1,"2005",9
"17920","432600",0,1,"2006",9
"17921","432600",0,1,"2007",9
"17922","432600",0,1,"2008",9
"17923","432600",0,1,"2009",9
"17924","432600",0,1,"2010",9
"17925","432600",0,1,"2011",9
"17926","432800",0,0,"1987",5
"17927","432800",0,0,"1988",5
"17928","432800",0,0,"1989",5
"17929","432800",0,0,"1990",5
"17930","432800",0,0,"1991",5
"17931","432800",0,0,"1992",5
"17932","432800",0,0,"1993",5
"17933","432800",0,0,"1994",5
"17934","432800",100,0,"1995",5
"17935","432800",0,0,"1996",5
"17936","432800",0,0,"1997",5
"17937","432800",0,0,"1998",5
"17938","432800",0,0,"1999",5
"17939","432800",0,0,"2000",5
"17940","432800",0,0,"2001",5
"17941","432800",0,0,"2002",5
"17942","432800",0,0,"2003",5
"17943","432800",0,0,"2004",5
"17944","432800",0,0,"2005",5
"17945","432800",0,0,"2006",5
"17946","432800",0,0,"2007",5
"17947","432800",0,1,"2008",5
"17948","432800",0,1,"2009",5
"17949","432800",100,1,"2010",5
"17950","432800",0,1,"2011",5
"17951","433000",0,0,"1987",23
"17952","433000",0,0,"1988",23
"17953","433000",0,0,"1989",23
"17954","433000",0,1,"1990",23
"17955","433000",0,1,"1991",23
"17956","433000",0,1,"1992",23
"17957","433000",100,1,"1993",23
"17958","433000",0,1,"1994",23
"17959","433000",0,1,"1995",23
"17960","433000",0,1,"1996",23
"17961","433000",0,1,"1997",23
"17962","433000",0,1,"1998",23
"17963","433000",0,1,"1999",23
"17964","433000",0,1,"2000",23
"17965","433000",0,1,"2001",23
"17966","433000",0,1,"2002",23
"17967","433000",0,1,"2003",23
"17968","433000",0,1,"2004",23
"17969","433000",0,1,"2005",23
"17970","433000",0,1,"2006",23
"17971","433000",0,1,"2007",23
"17972","433000",0,1,"2008",23
"17973","433000",0,1,"2009",23
"17974","433000",0,1,"2010",23
"17975","433000",0,1,"2011",23
"17976","433200",0,0,"1987",1
"17977","433200",0,0,"1988",1
"17978","433200",0,0,"1989",1
"17979","433200",0,0,"1990",1
"17980","433200",0,0,"1991",1
"17981","433200",0,0,"1992",1
"17982","433200",100,0,"1993",1
"17983","433200",0,0,"1994",1
"17984","433200",0,0,"1995",1
"17985","433200",0,0,"1996",1
"17986","433200",0,0,"1997",1
"17987","433200",0,0,"1998",1
"17988","433200",0,0,"1999",1
"17989","433200",0,0,"2000",1
"17990","433200",0,0,"2001",1
"17991","433200",0,0,"2002",1
"17992","433200",0,0,"2003",1
"17993","433200",0,0,"2004",1
"17994","433200",0,0,"2005",1
"17995","433200",0,0,"2006",1
"17996","433200",0,0,"2007",1
"17997","433200",0,0,"2008",1
"17998","433200",0,0,"2009",1
"17999","433200",0,0,"2010",1
"18000","433200",0,0,"2011",1
"18001","433400",0,0,"1987",1
"18002","433400",0,0,"1988",1
"18003","433400",0,0,"1989",1
"18004","433400",0,0,"1990",1
"18005","433400",0,0,"1991",1
"18006","433400",0,0,"1992",1
"18007","433400",0,0,"1993",1
"18008","433400",0,0,"1994",1
"18009","433400",0,0,"1995",1
"18010","433400",0,0,"1996",1
"18011","433400",0,0,"1997",1
"18012","433400",0,0,"1998",1
"18013","433400",0,0,"1999",1
"18014","433400",0,0,"2000",1
"18015","433400",0,0,"2001",1
"18016","433400",0,0,"2002",1
"18017","433400",0,0,"2003",1
"18018","433400",0,0,"2004",1
"18019","433400",0,0,"2005",1
"18020","433400",0,0,"2006",1
"18021","433400",0,0,"2007",1
"18022","433400",0,0,"2008",1
"18023","433400",0,0,"2009",1
"18024","433400",0,0,"2010",1
"18025","433400",0,0,"2011",1
"18026","433600",0,0,"1987",1
"18027","433600",0,0,"1988",1
"18028","433600",0,0,"1989",1
"18029","433600",0,0,"1990",1
"18030","433600",100,0,"1991",1
"18031","433600",0,0,"1992",1
"18032","433600",0,0,"1993",1
"18033","433600",0,0,"1994",1
"18034","433600",0,0,"1995",1
"18035","433600",0,0,"1996",1
"18036","433600",0,0,"1997",1
"18037","433600",0,0,"1998",1
"18038","433600",0,0,"1999",1
"18039","433600",0,0,"2000",1
"18040","433600",0,0,"2001",1
"18041","433600",0,0,"2002",1
"18042","433600",0,0,"2003",1
"18043","433600",0,0,"2004",1
"18044","433600",0,0,"2005",1
"18045","433600",0,0,"2006",1
"18046","433600",0,0,"2007",1
"18047","433600",0,0,"2008",1
"18048","433600",0,0,"2009",1
"18049","433600",0,0,"2010",1
"18050","433600",0,0,"2011",1
"18051","433800",0,0,"1987",14
"18052","433800",0,0,"1988",14
"18053","433800",0,0,"1989",14
"18054","433800",0,0,"1990",14
"18055","433800",0,0,"1991",14
"18056","433800",0,0,"1992",14
"18057","433800",100,0,"1993",14
"18058","433800",0,0,"1994",14
"18059","433800",0,0,"1995",14
"18060","433800",0,0,"1996",14
"18061","433800",0,0,"1997",14
"18062","433800",0,0,"1998",14
"18063","433800",0,1,"1999",14
"18064","433800",0,1,"2000",14
"18065","433800",0,1,"2001",14
"18066","433800",0,1,"2002",14
"18067","433800",0,1,"2003",14
"18068","433800",0,1,"2004",14
"18069","433800",0,1,"2005",14
"18070","433800",0,1,"2006",14
"18071","433800",0,1,"2007",14
"18072","433800",0,1,"2008",14
"18073","433800",0,1,"2009",14
"18074","433800",0,1,"2010",14
"18075","433800",0,1,"2011",14
"18076","434000",0,0,"1987",14
"18077","434000",0,0,"1988",14
"18078","434000",0,0,"1989",14
"18079","434000",0,0,"1990",14
"18080","434000",0,0,"1991",14
"18081","434000",0,0,"1992",14
"18082","434000",0,0,"1993",14
"18083","434000",0,0,"1994",14
"18084","434000",0,0,"1995",14
"18085","434000",0,0,"1996",14
"18086","434000",0,0,"1997",14
"18087","434000",0,0,"1998",14
"18088","434000",0,1,"1999",14
"18089","434000",0,1,"2000",14
"18090","434000",0,1,"2001",14
"18091","434000",0,1,"2002",14
"18092","434000",0,1,"2003",14
"18093","434000",0,1,"2004",14
"18094","434000",0,1,"2005",14
"18095","434000",100,1,"2006",14
"18096","434000",100,1,"2007",14
"18097","434000",100,1,"2008",14
"18098","434000",0,1,"2009",14
"18099","434000",0,1,"2010",14
"18100","434000",0,1,"2011",14
"18126","434400",0,0,"1987",14
"18127","434400",0,0,"1988",14
"18128","434400",0,0,"1989",14
"18129","434400",0,0,"1990",14
"18130","434400",0,0,"1991",14
"18131","434400",0,0,"1992",14
"18132","434400",100,0,"1993",14
"18133","434400",0,0,"1994",14
"18134","434400",0,0,"1995",14
"18135","434400",0,0,"1996",14
"18136","434400",0,0,"1997",14
"18137","434400",0,0,"1998",14
"18138","434400",0,1,"1999",14
"18139","434400",0,1,"2000",14
"18140","434400",0,1,"2001",14
"18141","434400",0,1,"2002",14
"18142","434400",0,1,"2003",14
"18143","434400",0,1,"2004",14
"18144","434400",0,1,"2005",14
"18145","434400",0,1,"2006",14
"18146","434400",0,1,"2007",14
"18147","434400",0,1,"2008",14
"18148","434400",0,1,"2009",14
"18149","434400",0,1,"2010",14
"18150","434400",0,1,"2011",14
"18151","434600",0,0,"1987",14
"18152","434600",0,0,"1988",14
"18153","434600",0,0,"1989",14
"18154","434600",0,0,"1990",14
"18155","434600",0,0,"1991",14
"18156","434600",0,0,"1992",14
"18157","434600",100,0,"1993",14
"18158","434600",0,0,"1994",14
"18159","434600",0,0,"1995",14
"18160","434600",0,0,"1996",14
"18161","434600",0,0,"1997",14
"18162","434600",0,0,"1998",14
"18163","434600",0,1,"1999",14
"18164","434600",0,1,"2000",14
"18165","434600",0,1,"2001",14
"18166","434600",0,1,"2002",14
"18167","434600",0,1,"2003",14
"18168","434600",0,1,"2004",14
"18169","434600",0,1,"2005",14
"18170","434600",0,1,"2006",14
"18171","434600",0,1,"2007",14
"18172","434600",0,1,"2008",14
"18173","434600",0,1,"2009",14
"18174","434600",0,1,"2010",14
"18175","434600",0,1,"2011",14
"18176","434800",0,0,"1987",14
"18177","434800",0,0,"1988",14
"18178","434800",0,0,"1989",14
"18179","434800",0,0,"1990",14
"18180","434800",100,0,"1991",14
"18181","434800",0,0,"1992",14
"18182","434800",0,0,"1993",14
"18183","434800",0,0,"1994",14
"18184","434800",0,0,"1995",14
"18185","434800",0,0,"1996",14
"18186","434800",0,0,"1997",14
"18187","434800",0,0,"1998",14
"18188","434800",0,1,"1999",14
"18189","434800",0,1,"2000",14
"18190","434800",0,1,"2001",14
"18191","434800",0,1,"2002",14
"18192","434800",0,1,"2003",14
"18193","434800",0,1,"2004",14
"18194","434800",0,1,"2005",14
"18195","434800",0,1,"2006",14
"18196","434800",0,1,"2007",14
"18197","434800",0,1,"2008",14
"18198","434800",0,1,"2009",14
"18199","434800",0,1,"2010",14
"18200","434800",0,1,"2011",14
"18251","442200",0,0,"1987",14
"18252","442200",0,0,"1988",14
"18253","442200",0,0,"1989",14
"18254","442200",0,0,"1990",14
"18255","442200",0,0,"1991",14
"18256","442200",0,0,"1992",14
"18257","442200",0,0,"1993",14
"18258","442200",0,0,"1994",14
"18259","442200",0,0,"1995",14
"18260","442200",100,0,"1996",14
"18261","442200",0,0,"1997",14
"18262","442200",0,0,"1998",14
"18263","442200",0,1,"1999",14
"18264","442200",0,1,"2000",14
"18265","442200",0,1,"2001",14
"18266","442200",100,1,"2002",14
"18267","442200",0,1,"2003",14
"18268","442200",0,1,"2004",14
"18269","442200",0,1,"2005",14
"18270","442200",0,1,"2006",14
"18271","442200",0,1,"2007",14
"18272","442200",100,1,"2008",14
"18273","442200",100,1,"2009",14
"18274","442200",100,1,"2010",14
"18275","442200",100,1,"2011",14
"18276","442400",0,0,"1987",14
"18277","442400",0,0,"1988",14
"18278","442400",0,0,"1989",14
"18279","442400",0,0,"1990",14
"18280","442400",0,0,"1991",14
"18281","442400",100,0,"1992",14
"18282","442400",0,0,"1993",14
"18283","442400",0,0,"1994",14
"18284","442400",0,0,"1995",14
"18285","442400",0,0,"1996",14
"18286","442400",0,0,"1997",14
"18287","442400",0,0,"1998",14
"18288","442400",0,1,"1999",14
"18289","442400",0,1,"2000",14
"18290","442400",0,1,"2001",14
"18291","442400",100,1,"2002",14
"18292","442400",0,1,"2003",14
"18293","442400",0,1,"2004",14
"18294","442400",0,1,"2005",14
"18295","442400",0,1,"2006",14
"18296","442400",0,1,"2007",14
"18297","442400",0,1,"2008",14
"18298","442400",100,1,"2009",14
"18299","442400",100,1,"2010",14
"18300","442400",100,1,"2011",14
"18351","443000",0,0,"1987",23
"18352","443000",0,0,"1988",23
"18353","443000",0,0,"1989",23
"18354","443000",0,1,"1990",23
"18355","443000",0,1,"1991",23
"18356","443000",0,1,"1992",23
"18357","443000",0,1,"1993",23
"18358","443000",0,1,"1994",23
"18359","443000",0,1,"1995",23
"18360","443000",0,1,"1996",23
"18361","443000",0,1,"1997",23
"18362","443000",0,1,"1998",23
"18363","443000",0,1,"1999",23
"18364","443000",0,1,"2000",23
"18365","443000",100,1,"2001",23
"18366","443000",100,1,"2002",23
"18367","443000",0,1,"2003",23
"18368","443000",0,1,"2004",23
"18369","443000",0,1,"2005",23
"18370","443000",0,1,"2006",23
"18371","443000",0,1,"2007",23
"18372","443000",100,1,"2008",23
"18373","443000",100,1,"2009",23
"18374","443000",100,1,"2010",23
"18375","443000",100,1,"2011",23
"18401","443400",0,0,"1987",7
"18402","443400",0,0,"1988",7
"18403","443400",0,0,"1989",7
"18404","443400",0,0,"1990",7
"18405","443400",0,0,"1991",7
"18406","443400",0,0,"1992",7
"18407","443400",0,0,"1993",7
"18408","443400",0,0,"1994",7
"18409","443400",0,0,"1995",7
"18410","443400",100,0,"1996",7
"18411","443400",0,0,"1997",7
"18412","443400",0,0,"1998",7
"18413","443400",100,0,"1999",7
"18414","443400",0,0,"2000",7
"18415","443400",0,0,"2001",7
"18416","443400",100,0,"2002",7
"18417","443400",0,0,"2003",7
"18418","443400",0,0,"2004",7
"18419","443400",0,0,"2005",7
"18420","443400",0,1,"2006",7
"18421","443400",0,1,"2007",7
"18422","443400",100,1,"2008",7
"18423","443400",100,1,"2009",7
"18424","443400",100,1,"2010",7
"18425","443400",100,1,"2011",7
"18451","452200",0,0,"1987",23
"18452","452200",0,0,"1988",23
"18453","452200",0,0,"1989",23
"18454","452200",0,1,"1990",23
"18455","452200",0,1,"1991",23
"18456","452200",100,1,"1992",23
"18457","452200",0,1,"1993",23
"18458","452200",0,1,"1994",23
"18459","452200",100,1,"1995",23
"18460","452200",0,1,"1996",23
"18461","452200",0,1,"1997",23
"18462","452200",0,1,"1998",23
"18463","452200",0,1,"1999",23
"18464","452200",0,1,"2000",23
"18465","452200",100,1,"2001",23
"18466","452200",0,1,"2002",23
"18467","452200",0,1,"2003",23
"18468","452200",100,1,"2004",23
"18469","452200",0,1,"2005",23
"18470","452200",0,1,"2006",23
"18471","452200",100,1,"2007",23
"18472","452200",0,1,"2008",23
"18473","452200",0,1,"2009",23
"18474","452200",0,1,"2010",23
"18475","452200",0,1,"2011",23
"18501","452600",0,0,"1987",15
"18502","452600",0,0,"1988",15
"18503","452600",0,0,"1989",15
"18504","452600",0,0,"1990",15
"18505","452600",100,0,"1991",15
"18506","452600",0,0,"1992",15
"18507","452600",0,0,"1993",15
"18508","452600",0,0,"1994",15
"18509","452600",100,0,"1995",15
"18510","452600",0,0,"1996",15
"18511","452600",0,0,"1997",15
"18512","452600",0,1,"1998",15
"18513","452600",0,1,"1999",15
"18514","452600",0,1,"2000",15
"18515","452600",100,1,"2001",15
"18516","452600",0,1,"2002",15
"18517","452600",0,1,"2003",15
"18518","452600",100,1,"2004",15
"18519","452600",0,1,"2005",15
"18520","452600",0,1,"2006",15
"18521","452600",100,1,"2007",15
"18522","452600",0,1,"2008",15
"18523","452600",0,1,"2009",15
"18524","452600",0,1,"2010",15
"18525","452600",100,1,"2011",15
"18526","452800",0,0,"1987",23
"18527","452800",0,0,"1988",23
"18528","452800",0,0,"1989",23
"18529","452800",0,1,"1990",23
"18530","452800",100,1,"1991",23
"18531","452800",0,1,"1992",23
"18532","452800",0,1,"1993",23
"18533","452800",0,1,"1994",23
"18534","452800",100,1,"1995",23
"18535","452800",0,1,"1996",23
"18536","452800",0,1,"1997",23
"18537","452800",0,1,"1998",23
"18538","452800",0,1,"1999",23
"18539","452800",0,1,"2000",23
"18540","452800",100,1,"2001",23
"18541","452800",0,1,"2002",23
"18542","452800",0,1,"2003",23
"18543","452800",100,1,"2004",23
"18544","452800",0,1,"2005",23
"18545","452800",0,1,"2006",23
"18546","452800",100,1,"2007",23
"18547","452800",0,1,"2008",23
"18548","452800",0,1,"2009",23
"18549","452800",0,1,"2010",23
"18550","452800",100,1,"2011",23
"18651","453800",0,0,"1987",15
"18652","453800",0,0,"1988",15
"18653","453800",0,0,"1989",15
"18654","453800",0,0,"1990",15
"18655","453800",0,0,"1991",15
"18656","453800",100,0,"1992",15
"18657","453800",0,0,"1993",15
"18658","453800",0,0,"1994",15
"18659","453800",0,0,"1995",15
"18660","453800",0,0,"1996",15
"18661","453800",0,0,"1997",15
"18662","453800",0,1,"1998",15
"18663","453800",0,1,"1999",15
"18664","453800",0,1,"2000",15
"18665","453800",0,1,"2001",15
"18666","453800",0,1,"2002",15
"18667","453800",100,1,"2003",15
"18668","453800",0,1,"2004",15
"18669","453800",0,1,"2005",15
"18670","453800",0,1,"2006",15
"18671","453800",100,1,"2007",15
"18672","453800",0,1,"2008",15
"18673","453800",0,1,"2009",15
"18674","453800",0,1,"2010",15
"18675","453800",100,1,"2011",15
"18676","462000",0,0,"1987",1
"18677","462000",0,0,"1988",1
"18678","462000",0,0,"1989",1
"18679","462000",0,0,"1990",1
"18680","462000",0,0,"1991",1
"18681","462000",0,0,"1992",1
"18682","462000",0,0,"1993",1
"18683","462000",0,0,"1994",1
"18684","462000",100,0,"1995",1
"18685","462000",0,0,"1996",1
"18686","462000",0,0,"1997",1
"18687","462000",100,0,"1998",1
"18688","462000",0,0,"1999",1
"18689","462000",0,0,"2000",1
"18690","462000",0,0,"2001",1
"18691","462000",100,0,"2002",1
"18692","462000",100,0,"2003",1
"18693","462000",100,0,"2004",1
"18694","462000",100,0,"2005",1
"18695","462000",100,0,"2006",1
"18696","462000",100,0,"2007",1
"18697","462000",100,0,"2008",1
"18698","462000",100,0,"2009",1
"18699","462000",0,0,"2010",1
"18700","462000",0,0,"2011",1
"18776","462800",0,0,"1987",8
"18777","462800",0,0,"1988",8
"18778","462800",0,0,"1989",8
"18779","462800",0,0,"1990",8
"18780","462800",0,0,"1991",8
"18781","462800",0,0,"1992",8
"18782","462800",0,0,"1993",8
"18783","462800",0,0,"1994",8
"18784","462800",0,0,"1995",8
"18785","462800",0,0,"1996",8
"18786","462800",0,0,"1997",8
"18787","462800",100,0,"1998",8
"18788","462800",0,0,"1999",8
"18789","462800",0,0,"2000",8
"18790","462800",0,0,"2001",8
"18791","462800",0,0,"2002",8
"18792","462800",0,0,"2003",8
"18793","462800",0,0,"2004",8
"18794","462800",0,1,"2005",8
"18795","462800",0,1,"2006",8
"18796","462800",0,1,"2007",8
"18797","462800",100,1,"2008",8
"18798","462800",100,1,"2009",8
"18799","462800",100,1,"2010",8
"18800","462800",0,1,"2011",8
"18801","463000",0,0,"1987",4
"18802","463000",0,0,"1988",4
"18803","463000",0,0,"1989",4
"18804","463000",0,0,"1990",4
"18805","463000",0,0,"1991",4
"18806","463000",0,0,"1992",4
"18807","463000",0,0,"1993",4
"18808","463000",0,0,"1994",4
"18809","463000",0,0,"1995",4
"18810","463000",0,0,"1996",4
"18811","463000",0,0,"1997",4
"18812","463000",0,0,"1998",4
"18813","463000",0,0,"1999",4
"18814","463000",0,0,"2000",4
"18815","463000",0,0,"2001",4
"18816","463000",0,0,"2002",4
"18817","463000",0,0,"2003",4
"18818","463000",0,0,"2004",4
"18819","463000",0,0,"2005",4
"18820","463000",0,0,"2006",4
"18821","463000",0,0,"2007",4
"18822","463000",0,0,"2008",4
"18823","463000",0,1,"2009",4
"18824","463000",0,1,"2010",4
"18825","463000",0,1,"2011",4
"18826","463200",100,0,"1987",18
"18827","463200",0,0,"1988",18
"18828","463200",0,0,"1989",18
"18829","463200",0,0,"1990",18
"18830","463200",0,0,"1991",18
"18831","463200",0,0,"1992",18
"18832","463200",100,0,"1993",18
"18833","463200",0,0,"1994",18
"18834","463200",0,1,"1995",18
"18835","463200",0,1,"1996",18
"18836","463200",0,1,"1997",18
"18837","463200",0,1,"1998",18
"18838","463200",0,1,"1999",18
"18839","463200",0,1,"2000",18
"18840","463200",0,1,"2001",18
"18841","463200",0,1,"2002",18
"18842","463200",0,1,"2003",18
"18843","463200",0,1,"2004",18
"18844","463200",0,1,"2005",18
"18845","463200",0,1,"2006",18
"18846","463200",0,1,"2007",18
"18847","463200",0,1,"2008",18
"18848","463200",0,1,"2009",18
"18849","463200",0,1,"2010",18
"18850","463200",0,1,"2011",18
"18851","463400",0,0,"1987",1
"18852","463400",0,0,"1988",1
"18853","463400",0,0,"1989",1
"18854","463400",0,0,"1990",1
"18855","463400",0,0,"1991",1
"18856","463400",100,0,"1992",1
"18857","463400",0,0,"1993",1
"18858","463400",0,0,"1994",1
"18859","463400",0,0,"1995",1
"18860","463400",0,0,"1996",1
"18861","463400",0,0,"1997",1
"18862","463400",0,0,"1998",1
"18863","463400",0,0,"1999",1
"18864","463400",0,0,"2000",1
"18865","463400",0,0,"2001",1
"18866","463400",0,0,"2002",1
"18867","463400",0,0,"2003",1
"18868","463400",0,0,"2004",1
"18869","463400",0,0,"2005",1
"18870","463400",0,0,"2006",1
"18871","463400",0,0,"2007",1
"18872","463400",0,0,"2008",1
"18873","463400",0,0,"2009",1
"18874","463400",100,0,"2010",1
"18875","463400",100,0,"2011",1
"18876","463600",0,0,"1987",1
"18877","463600",0,0,"1988",1
"18878","463600",0,0,"1989",1
"18879","463600",0,0,"1990",1
"18880","463600",0,0,"1991",1
"18881","463600",0,0,"1992",1
"18882","463600",0,0,"1993",1
"18883","463600",0,0,"1994",1
"18884","463600",0,0,"1995",1
"18885","463600",0,0,"1996",1
"18886","463600",0,0,"1997",1
"18887","463600",0,0,"1998",1
"18888","463600",0,0,"1999",1
"18889","463600",0,0,"2000",1
"18890","463600",0,0,"2001",1
"18891","463600",0,0,"2002",1
"18892","463600",0,0,"2003",1
"18893","463600",0,0,"2004",1
"18894","463600",0,0,"2005",1
"18895","463600",0,0,"2006",1
"18896","463600",100,0,"2007",1
"18897","463600",100,0,"2008",1
"18898","463600",0,0,"2009",1
"18899","463600",0,0,"2010",1
"18900","463600",0,0,"2011",1
"18951","464200",0,0,"1987",18
"18952","464200",0,0,"1988",18
"18953","464200",0,0,"1989",18
"18954","464200",0,0,"1990",18
"18955","464200",0,0,"1991",18
"18956","464200",0,0,"1992",18
"18957","464200",0,0,"1993",18
"18958","464200",0,0,"1994",18
"18959","464200",0,1,"1995",18
"18960","464200",0,1,"1996",18
"18961","464200",100,1,"1997",18
"18962","464200",0,1,"1998",18
"18963","464200",0,1,"1999",18
"18964","464200",100,1,"2000",18
"18965","464200",100,1,"2001",18
"18966","464200",100,1,"2002",18
"18967","464200",100,1,"2003",18
"18968","464200",100,1,"2004",18
"18969","464200",100,1,"2005",18
"18970","464200",100,1,"2006",18
"18971","464200",100,1,"2007",18
"18972","464200",100,1,"2008",18
"18973","464200",100,1,"2009",18
"18974","464200",100,1,"2010",18
"18975","464200",100,1,"2011",18
"18976","464400",0,0,"1987",15
"18977","464400",0,0,"1988",15
"18978","464400",0,0,"1989",15
"18979","464400",0,0,"1990",15
"18980","464400",0,0,"1991",15
"18981","464400",0,0,"1992",15
"18982","464400",0,0,"1993",15
"18983","464400",0,0,"1994",15
"18984","464400",0,0,"1995",15
"18985","464400",0,0,"1996",15
"18986","464400",0,0,"1997",15
"18987","464400",0,1,"1998",15
"18988","464400",100,1,"1999",15
"18989","464400",100,1,"2000",15
"18990","464400",100,1,"2001",15
"18991","464400",100,1,"2002",15
"18992","464400",100,1,"2003",15
"18993","464400",100,1,"2004",15
"18994","464400",100,1,"2005",15
"18995","464400",100,1,"2006",15
"18996","464400",100,1,"2007",15
"18997","464400",100,1,"2008",15
"18998","464400",100,1,"2009",15
"18999","464400",100,1,"2010",15
"19000","464400",100,1,"2011",15
"19026","464800",0,0,"1987",23
"19027","464800",100,0,"1988",23
"19028","464800",0,0,"1989",23
"19029","464800",0,1,"1990",23
"19030","464800",0,1,"1991",23
"19031","464800",0,1,"1992",23
"19032","464800",0,1,"1993",23
"19033","464800",0,1,"1994",23
"19034","464800",0,1,"1995",23
"19035","464800",0,1,"1996",23
"19036","464800",0,1,"1997",23
"19037","464800",0,1,"1998",23
"19038","464800",0,1,"1999",23
"19039","464800",0,1,"2000",23
"19040","464800",0,1,"2001",23
"19041","464800",0,1,"2002",23
"19042","464800",0,1,"2003",23
"19043","464800",0,1,"2004",23
"19044","464800",0,1,"2005",23
"19045","464800",0,1,"2006",23
"19046","464800",0,1,"2007",23
"19047","464800",100,1,"2008",23
"19048","464800",100,1,"2009",23
"19049","464800",100,1,"2010",23
"19050","464800",100,1,"2011",23
"19051","465000",0,0,"1987",25
"19052","465000",0,1,"1988",25
"19053","465000",0,1,"1989",25
"19054","465000",0,1,"1990",25
"19055","465000",0,1,"1991",25
"19056","465000",0,1,"1992",25
"19057","465000",0,1,"1993",25
"19058","465000",0,1,"1994",25
"19059","465000",100,1,"1995",25
"19060","465000",0,1,"1996",25
"19061","465000",0,1,"1997",25
"19062","465000",0,1,"1998",25
"19063","465000",0,1,"1999",25
"19064","465000",100,1,"2000",25
"19065","465000",100,1,"2001",25
"19066","465000",100,1,"2002",25
"19067","465000",100,1,"2003",25
"19068","465000",100,1,"2004",25
"19069","465000",100,1,"2005",25
"19070","465000",100,1,"2006",25
"19071","465000",100,1,"2007",25
"19072","465000",100,1,"2008",25
"19073","465000",100,1,"2009",25
"19074","465000",100,1,"2010",25
"19075","465000",100,1,"2011",25
"19076","465200",0,0,"1987",25
"19077","465200",0,1,"1988",25
"19078","465200",0,1,"1989",25
"19079","465200",0,1,"1990",25
"19080","465200",0,1,"1991",25
"19081","465200",0,1,"1992",25
"19082","465200",100,1,"1993",25
"19083","465200",0,1,"1994",25
"19084","465200",0,1,"1995",25
"19085","465200",0,1,"1996",25
"19086","465200",0,1,"1997",25
"19087","465200",0,1,"1998",25
"19088","465200",0,1,"1999",25
"19089","465200",0,1,"2000",25
"19090","465200",0,1,"2001",25
"19091","465200",0,1,"2002",25
"19092","465200",0,1,"2003",25
"19093","465200",0,1,"2004",25
"19094","465200",0,1,"2005",25
"19095","465200",0,1,"2006",25
"19096","465200",0,1,"2007",25
"19097","465200",100,1,"2008",25
"19098","465200",0,1,"2009",25
"19099","465200",0,1,"2010",25
"19100","465200",0,1,"2011",25
"19101","465400",0,0,"1987",21
"19102","465400",0,0,"1988",21
"19103","465400",0,0,"1989",21
"19104","465400",0,0,"1990",21
"19105","465400",0,0,"1991",21
"19106","465400",0,1,"1992",21
"19107","465400",0,1,"1993",21
"19108","465400",100,1,"1994",21
"19109","465400",0,1,"1995",21
"19110","465400",0,1,"1996",21
"19111","465400",0,1,"1997",21
"19112","465400",0,1,"1998",21
"19113","465400",0,1,"1999",21
"19114","465400",0,1,"2000",21
"19115","465400",0,1,"2001",21
"19116","465400",0,1,"2002",21
"19117","465400",0,1,"2003",21
"19118","465400",0,1,"2004",21
"19119","465400",0,1,"2005",21
"19120","465400",0,1,"2006",21
"19121","465400",0,1,"2007",21
"19122","465400",0,1,"2008",21
"19123","465400",0,1,"2009",21
"19124","465400",0,1,"2010",21
"19125","465400",0,1,"2011",21
"19126","465600",0,0,"1987",1
"19127","465600",0,0,"1988",1
"19128","465600",0,0,"1989",1
"19129","465600",0,0,"1990",1
"19130","465600",0,0,"1991",1
"19131","465600",0,0,"1992",1
"19132","465600",0,0,"1993",1
"19133","465600",0,0,"1994",1
"19134","465600",0,0,"1995",1
"19135","465600",0,0,"1996",1
"19136","465600",0,0,"1997",1
"19137","465600",0,0,"1998",1
"19138","465600",0,0,"1999",1
"19139","465600",0,0,"2000",1
"19140","465600",0,0,"2001",1
"19141","465600",0,0,"2002",1
"19142","465600",0,0,"2003",1
"19143","465600",0,0,"2004",1
"19144","465600",0,0,"2005",1
"19145","465600",0,0,"2006",1
"19146","465600",0,0,"2007",1
"19147","465600",0,0,"2008",1
"19148","465600",0,0,"2009",1
"19149","465600",0,0,"2010",1
"19150","465600",0,0,"2011",1
"19151","465800",0,0,"1987",1
"19152","465800",0,0,"1988",1
"19153","465800",0,0,"1989",1
"19154","465800",0,0,"1990",1
"19155","465800",0,0,"1991",1
"19156","465800",0,0,"1992",1
"19157","465800",0,0,"1993",1
"19158","465800",0,0,"1994",1
"19159","465800",0,0,"1995",1
"19160","465800",0,0,"1996",1
"19161","465800",0,0,"1997",1
"19162","465800",0,0,"1998",1
"19163","465800",0,0,"1999",1
"19164","465800",0,0,"2000",1
"19165","465800",0,0,"2001",1
"19166","465800",0,0,"2002",1
"19167","465800",0,0,"2003",1
"19168","465800",0,0,"2004",1
"19169","465800",0,0,"2005",1
"19170","465800",0,0,"2006",1
"19171","465800",0,0,"2007",1
"19172","465800",0,0,"2008",1
"19173","465800",0,0,"2009",1
"19174","465800",0,0,"2010",1
"19175","465800",0,0,"2011",1
"19201","466200",0,0,"1987",17
"19202","466200",0,0,"1988",17
"19203","466200",0,0,"1989",17
"19204","466200",0,0,"1990",17
"19205","466200",0,0,"1991",17
"19206","466200",0,0,"1992",17
"19207","466200",0,0,"1993",17
"19208","466200",0,0,"1994",17
"19209","466200",100,0,"1995",17
"19210","466200",0,1,"1996",17
"19211","466200",0,1,"1997",17
"19212","466200",0,1,"1998",17
"19213","466200",0,1,"1999",17
"19214","466200",0,1,"2000",17
"19215","466200",0,1,"2001",17
"19216","466200",0,1,"2002",17
"19217","466200",0,1,"2003",17
"19218","466200",0,1,"2004",17
"19219","466200",0,1,"2005",17
"19220","466200",0,1,"2006",17
"19221","466200",0,1,"2007",17
"19222","466200",0,1,"2008",17
"19223","466200",0,1,"2009",17
"19224","466200",0,1,"2010",17
"19225","466200",100,1,"2011",17
"19251","466600",0,0,"1987",1
"19252","466600",0,0,"1988",1
"19253","466600",0,0,"1989",1
"19254","466600",0,0,"1990",1
"19255","466600",0,0,"1991",1
"19256","466600",0,0,"1992",1
"19257","466600",0,0,"1993",1
"19258","466600",0,0,"1994",1
"19259","466600",0,0,"1995",1
"19260","466600",0,0,"1996",1
"19261","466600",0,0,"1997",1
"19262","466600",0,0,"1998",1
"19263","466600",0,0,"1999",1
"19264","466600",0,0,"2000",1
"19265","466600",0,0,"2001",1
"19266","466600",0,0,"2002",1
"19267","466600",0,0,"2003",1
"19268","466600",0,0,"2004",1
"19269","466600",0,0,"2005",1
"19270","466600",0,0,"2006",1
"19271","466600",0,0,"2007",1
"19272","466600",0,0,"2008",1
"19273","466600",0,0,"2009",1
"19274","466600",0,0,"2010",1
"19275","466600",0,0,"2011",1
"19276","466800",0,0,"1987",15
"19277","466800",0,0,"1988",15
"19278","466800",0,0,"1989",15
"19279","466800",0,0,"1990",15
"19280","466800",0,0,"1991",15
"19281","466800",0,0,"1992",15
"19282","466800",0,0,"1993",15
"19283","466800",100,0,"1994",15
"19284","466800",0,0,"1995",15
"19285","466800",0,0,"1996",15
"19286","466800",0,0,"1997",15
"19287","466800",0,1,"1998",15
"19288","466800",0,1,"1999",15
"19289","466800",0,1,"2000",15
"19290","466800",0,1,"2001",15
"19291","466800",0,1,"2002",15
"19292","466800",0,1,"2003",15
"19293","466800",0,1,"2004",15
"19294","466800",0,1,"2005",15
"19295","466800",0,1,"2006",15
"19296","466800",0,1,"2007",15
"19297","466800",0,1,"2008",15
"19298","466800",0,1,"2009",15
"19299","466800",0,1,"2010",15
"19300","466800",0,1,"2011",15
"19301","467000",0,0,"1987",1
"19302","467000",0,0,"1988",1
"19303","467000",0,0,"1989",1
"19304","467000",0,0,"1990",1
"19305","467000",0,0,"1991",1
"19306","467000",0,0,"1992",1
"19307","467000",0,0,"1993",1
"19308","467000",0,0,"1994",1
"19309","467000",0,0,"1995",1
"19310","467000",0,0,"1996",1
"19311","467000",0,0,"1997",1
"19312","467000",0,0,"1998",1
"19313","467000",0,0,"1999",1
"19314","467000",0,0,"2000",1
"19315","467000",0,0,"2001",1
"19316","467000",0,0,"2002",1
"19317","467000",0,0,"2003",1
"19318","467000",0,0,"2004",1
"19319","467000",0,0,"2005",1
"19320","467000",0,0,"2006",1
"19321","467000",0,0,"2007",1
"19322","467000",0,0,"2008",1
"19323","467000",0,0,"2009",1
"19324","467000",0,0,"2010",1
"19325","467000",0,0,"2011",1
"19376","467600",0,0,"1987",17
"19377","467600",0,0,"1988",17
"19378","467600",0,0,"1989",17
"19379","467600",0,0,"1990",17
"19380","467600",0,0,"1991",17
"19381","467600",0,0,"1992",17
"19382","467600",0,0,"1993",17
"19383","467600",100,0,"1994",17
"19384","467600",0,0,"1995",17
"19385","467600",0,1,"1996",17
"19386","467600",0,1,"1997",17
"19387","467600",0,1,"1998",17
"19388","467600",0,1,"1999",17
"19389","467600",0,1,"2000",17
"19390","467600",0,1,"2001",17
"19391","467600",0,1,"2002",17
"19392","467600",0,1,"2003",17
"19393","467600",0,1,"2004",17
"19394","467600",0,1,"2005",17
"19395","467600",0,1,"2006",17
"19396","467600",0,1,"2007",17
"19397","467600",100,1,"2008",17
"19398","467600",100,1,"2009",17
"19399","467600",100,1,"2010",17
"19400","467600",100,1,"2011",17
"19401","467800",0,0,"1987",19
"19402","467800",0,0,"1988",19
"19403","467800",0,0,"1989",19
"19404","467800",0,0,"1990",19
"19405","467800",0,0,"1991",19
"19406","467800",0,0,"1992",19
"19407","467800",0,0,"1993",19
"19408","467800",0,1,"1994",19
"19409","467800",0,1,"1995",19
"19410","467800",0,1,"1996",19
"19411","467800",0,1,"1997",19
"19412","467800",100,1,"1998",19
"19413","467800",0,1,"1999",19
"19414","467800",0,1,"2000",19
"19415","467800",0,1,"2001",19
"19416","467800",0,1,"2002",19
"19417","467800",0,1,"2003",19
"19418","467800",0,1,"2004",19
"19419","467800",0,1,"2005",19
"19420","467800",0,1,"2006",19
"19421","467800",0,1,"2007",19
"19422","467800",0,1,"2008",19
"19423","467800",0,1,"2009",19
"19424","467800",0,1,"2010",19
"19425","467800",0,1,"2011",19
"19426","468000",0,0,"1987",10
"19427","468000",0,0,"1988",10
"19428","468000",0,0,"1989",10
"19429","468000",0,0,"1990",10
"19430","468000",0,0,"1991",10
"19431","468000",0,0,"1992",10
"19432","468000",0,0,"1993",10
"19433","468000",100,0,"1994",10
"19434","468000",0,0,"1995",10
"19435","468000",0,0,"1996",10
"19436","468000",0,0,"1997",10
"19437","468000",0,0,"1998",10
"19438","468000",0,0,"1999",10
"19439","468000",0,0,"2000",10
"19440","468000",0,0,"2001",10
"19441","468000",0,0,"2002",10
"19442","468000",0,1,"2003",10
"19443","468000",0,1,"2004",10
"19444","468000",0,1,"2005",10
"19445","468000",0,1,"2006",10
"19446","468000",100,1,"2007",10
"19447","468000",100,1,"2008",10
"19448","468000",100,1,"2009",10
"19449","468000",100,1,"2010",10
"19450","468000",100,1,"2011",10
"19451","468200",0,0,"1987",14
"19452","468200",0,0,"1988",14
"19453","468200",0,0,"1989",14
"19454","468200",0,0,"1990",14
"19455","468200",0,0,"1991",14
"19456","468200",0,0,"1992",14
"19457","468200",0,0,"1993",14
"19458","468200",0,0,"1994",14
"19459","468200",0,0,"1995",14
"19460","468200",0,0,"1996",14
"19461","468200",0,0,"1997",14
"19462","468200",0,0,"1998",14
"19463","468200",0,1,"1999",14
"19464","468200",0,1,"2000",14
"19465","468200",0,1,"2001",14
"19466","468200",0,1,"2002",14
"19467","468200",0,1,"2003",14
"19468","468200",100,1,"2004",14
"19469","468200",100,1,"2005",14
"19470","468200",100,1,"2006",14
"19471","468200",100,1,"2007",14
"19472","468200",100,1,"2008",14
"19473","468200",0,1,"2009",14
"19474","468200",100,1,"2010",14
"19475","468200",0,1,"2011",14
"19526","472400",0,0,"1987",1
"19527","472400",0,0,"1988",1
"19528","472400",0,0,"1989",1
"19529","472400",0,0,"1990",1
"19530","472400",0,0,"1991",1
"19531","472400",0,0,"1992",1
"19532","472400",0,0,"1993",1
"19533","472400",0,0,"1994",1
"19534","472400",0,0,"1995",1
"19535","472400",0,0,"1996",1
"19536","472400",0,0,"1997",1
"19537","472400",0,0,"1998",1
"19538","472400",0,0,"1999",1
"19539","472400",0,0,"2000",1
"19540","472400",0,0,"2001",1
"19541","472400",0,0,"2002",1
"19542","472400",0,0,"2003",1
"19543","472400",0,0,"2004",1
"19544","472400",0,0,"2005",1
"19545","472400",0,0,"2006",1
"19546","472400",0,0,"2007",1
"19547","472400",0,0,"2008",1
"19548","472400",0,0,"2009",1
"19549","472400",0,0,"2010",1
"19550","472400",0,0,"2011",1
"19601","473000",0,0,"1987",1
"19602","473000",0,0,"1988",1
"19603","473000",0,0,"1989",1
"19604","473000",0,0,"1990",1
"19605","473000",0,0,"1991",1
"19606","473000",0,0,"1992",1
"19607","473000",0,0,"1993",1
"19608","473000",0,0,"1994",1
"19609","473000",0,0,"1995",1
"19610","473000",0,0,"1996",1
"19611","473000",0,0,"1997",1
"19612","473000",0,0,"1998",1
"19613","473000",0,0,"1999",1
"19614","473000",0,0,"2000",1
"19615","473000",0,0,"2001",1
"19616","473000",0,0,"2002",1
"19617","473000",0,0,"2003",1
"19618","473000",0,0,"2004",1
"19619","473000",0,0,"2005",1
"19620","473000",0,0,"2006",1
"19621","473000",0,0,"2007",1
"19622","473000",0,0,"2008",1
"19623","473000",0,0,"2009",1
"19624","473000",0,0,"2010",1
"19625","473000",0,0,"2011",1
"19626","473200",0,0,"1987",1
"19627","473200",0,0,"1988",1
"19628","473200",0,0,"1989",1
"19629","473200",0,0,"1990",1
"19630","473200",0,0,"1991",1
"19631","473200",0,0,"1992",1
"19632","473200",0,0,"1993",1
"19633","473200",0,0,"1994",1
"19634","473200",0,0,"1995",1
"19635","473200",100,0,"1996",1
"19636","473200",0,0,"1997",1
"19637","473200",0,0,"1998",1
"19638","473200",0,0,"1999",1
"19639","473200",0,0,"2000",1
"19640","473200",0,0,"2001",1
"19641","473200",100,0,"2002",1
"19642","473200",100,0,"2003",1
"19643","473200",100,0,"2004",1
"19644","473200",100,0,"2005",1
"19645","473200",100,0,"2006",1
"19646","473200",100,0,"2007",1
"19647","473200",100,0,"2008",1
"19648","473200",100,0,"2009",1
"19649","473200",100,0,"2010",1
"19650","473200",100,0,"2011",1
"19701","473800",0,0,"1987",1
"19702","473800",0,0,"1988",1
"19703","473800",0,0,"1989",1
"19704","473800",0,0,"1990",1
"19705","473800",0,0,"1991",1
"19706","473800",0,0,"1992",1
"19707","473800",0,0,"1993",1
"19708","473800",0,0,"1994",1
"19709","473800",0,0,"1995",1
"19710","473800",0,0,"1996",1
"19711","473800",0,0,"1997",1
"19712","473800",0,0,"1998",1
"19713","473800",0,0,"1999",1
"19714","473800",0,0,"2000",1
"19715","473800",0,0,"2001",1
"19716","473800",0,0,"2002",1
"19717","473800",0,0,"2003",1
"19718","473800",0,0,"2004",1
"19719","473800",0,0,"2005",1
"19720","473800",0,0,"2006",1
"19721","473800",0,0,"2007",1
"19722","473800",0,0,"2008",1
"19723","473800",0,0,"2009",1
"19724","473800",0,0,"2010",1
"19725","473800",0,0,"2011",1
"19726","482000",0,0,"1987",23
"19727","482000",0,0,"1988",23
"19728","482000",0,0,"1989",23
"19729","482000",0,1,"1990",23
"19730","482000",100,1,"1991",23
"19731","482000",0,1,"1992",23
"19732","482000",0,1,"1993",23
"19733","482000",0,1,"1994",23
"19734","482000",0,1,"1995",23
"19735","482000",100,1,"1996",23
"19736","482000",0,1,"1997",23
"19737","482000",0,1,"1998",23
"19738","482000",0,1,"1999",23
"19739","482000",0,1,"2000",23
"19740","482000",0,1,"2001",23
"19741","482000",0,1,"2002",23
"19742","482000",0,1,"2003",23
"19743","482000",0,1,"2004",23
"19744","482000",0,1,"2005",23
"19745","482000",0,1,"2006",23
"19746","482000",0,1,"2007",23
"19747","482000",0,1,"2008",23
"19748","482000",0,1,"2009",23
"19749","482000",0,1,"2010",23
"19750","482000",0,1,"2011",23
"19801","482600",0,0,"1987",1
"19802","482600",0,0,"1988",1
"19803","482600",0,0,"1989",1
"19804","482600",0,0,"1990",1
"19805","482600",100,0,"1991",1
"19806","482600",0,0,"1992",1
"19807","482600",0,0,"1993",1
"19808","482600",0,0,"1994",1
"19809","482600",0,0,"1995",1
"19810","482600",0,0,"1996",1
"19811","482600",0,0,"1997",1
"19812","482600",0,0,"1998",1
"19813","482600",0,0,"1999",1
"19814","482600",0,0,"2000",1
"19815","482600",0,0,"2001",1
"19816","482600",0,0,"2002",1
"19817","482600",0,0,"2003",1
"19818","482600",0,0,"2004",1
"19819","482600",0,0,"2005",1
"19820","482600",0,0,"2006",1
"19821","482600",0,0,"2007",1
"19822","482600",0,0,"2008",1
"19823","482600",0,0,"2009",1
"19824","482600",0,0,"2010",1
"19825","482600",0,0,"2011",1
"19851","483000",0,0,"1987",14
"19852","483000",0,0,"1988",14
"19853","483000",0,0,"1989",14
"19854","483000",0,0,"1990",14
"19855","483000",0,0,"1991",14
"19856","483000",0,0,"1992",14
"19857","483000",0,0,"1993",14
"19858","483000",0,0,"1994",14
"19859","483000",0,0,"1995",14
"19860","483000",0,0,"1996",14
"19861","483000",0,0,"1997",14
"19862","483000",0,0,"1998",14
"19863","483000",0,1,"1999",14
"19864","483000",0,1,"2000",14
"19865","483000",0,1,"2001",14
"19866","483000",0,1,"2002",14
"19867","483000",0,1,"2003",14
"19868","483000",0,1,"2004",14
"19869","483000",0,1,"2005",14
"19870","483000",0,1,"2006",14
"19871","483000",0,1,"2007",14
"19872","483000",0,1,"2008",14
"19873","483000",0,1,"2009",14
"19874","483000",0,1,"2010",14
"19875","483000",0,1,"2011",14
"19876","483200",0,0,"1987",14
"19877","483200",0,0,"1988",14
"19878","483200",0,0,"1989",14
"19879","483200",0,0,"1990",14
"19880","483200",100,0,"1991",14
"19881","483200",0,0,"1992",14
"19882","483200",0,0,"1993",14
"19883","483200",0,0,"1994",14
"19884","483200",100,0,"1995",14
"19885","483200",0,0,"1996",14
"19886","483200",0,0,"1997",14
"19887","483200",0,0,"1998",14
"19888","483200",0,1,"1999",14
"19889","483200",0,1,"2000",14
"19890","483200",0,1,"2001",14
"19891","483200",100,1,"2002",14
"19892","483200",0,1,"2003",14
"19893","483200",0,1,"2004",14
"19894","483200",0,1,"2005",14
"19895","483200",0,1,"2006",14
"19896","483200",0,1,"2007",14
"19897","483200",0,1,"2008",14
"19898","483200",0,1,"2009",14
"19899","483200",0,1,"2010",14
"19900","483200",0,1,"2011",14
"19901","483400",0,0,"1987",14
"19902","483400",0,0,"1988",14
"19903","483400",100,0,"1989",14
"19904","483400",0,0,"1990",14
"19905","483400",0,0,"1991",14
"19906","483400",0,0,"1992",14
"19907","483400",0,0,"1993",14
"19908","483400",0,0,"1994",14
"19909","483400",0,0,"1995",14
"19910","483400",0,0,"1996",14
"19911","483400",0,0,"1997",14
"19912","483400",0,0,"1998",14
"19913","483400",0,1,"1999",14
"19914","483400",100,1,"2000",14
"19915","483400",0,1,"2001",14
"19916","483400",0,1,"2002",14
"19917","483400",100,1,"2003",14
"19918","483400",100,1,"2004",14
"19919","483400",100,1,"2005",14
"19920","483400",100,1,"2006",14
"19921","483400",100,1,"2007",14
"19922","483400",100,1,"2008",14
"19923","483400",0,1,"2009",14
"19924","483400",0,1,"2010",14
"19925","483400",0,1,"2011",14
"19951","483800",0,0,"1987",20
"19952","483800",0,0,"1988",20
"19953","483800",0,0,"1989",20
"19954","483800",0,0,"1990",20
"19955","483800",0,0,"1991",20
"19956","483800",0,0,"1992",20
"19957","483800",0,1,"1993",20
"19958","483800",0,1,"1994",20
"19959","483800",100,1,"1995",20
"19960","483800",0,1,"1996",20
"19961","483800",0,1,"1997",20
"19962","483800",0,1,"1998",20
"19963","483800",0,1,"1999",20
"19964","483800",100,1,"2000",20
"19965","483800",0,1,"2001",20
"19966","483800",0,1,"2002",20
"19967","483800",100,1,"2003",20
"19968","483800",100,1,"2004",20
"19969","483800",100,1,"2005",20
"19970","483800",100,1,"2006",20
"19971","483800",100,1,"2007",20
"19972","483800",100,1,"2008",20
"19973","483800",0,1,"2009",20
"19974","483800",100,1,"2010",20
"19975","483800",100,1,"2011",20
"19976","484000",0,0,"1987",19
"19977","484000",0,0,"1988",19
"19978","484000",0,0,"1989",19
"19979","484000",0,0,"1990",19
"19980","484000",0,0,"1991",19
"19981","484000",0,0,"1992",19
"19982","484000",0,0,"1993",19
"19983","484000",0,1,"1994",19
"19984","484000",0,1,"1995",19
"19985","484000",0,1,"1996",19
"19986","484000",0,1,"1997",19
"19987","484000",0,1,"1998",19
"19988","484000",100,1,"1999",19
"19989","484000",0,1,"2000",19
"19990","484000",0,1,"2001",19
"19991","484000",0,1,"2002",19
"19992","484000",0,1,"2003",19
"19993","484000",0,1,"2004",19
"19994","484000",0,1,"2005",19
"19995","484000",0,1,"2006",19
"19996","484000",0,1,"2007",19
"19997","484000",0,1,"2008",19
"19998","484000",0,1,"2009",19
"19999","484000",0,1,"2010",19
"20000","484000",0,1,"2011",19
"20001","484200",0,0,"1987",5
"20002","484200",0,0,"1988",5
"20003","484200",0,0,"1989",5
"20004","484200",0,0,"1990",5
"20005","484200",0,0,"1991",5
"20006","484200",0,0,"1992",5
"20007","484200",0,0,"1993",5
"20008","484200",0,0,"1994",5
"20009","484200",0,0,"1995",5
"20010","484200",0,0,"1996",5
"20011","484200",0,0,"1997",5
"20012","484200",0,0,"1998",5
"20013","484200",0,0,"1999",5
"20014","484200",0,0,"2000",5
"20015","484200",0,0,"2001",5
"20016","484200",0,0,"2002",5
"20017","484200",0,0,"2003",5
"20018","484200",0,0,"2004",5
"20019","484200",0,0,"2005",5
"20020","484200",0,0,"2006",5
"20021","484200",0,0,"2007",5
"20022","484200",0,1,"2008",5
"20023","484200",0,1,"2009",5
"20024","484200",0,1,"2010",5
"20025","484200",0,1,"2011",5
"20101","492000",0,0,"1987",8
"20102","492000",0,0,"1988",8
"20103","492000",0,0,"1989",8
"20104","492000",0,0,"1990",8
"20105","492000",0,0,"1991",8
"20106","492000",0,0,"1992",8
"20107","492000",0,0,"1993",8
"20108","492000",0,0,"1994",8
"20109","492000",0,0,"1995",8
"20110","492000",0,0,"1996",8
"20111","492000",0,0,"1997",8
"20112","492000",0,0,"1998",8
"20113","492000",0,0,"1999",8
"20114","492000",0,0,"2000",8
"20115","492000",0,0,"2001",8
"20116","492000",0,0,"2002",8
"20117","492000",0,0,"2003",8
"20118","492000",0,0,"2004",8
"20119","492000",0,1,"2005",8
"20120","492000",0,1,"2006",8
"20121","492000",0,1,"2007",8
"20122","492000",100,1,"2008",8
"20123","492000",100,1,"2009",8
"20124","492000",100,1,"2010",8
"20125","492000",100,1,"2011",8
"20126","492200",0,0,"1987",23
"20127","492200",0,0,"1988",23
"20128","492200",0,0,"1989",23
"20129","492200",0,1,"1990",23
"20130","492200",0,1,"1991",23
"20131","492200",0,1,"1992",23
"20132","492200",0,1,"1993",23
"20133","492200",0,1,"1994",23
"20134","492200",0,1,"1995",23
"20135","492200",0,1,"1996",23
"20136","492200",0,1,"1997",23
"20137","492200",0,1,"1998",23
"20138","492200",0,1,"1999",23
"20139","492200",0,1,"2000",23
"20140","492200",0,1,"2001",23
"20141","492200",0,1,"2002",23
"20142","492200",0,1,"2003",23
"20143","492200",0,1,"2004",23
"20144","492200",0,1,"2005",23
"20145","492200",0,1,"2006",23
"20146","492200",0,1,"2007",23
"20147","492200",0,1,"2008",23
"20148","492200",100,1,"2009",23
"20149","492200",100,1,"2010",23
"20150","492200",100,1,"2011",23
"20201","492800",0,0,"1987",15
"20202","492800",0,0,"1988",15
"20203","492800",0,0,"1989",15
"20204","492800",0,0,"1990",15
"20205","492800",0,0,"1991",15
"20206","492800",0,0,"1992",15
"20207","492800",0,0,"1993",15
"20208","492800",0,0,"1994",15
"20209","492800",0,0,"1995",15
"20210","492800",0,0,"1996",15
"20211","492800",0,0,"1997",15
"20212","492800",0,1,"1998",15
"20213","492800",0,1,"1999",15
"20214","492800",0,1,"2000",15
"20215","492800",0,1,"2001",15
"20216","492800",0,1,"2002",15
"20217","492800",0,1,"2003",15
"20218","492800",0,1,"2004",15
"20219","492800",0,1,"2005",15
"20220","492800",0,1,"2006",15
"20221","492800",0,1,"2007",15
"20222","492800",0,1,"2008",15
"20223","492800",0,1,"2009",15
"20224","492800",0,1,"2010",15
"20225","492800",0,1,"2011",15
"20251","493200",0,0,"1987",15
"20252","493200",0,0,"1988",15
"20253","493200",0,0,"1989",15
"20254","493200",0,0,"1990",15
"20255","493200",0,0,"1991",15
"20256","493200",0,0,"1992",15
"20257","493200",0,0,"1993",15
"20258","493200",100,0,"1994",15
"20259","493200",0,0,"1995",15
"20260","493200",0,0,"1996",15
"20261","493200",0,0,"1997",15
"20262","493200",0,1,"1998",15
"20263","493200",0,1,"1999",15
"20264","493200",0,1,"2000",15
"20265","493200",0,1,"2001",15
"20266","493200",0,1,"2002",15
"20267","493200",0,1,"2003",15
"20268","493200",0,1,"2004",15
"20269","493200",0,1,"2005",15
"20270","493200",0,1,"2006",15
"20271","493200",100,1,"2007",15
"20272","493200",100,1,"2008",15
"20273","493200",100,1,"2009",15
"20274","493200",100,1,"2010",15
"20275","493200",100,1,"2011",15
"20276","493400",0,0,"1987",4
"20277","493400",0,0,"1988",4
"20278","493400",0,0,"1989",4
"20279","493400",0,0,"1990",4
"20280","493400",0,0,"1991",4
"20281","493400",0,0,"1992",4
"20282","493400",0,0,"1993",4
"20283","493400",0,0,"1994",4
"20284","493400",0,0,"1995",4
"20285","493400",0,0,"1996",4
"20286","493400",0,0,"1997",4
"20287","493400",0,0,"1998",4
"20288","493400",0,0,"1999",4
"20289","493400",0,0,"2000",4
"20290","493400",0,0,"2001",4
"20291","493400",0,0,"2002",4
"20292","493400",0,0,"2003",4
"20293","493400",0,0,"2004",4
"20294","493400",0,0,"2005",4
"20295","493400",0,0,"2006",4
"20296","493400",0,0,"2007",4
"20297","493400",0,0,"2008",4
"20298","493400",0,1,"2009",4
"20299","493400",0,1,"2010",4
"20300","493400",100,1,"2011",4
"20301","493600",0,0,"1987",23
"20302","493600",0,0,"1988",23
"20303","493600",0,0,"1989",23
"20304","493600",0,1,"1990",23
"20305","493600",0,1,"1991",23
"20306","493600",0,1,"1992",23
"20307","493600",0,1,"1993",23
"20308","493600",0,1,"1994",23
"20309","493600",0,1,"1995",23
"20310","493600",0,1,"1996",23
"20311","493600",0,1,"1997",23
"20312","493600",0,1,"1998",23
"20313","493600",0,1,"1999",23
"20314","493600",0,1,"2000",23
"20315","493600",0,1,"2001",23
"20316","493600",0,1,"2002",23
"20317","493600",0,1,"2003",23
"20318","493600",0,1,"2004",23
"20319","493600",0,1,"2005",23
"20320","493600",0,1,"2006",23
"20321","493600",0,1,"2007",23
"20322","493600",0,1,"2008",23
"20323","493600",0,1,"2009",23
"20324","493600",0,1,"2010",23
"20325","493600",0,1,"2011",23
"20351","512200",0,0,"1987",17
"20352","512200",0,0,"1988",17
"20353","512200",0,0,"1989",17
"20354","512200",0,0,"1990",17
"20355","512200",0,0,"1991",17
"20356","512200",0,0,"1992",17
"20357","512200",0,0,"1993",17
"20358","512200",0,0,"1994",17
"20359","512200",0,0,"1995",17
"20360","512200",100,1,"1996",17
"20361","512200",0,1,"1997",17
"20362","512200",0,1,"1998",17
"20363","512200",0,1,"1999",17
"20364","512200",0,1,"2000",17
"20365","512200",100,1,"2001",17
"20366","512200",100,1,"2002",17
"20367","512200",100,1,"2003",17
"20368","512200",0,1,"2004",17
"20369","512200",0,1,"2005",17
"20370","512200",0,1,"2006",17
"20371","512200",0,1,"2007",17
"20372","512200",100,1,"2008",17
"20373","512200",100,1,"2009",17
"20374","512200",100,1,"2010",17
"20375","512200",100,1,"2011",17
"20376","512400",0,0,"1987",7
"20377","512400",0,0,"1988",7
"20378","512400",0,0,"1989",7
"20379","512400",0,0,"1990",7
"20380","512400",100,0,"1991",7
"20381","512400",0,0,"1992",7
"20382","512400",0,0,"1993",7
"20383","512400",0,0,"1994",7
"20384","512400",0,0,"1995",7
"20385","512400",0,0,"1996",7
"20386","512400",100,0,"1997",7
"20387","512400",0,0,"1998",7
"20388","512400",0,0,"1999",7
"20389","512400",0,0,"2000",7
"20390","512400",0,0,"2001",7
"20391","512400",0,0,"2002",7
"20392","512400",0,0,"2003",7
"20393","512400",100,0,"2004",7
"20394","512400",0,0,"2005",7
"20395","512400",0,1,"2006",7
"20396","512400",0,1,"2007",7
"20397","512400",0,1,"2008",7
"20398","512400",0,1,"2009",7
"20399","512400",0,1,"2010",7
"20400","512400",0,1,"2011",7
"20426","512800",0,0,"1987",6
"20427","512800",0,0,"1988",6
"20428","512800",0,0,"1989",6
"20429","512800",0,0,"1990",6
"20430","512800",0,0,"1991",6
"20431","512800",0,0,"1992",6
"20432","512800",0,0,"1993",6
"20433","512800",0,0,"1994",6
"20434","512800",0,0,"1995",6
"20435","512800",0,0,"1996",6
"20436","512800",0,0,"1997",6
"20437","512800",100,0,"1998",6
"20438","512800",0,0,"1999",6
"20439","512800",0,0,"2000",6
"20440","512800",0,0,"2001",6
"20441","512800",100,0,"2002",6
"20442","512800",100,0,"2003",6
"20443","512800",100,0,"2004",6
"20444","512800",0,0,"2005",6
"20445","512800",100,0,"2006",6
"20446","512800",0,1,"2007",6
"20447","512800",0,1,"2008",6
"20448","512800",0,1,"2009",6
"20449","512800",0,1,"2010",6
"20450","512800",0,1,"2011",6
"20526","513600",0,0,"1987",17
"20527","513600",0,0,"1988",17
"20528","513600",0,0,"1989",17
"20529","513600",0,0,"1990",17
"20530","513600",100,0,"1991",17
"20531","513600",0,0,"1992",17
"20532","513600",0,0,"1993",17
"20533","513600",0,0,"1994",17
"20534","513600",0,0,"1995",17
"20535","513600",0,1,"1996",17
"20536","513600",100,1,"1997",17
"20537","513600",0,1,"1998",17
"20538","513600",0,1,"1999",17
"20539","513600",0,1,"2000",17
"20540","513600",0,1,"2001",17
"20541","513600",100,1,"2002",17
"20542","513600",0,1,"2003",17
"20543","513600",0,1,"2004",17
"20544","513600",100,1,"2005",17
"20545","513600",0,1,"2006",17
"20546","513600",0,1,"2007",17
"20547","513600",100,1,"2008",17
"20548","513600",100,1,"2009",17
"20549","513600",100,1,"2010",17
"20550","513600",100,1,"2011",17
"20576","514000",0,0,"1987",23
"20577","514000",0,0,"1988",23
"20578","514000",0,0,"1989",23
"20579","514000",0,1,"1990",23
"20580","514000",0,1,"1991",23
"20581","514000",0,1,"1992",23
"20582","514000",0,1,"1993",23
"20583","514000",0,1,"1994",23
"20584","514000",0,1,"1995",23
"20585","514000",0,1,"1996",23
"20586","514000",0,1,"1997",23
"20587","514000",0,1,"1998",23
"20588","514000",0,1,"1999",23
"20589","514000",0,1,"2000",23
"20590","514000",0,1,"2001",23
"20591","514000",0,1,"2002",23
"20592","514000",0,1,"2003",23
"20593","514000",0,1,"2004",23
"20594","514000",0,1,"2005",23
"20595","514000",100,1,"2006",23
"20596","514000",0,1,"2007",23
"20597","514000",0,1,"2008",23
"20598","514000",0,1,"2009",23
"20599","514000",0,1,"2010",23
"20600","514000",100,1,"2011",23
"20651","514600",0,0,"1987",10
"20652","514600",0,0,"1988",10
"20653","514600",100,0,"1989",10
"20654","514600",0,0,"1990",10
"20655","514600",0,0,"1991",10
"20656","514600",0,0,"1992",10
"20657","514600",100,0,"1993",10
"20658","514600",0,0,"1994",10
"20659","514600",0,0,"1995",10
"20660","514600",0,0,"1996",10
"20661","514600",100,0,"1997",10
"20662","514600",0,0,"1998",10
"20663","514600",0,0,"1999",10
"20664","514600",0,0,"2000",10
"20665","514600",0,0,"2001",10
"20666","514600",0,0,"2002",10
"20667","514600",0,1,"2003",10
"20668","514600",0,1,"2004",10
"20669","514600",100,1,"2005",10
"20670","514600",0,1,"2006",10
"20671","514600",0,1,"2007",10
"20672","514600",0,1,"2008",10
"20673","514600",100,1,"2009",10
"20674","514600",100,1,"2010",10
"20675","514600",100,1,"2011",10
"20676","514800",0,0,"1987",17
"20677","514800",0,0,"1988",17
"20678","514800",0,0,"1989",17
"20679","514800",0,0,"1990",17
"20680","514800",0,0,"1991",17
"20681","514800",0,0,"1992",17
"20682","514800",0,0,"1993",17
"20683","514800",0,0,"1994",17
"20684","514800",100,0,"1995",17
"20685","514800",0,1,"1996",17
"20686","514800",0,1,"1997",17
"20687","514800",100,1,"1998",17
"20688","514800",0,1,"1999",17
"20689","514800",0,1,"2000",17
"20690","514800",100,1,"2001",17
"20691","514800",100,1,"2002",17
"20692","514800",0,1,"2003",17
"20693","514800",0,1,"2004",17
"20694","514800",100,1,"2005",17
"20695","514800",0,1,"2006",17
"20696","514800",0,1,"2007",17
"20697","514800",0,1,"2008",17
"20698","514800",0,1,"2009",17
"20699","514800",100,1,"2010",17
"20700","514800",100,1,"2011",17
"20701","515000",0,0,"1987",1
"20702","515000",0,0,"1988",1
"20703","515000",0,0,"1989",1
"20704","515000",0,0,"1990",1
"20705","515000",0,0,"1991",1
"20706","515000",0,0,"1992",1
"20707","515000",0,0,"1993",1
"20708","515000",0,0,"1994",1
"20709","515000",0,0,"1995",1
"20710","515000",0,0,"1996",1
"20711","515000",0,0,"1997",1
"20712","515000",0,0,"1998",1
"20713","515000",0,0,"1999",1
"20714","515000",0,0,"2000",1
"20715","515000",0,0,"2001",1
"20716","515000",0,0,"2002",1
"20717","515000",0,0,"2003",1
"20718","515000",0,0,"2004",1
"20719","515000",0,0,"2005",1
"20720","515000",0,0,"2006",1
"20721","515000",0,0,"2007",1
"20722","515000",0,0,"2008",1
"20723","515000",0,0,"2009",1
"20724","515000",0,0,"2010",1
"20725","515000",0,0,"2011",1
"20726","515200",0,0,"1987",17
"20727","515200",0,0,"1988",17
"20728","515200",0,0,"1989",17
"20729","515200",0,0,"1990",17
"20730","515200",0,0,"1991",17
"20731","515200",0,0,"1992",17
"20732","515200",0,0,"1993",17
"20733","515200",0,0,"1994",17
"20734","515200",100,0,"1995",17
"20735","515200",0,1,"1996",17
"20736","515200",0,1,"1997",17
"20737","515200",0,1,"1998",17
"20738","515200",0,1,"1999",17
"20739","515200",0,1,"2000",17
"20740","515200",0,1,"2001",17
"20741","515200",0,1,"2002",17
"20742","515200",0,1,"2003",17
"20743","515200",0,1,"2004",17
"20744","515200",0,1,"2005",17
"20745","515200",0,1,"2006",17
"20746","515200",0,1,"2007",17
"20747","515200",0,1,"2008",17
"20748","515200",0,1,"2009",17
"20749","515200",0,1,"2010",17
"20750","515200",0,1,"2011",17
"20826","522000",0,0,"1987",16
"20827","522000",0,0,"1988",16
"20828","522000",0,0,"1989",16
"20829","522000",0,0,"1990",16
"20830","522000",100,0,"1991",16
"20831","522000",0,0,"1992",16
"20832","522000",0,0,"1993",16
"20833","522000",0,0,"1994",16
"20834","522000",0,0,"1995",16
"20835","522000",0,0,"1996",16
"20836","522000",100,1,"1997",16
"20837","522000",0,1,"1998",16
"20838","522000",0,1,"1999",16
"20839","522000",0,1,"2000",16
"20840","522000",0,1,"2001",16
"20841","522000",0,1,"2002",16
"20842","522000",0,1,"2003",16
"20843","522000",100,1,"2004",16
"20844","522000",0,1,"2005",16
"20845","522000",0,1,"2006",16
"20846","522000",0,1,"2007",16
"20847","522000",0,1,"2008",16
"20848","522000",0,1,"2009",16
"20849","522000",0,1,"2010",16
"20850","522000",0,1,"2011",16
"20901","522600",0,0,"1987",22
"20902","522600",0,0,"1988",22
"20903","522600",0,0,"1989",22
"20904","522600",0,0,"1990",22
"20905","522600",0,1,"1991",22
"20906","522600",100,1,"1992",22
"20907","522600",0,1,"1993",22
"20908","522600",0,1,"1994",22
"20909","522600",0,1,"1995",22
"20910","522600",0,1,"1996",22
"20911","522600",0,1,"1997",22
"20912","522600",0,1,"1998",22
"20913","522600",100,1,"1999",22
"20914","522600",0,1,"2000",22
"20915","522600",0,1,"2001",22
"20916","522600",0,1,"2002",22
"20917","522600",0,1,"2003",22
"20918","522600",100,1,"2004",22
"20919","522600",0,1,"2005",22
"20920","522600",0,1,"2006",22
"20921","522600",0,1,"2007",22
"20922","522600",0,1,"2008",22
"20923","522600",0,1,"2009",22
"20924","522600",0,1,"2010",22
"20925","522600",0,1,"2011",22
"20926","522800",0,0,"1987",16
"20927","522800",0,0,"1988",16
"20928","522800",0,0,"1989",16
"20929","522800",0,0,"1990",16
"20930","522800",0,0,"1991",16
"20931","522800",0,0,"1992",16
"20932","522800",100,0,"1993",16
"20933","522800",0,0,"1994",16
"20934","522800",0,0,"1995",16
"20935","522800",0,0,"1996",16
"20936","522800",0,1,"1997",16
"20937","522800",0,1,"1998",16
"20938","522800",0,1,"1999",16
"20939","522800",0,1,"2000",16
"20940","522800",0,1,"2001",16
"20941","522800",100,1,"2002",16
"20942","522800",0,1,"2003",16
"20943","522800",100,1,"2004",16
"20944","522800",0,1,"2005",16
"20945","522800",0,1,"2006",16
"20946","522800",0,1,"2007",16
"20947","522800",100,1,"2008",16
"20948","522800",0,1,"2009",16
"20949","522800",0,1,"2010",16
"20950","522800",0,1,"2011",16
"20951","523000",0,0,"1987",12
"20952","523000",0,0,"1988",12
"20953","523000",0,0,"1989",12
"20954","523000",0,0,"1990",12
"20955","523000",0,0,"1991",12
"20956","523000",0,0,"1992",12
"20957","523000",100,0,"1993",12
"20958","523000",0,0,"1994",12
"20959","523000",0,0,"1995",12
"20960","523000",0,0,"1996",12
"20961","523000",0,0,"1997",12
"20962","523000",0,0,"1998",12
"20963","523000",0,0,"1999",12
"20964","523000",0,0,"2000",12
"20965","523000",0,1,"2001",12
"20966","523000",0,1,"2002",12
"20967","523000",0,1,"2003",12
"20968","523000",0,1,"2004",12
"20969","523000",0,1,"2005",12
"20970","523000",0,1,"2006",12
"20971","523000",0,1,"2007",12
"20972","523000",0,1,"2008",12
"20973","523000",0,1,"2009",12
"20974","523000",0,1,"2010",12
"20975","523000",0,1,"2011",12
"20976","523200",0,0,"1987",23
"20977","523200",100,0,"1988",23
"20978","523200",0,0,"1989",23
"20979","523200",0,1,"1990",23
"20980","523200",0,1,"1991",23
"20981","523200",0,1,"1992",23
"20982","523200",0,1,"1993",23
"20983","523200",0,1,"1994",23
"20984","523200",0,1,"1995",23
"20985","523200",0,1,"1996",23
"20986","523200",0,1,"1997",23
"20987","523200",0,1,"1998",23
"20988","523200",0,1,"1999",23
"20989","523200",0,1,"2000",23
"20990","523200",0,1,"2001",23
"20991","523200",0,1,"2002",23
"20992","523200",100,1,"2003",23
"20993","523200",0,1,"2004",23
"20994","523200",0,1,"2005",23
"20995","523200",100,1,"2006",23
"20996","523200",0,1,"2007",23
"20997","523200",0,1,"2008",23
"20998","523200",0,1,"2009",23
"20999","523200",0,1,"2010",23
"21000","523200",0,1,"2011",23
"21026","523600",0,0,"1987",1
"21027","523600",0,0,"1988",1
"21028","523600",0,0,"1989",1
"21029","523600",0,0,"1990",1
"21030","523600",0,0,"1991",1
"21031","523600",0,0,"1992",1
"21032","523600",0,0,"1993",1
"21033","523600",0,0,"1994",1
"21034","523600",0,0,"1995",1
"21035","523600",0,0,"1996",1
"21036","523600",0,0,"1997",1
"21037","523600",0,0,"1998",1
"21038","523600",0,0,"1999",1
"21039","523600",0,0,"2000",1
"21040","523600",0,0,"2001",1
"21041","523600",0,0,"2002",1
"21042","523600",0,0,"2003",1
"21043","523600",0,0,"2004",1
"21044","523600",0,0,"2005",1
"21045","523600",0,0,"2006",1
"21046","523600",0,0,"2007",1
"21047","523600",0,0,"2008",1
"21048","523600",0,0,"2009",1
"21049","523600",0,0,"2010",1
"21050","523600",0,0,"2011",1
"21051","523800",0,0,"1987",1
"21052","523800",0,0,"1988",1
"21053","523800",0,0,"1989",1
"21054","523800",0,0,"1990",1
"21055","523800",0,0,"1991",1
"21056","523800",0,0,"1992",1
"21057","523800",0,0,"1993",1
"21058","523800",100,0,"1994",1
"21059","523800",0,0,"1995",1
"21060","523800",0,0,"1996",1
"21061","523800",0,0,"1997",1
"21062","523800",0,0,"1998",1
"21063","523800",0,0,"1999",1
"21064","523800",0,0,"2000",1
"21065","523800",100,0,"2001",1
"21066","523800",100,0,"2002",1
"21067","523800",100,0,"2003",1
"21068","523800",100,0,"2004",1
"21069","523800",100,0,"2005",1
"21070","523800",100,0,"2006",1
"21071","523800",100,0,"2007",1
"21072","523800",0,0,"2008",1
"21073","523800",0,0,"2009",1
"21074","523800",0,0,"2010",1
"21075","523800",0,0,"2011",1
"21101","532000",0,0,"1987",11
"21102","532000",0,0,"1988",11
"21103","532000",0,0,"1989",11
"21104","532000",0,0,"1990",11
"21105","532000",0,0,"1991",11
"21106","532000",0,0,"1992",11
"21107","532000",0,0,"1993",11
"21108","532000",0,0,"1994",11
"21109","532000",0,0,"1995",11
"21110","532000",0,0,"1996",11
"21111","532000",0,0,"1997",11
"21112","532000",0,0,"1998",11
"21113","532000",0,0,"1999",11
"21114","532000",0,0,"2000",11
"21115","532000",0,0,"2001",11
"21116","532000",0,1,"2002",11
"21117","532000",100,1,"2003",11
"21118","532000",100,1,"2004",11
"21119","532000",100,1,"2005",11
"21120","532000",100,1,"2006",11
"21121","532000",100,1,"2007",11
"21122","532000",100,1,"2008",11
"21123","532000",0,1,"2009",11
"21124","532000",0,1,"2010",11
"21125","532000",0,1,"2011",11
"21126","532200",0,0,"1987",8
"21127","532200",0,0,"1988",8
"21128","532200",0,0,"1989",8
"21129","532200",0,0,"1990",8
"21130","532200",0,0,"1991",8
"21131","532200",0,0,"1992",8
"21132","532200",0,0,"1993",8
"21133","532200",0,0,"1994",8
"21134","532200",0,0,"1995",8
"21135","532200",0,0,"1996",8
"21136","532200",0,0,"1997",8
"21137","532200",0,0,"1998",8
"21138","532200",0,0,"1999",8
"21139","532200",0,0,"2000",8
"21140","532200",0,0,"2001",8
"21141","532200",0,0,"2002",8
"21142","532200",0,0,"2003",8
"21143","532200",0,0,"2004",8
"21144","532200",0,1,"2005",8
"21145","532200",0,1,"2006",8
"21146","532200",100,1,"2007",8
"21147","532200",0,1,"2008",8
"21148","532200",0,1,"2009",8
"21149","532200",0,1,"2010",8
"21150","532200",0,1,"2011",8
"21176","532600",0,0,"1987",1
"21177","532600",0,0,"1988",1
"21178","532600",0,0,"1989",1
"21179","532600",0,0,"1990",1
"21180","532600",0,0,"1991",1
"21181","532600",0,0,"1992",1
"21182","532600",0,0,"1993",1
"21183","532600",0,0,"1994",1
"21184","532600",0,0,"1995",1
"21185","532600",0,0,"1996",1
"21186","532600",0,0,"1997",1
"21187","532600",0,0,"1998",1
"21188","532600",0,0,"1999",1
"21189","532600",0,0,"2000",1
"21190","532600",0,0,"2001",1
"21191","532600",0,0,"2002",1
"21192","532600",0,0,"2003",1
"21193","532600",0,0,"2004",1
"21194","532600",0,0,"2005",1
"21195","532600",0,0,"2006",1
"21196","532600",0,0,"2007",1
"21197","532600",0,0,"2008",1
"21198","532600",0,0,"2009",1
"21199","532600",0,0,"2010",1
"21200","532600",0,0,"2011",1
"21201","532800",0,0,"1987",23
"21202","532800",0,0,"1988",23
"21203","532800",0,0,"1989",23
"21204","532800",0,1,"1990",23
"21205","532800",0,1,"1991",23
"21206","532800",0,1,"1992",23
"21207","532800",0,1,"1993",23
"21208","532800",0,1,"1994",23
"21209","532800",0,1,"1995",23
"21210","532800",0,1,"1996",23
"21211","532800",0,1,"1997",23
"21212","532800",0,1,"1998",23
"21213","532800",0,1,"1999",23
"21214","532800",0,1,"2000",23
"21215","532800",0,1,"2001",23
"21216","532800",0,1,"2002",23
"21217","532800",100,1,"2003",23
"21218","532800",0,1,"2004",23
"21219","532800",100,1,"2005",23
"21220","532800",0,1,"2006",23
"21221","532800",0,1,"2007",23
"21222","532800",0,1,"2008",23
"21223","532800",100,1,"2009",23
"21224","532800",100,1,"2010",23
"21225","532800",100,1,"2011",23
"21251","533200",0,0,"1987",5
"21252","533200",0,0,"1988",5
"21253","533200",0,0,"1989",5
"21254","533200",0,0,"1990",5
"21255","533200",0,0,"1991",5
"21256","533200",0,0,"1992",5
"21257","533200",0,0,"1993",5
"21258","533200",0,0,"1994",5
"21259","533200",0,0,"1995",5
"21260","533200",0,0,"1996",5
"21261","533200",0,0,"1997",5
"21262","533200",0,0,"1998",5
"21263","533200",0,0,"1999",5
"21264","533200",100,0,"2000",5
"21265","533200",0,0,"2001",5
"21266","533200",0,0,"2002",5
"21267","533200",0,0,"2003",5
"21268","533200",0,0,"2004",5
"21269","533200",100,0,"2005",5
"21270","533200",0,0,"2006",5
"21271","533200",0,0,"2007",5
"21272","533200",0,1,"2008",5
"21273","533200",0,1,"2009",5
"21274","533200",100,1,"2010",5
"21275","533200",100,1,"2011",5
"21351","534000",0,0,"1987",23
"21352","534000",0,0,"1988",23
"21353","534000",0,0,"1989",23
"21354","534000",0,1,"1990",23
"21355","534000",0,1,"1991",23
"21356","534000",0,1,"1992",23
"21357","534000",0,1,"1993",23
"21358","534000",0,1,"1994",23
"21359","534000",0,1,"1995",23
"21360","534000",0,1,"1996",23
"21361","534000",100,1,"1997",23
"21362","534000",0,1,"1998",23
"21363","534000",0,1,"1999",23
"21364","534000",0,1,"2000",23
"21365","534000",0,1,"2001",23
"21366","534000",0,1,"2002",23
"21367","534000",0,1,"2003",23
"21368","534000",0,1,"2004",23
"21369","534000",0,1,"2005",23
"21370","534000",0,1,"2006",23
"21371","534000",0,1,"2007",23
"21372","534000",0,1,"2008",23
"21373","534000",100,1,"2009",23
"21374","534000",100,1,"2010",23
"21375","534000",0,1,"2011",23
"21376","534200",0,0,"1987",1
"21377","534200",0,0,"1988",1
"21378","534200",0,0,"1989",1
"21379","534200",0,0,"1990",1
"21380","534200",0,0,"1991",1
"21381","534200",0,0,"1992",1
"21382","534200",0,0,"1993",1
"21383","534200",0,0,"1994",1
"21384","534200",0,0,"1995",1
"21385","534200",0,0,"1996",1
"21386","534200",0,0,"1997",1
"21387","534200",0,0,"1998",1
"21388","534200",0,0,"1999",1
"21389","534200",0,0,"2000",1
"21390","534200",0,0,"2001",1
"21391","534200",0,0,"2002",1
"21392","534200",0,0,"2003",1
"21393","534200",0,0,"2004",1
"21394","534200",0,0,"2005",1
"21395","534200",0,0,"2006",1
"21396","534200",0,0,"2007",1
"21397","534200",0,0,"2008",1
"21398","534200",0,0,"2009",1
"21399","534200",0,0,"2010",1
"21400","534200",0,0,"2011",1
"21401","534400",0,0,"1987",23
"21402","534400",0,0,"1988",23
"21403","534400",0,0,"1989",23
"21404","534400",0,1,"1990",23
"21405","534400",0,1,"1991",23
"21406","534400",0,1,"1992",23
"21407","534400",0,1,"1993",23
"21408","534400",0,1,"1994",23
"21409","534400",0,1,"1995",23
"21410","534400",0,1,"1996",23
"21411","534400",0,1,"1997",23
"21412","534400",100,1,"1998",23
"21413","534400",100,1,"1999",23
"21414","534400",100,1,"2000",23
"21415","534400",100,1,"2001",23
"21416","534400",0,1,"2002",23
"21417","534400",100,1,"2003",23
"21418","534400",100,1,"2004",23
"21419","534400",100,1,"2005",23
"21420","534400",100,1,"2006",23
"21421","534400",100,1,"2007",23
"21422","534400",100,1,"2008",23
"21423","534400",100,1,"2009",23
"21424","534400",100,1,"2010",23
"21425","534400",100,1,"2011",23
"21426","534600",0,0,"1987",23
"21427","534600",0,0,"1988",23
"21428","534600",0,0,"1989",23
"21429","534600",0,1,"1990",23
"21430","534600",0,1,"1991",23
"21431","534600",0,1,"1992",23
"21432","534600",0,1,"1993",23
"21433","534600",0,1,"1994",23
"21434","534600",0,1,"1995",23
"21435","534600",0,1,"1996",23
"21436","534600",100,1,"1997",23
"21437","534600",0,1,"1998",23
"21438","534600",0,1,"1999",23
"21439","534600",0,1,"2000",23
"21440","534600",100,1,"2001",23
"21441","534600",0,1,"2002",23
"21442","534600",0,1,"2003",23
"21443","534600",0,1,"2004",23
"21444","534600",0,1,"2005",23
"21445","534600",0,1,"2006",23
"21446","534600",0,1,"2007",23
"21447","534600",0,1,"2008",23
"21448","534600",0,1,"2009",23
"21449","534600",0,1,"2010",23
"21450","534600",0,1,"2011",23
"21451","534800",0,0,"1987",23
"21452","534800",0,0,"1988",23
"21453","534800",0,0,"1989",23
"21454","534800",0,1,"1990",23
"21455","534800",0,1,"1991",23
"21456","534800",0,1,"1992",23
"21457","534800",0,1,"1993",23
"21458","534800",0,1,"1994",23
"21459","534800",0,1,"1995",23
"21460","534800",0,1,"1996",23
"21461","534800",0,1,"1997",23
"21462","534800",0,1,"1998",23
"21463","534800",0,1,"1999",23
"21464","534800",100,1,"2000",23
"21465","534800",0,1,"2001",23
"21466","534800",0,1,"2002",23
"21467","534800",0,1,"2003",23
"21468","534800",0,1,"2004",23
"21469","534800",0,1,"2005",23
"21470","534800",0,1,"2006",23
"21471","534800",0,1,"2007",23
"21472","534800",0,1,"2008",23
"21473","534800",0,1,"2009",23
"21474","534800",0,1,"2010",23
"21475","534800",0,1,"2011",23
"21476","535000",0,0,"1987",1
"21477","535000",0,0,"1988",1
"21478","535000",0,0,"1989",1
"21479","535000",0,0,"1990",1
"21480","535000",0,0,"1991",1
"21481","535000",0,0,"1992",1
"21482","535000",0,0,"1993",1
"21483","535000",0,0,"1994",1
"21484","535000",0,0,"1995",1
"21485","535000",0,0,"1996",1
"21486","535000",0,0,"1997",1
"21487","535000",0,0,"1998",1
"21488","535000",0,0,"1999",1
"21489","535000",0,0,"2000",1
"21490","535000",0,0,"2001",1
"21491","535000",100,0,"2002",1
"21492","535000",0,0,"2003",1
"21493","535000",0,0,"2004",1
"21494","535000",0,0,"2005",1
"21495","535000",0,0,"2006",1
"21496","535000",0,0,"2007",1
"21497","535000",0,0,"2008",1
"21498","535000",0,0,"2009",1
"21499","535000",0,0,"2010",1
"21500","535000",0,0,"2011",1
"21501","535200",0,0,"1987",14
"21502","535200",0,0,"1988",14
"21503","535200",0,0,"1989",14
"21504","535200",0,0,"1990",14
"21505","535200",0,0,"1991",14
"21506","535200",0,0,"1992",14
"21507","535200",0,0,"1993",14
"21508","535200",0,0,"1994",14
"21509","535200",0,0,"1995",14
"21510","535200",0,0,"1996",14
"21511","535200",0,0,"1997",14
"21512","535200",0,0,"1998",14
"21513","535200",0,1,"1999",14
"21514","535200",100,1,"2000",14
"21515","535200",0,1,"2001",14
"21516","535200",0,1,"2002",14
"21517","535200",0,1,"2003",14
"21518","535200",0,1,"2004",14
"21519","535200",0,1,"2005",14
"21520","535200",0,1,"2006",14
"21521","535200",100,1,"2007",14
"21522","535200",0,1,"2008",14
"21523","535200",100,1,"2009",14
"21524","535200",100,1,"2010",14
"21525","535200",100,1,"2011",14
"21551","542200",0,0,"1987",5
"21552","542200",0,0,"1988",5
"21553","542200",0,0,"1989",5
"21554","542200",0,0,"1990",5
"21555","542200",0,0,"1991",5
"21556","542200",0,0,"1992",5
"21557","542200",0,0,"1993",5
"21558","542200",100,0,"1994",5
"21559","542200",0,0,"1995",5
"21560","542200",0,0,"1996",5
"21561","542200",0,0,"1997",5
"21562","542200",0,0,"1998",5
"21563","542200",0,0,"1999",5
"21564","542200",0,0,"2000",5
"21565","542200",0,0,"2001",5
"21566","542200",0,0,"2002",5
"21567","542200",0,0,"2003",5
"21568","542200",100,0,"2004",5
"21569","542200",0,0,"2005",5
"21570","542200",0,0,"2006",5
"21571","542200",0,0,"2007",5
"21572","542200",0,1,"2008",5
"21573","542200",0,1,"2009",5
"21574","542200",100,1,"2010",5
"21575","542200",0,1,"2011",5
"21601","542600",0,0,"1987",1
"21602","542600",0,0,"1988",1
"21603","542600",100,0,"1989",1
"21604","542600",0,0,"1990",1
"21605","542600",0,0,"1991",1
"21606","542600",0,0,"1992",1
"21607","542600",0,0,"1993",1
"21608","542600",100,0,"1994",1
"21609","542600",0,0,"1995",1
"21610","542600",0,0,"1996",1
"21611","542600",0,0,"1997",1
"21612","542600",100,0,"1998",1
"21613","542600",0,0,"1999",1
"21614","542600",0,0,"2000",1
"21615","542600",0,0,"2001",1
"21616","542600",0,0,"2002",1
"21617","542600",0,0,"2003",1
"21618","542600",0,0,"2004",1
"21619","542600",0,0,"2005",1
"21620","542600",0,0,"2006",1
"21621","542600",100,0,"2007",1
"21622","542600",0,0,"2008",1
"21623","542600",0,0,"2009",1
"21624","542600",0,0,"2010",1
"21625","542600",100,0,"2011",1
"21626","542800",0,0,"1987",6
"21627","542800",0,0,"1988",6
"21628","542800",100,0,"1989",6
"21629","542800",0,0,"1990",6
"21630","542800",0,0,"1991",6
"21631","542800",0,0,"1992",6
"21632","542800",0,0,"1993",6
"21633","542800",0,0,"1994",6
"21634","542800",100,0,"1995",6
"21635","542800",0,0,"1996",6
"21636","542800",0,0,"1997",6
"21637","542800",0,0,"1998",6
"21638","542800",0,0,"1999",6
"21639","542800",100,0,"2000",6
"21640","542800",0,0,"2001",6
"21641","542800",0,0,"2002",6
"21642","542800",0,0,"2003",6
"21643","542800",100,0,"2004",6
"21644","542800",0,0,"2005",6
"21645","542800",0,0,"2006",6
"21646","542800",0,1,"2007",6
"21647","542800",100,1,"2008",6
"21648","542800",100,1,"2009",6
"21649","542800",100,1,"2010",6
"21650","542800",100,1,"2011",6
"21751","543800",0,0,"1987",16
"21752","543800",0,0,"1988",16
"21753","543800",0,0,"1989",16
"21754","543800",100,0,"1990",16
"21755","543800",0,0,"1991",16
"21756","543800",0,0,"1992",16
"21757","543800",0,0,"1993",16
"21758","543800",0,0,"1994",16
"21759","543800",100,0,"1995",16
"21760","543800",0,0,"1996",16
"21761","543800",0,1,"1997",16
"21762","543800",0,1,"1998",16
"21763","543800",100,1,"1999",16
"21764","543800",100,1,"2000",16
"21765","543800",100,1,"2001",16
"21766","543800",100,1,"2002",16
"21767","543800",100,1,"2003",16
"21768","543800",100,1,"2004",16
"21769","543800",100,1,"2005",16
"21770","543800",100,1,"2006",16
"21771","543800",100,1,"2007",16
"21772","543800",100,1,"2008",16
"21773","543800",0,1,"2009",16
"21774","543800",0,1,"2010",16
"21775","543800",100,1,"2011",16
"21876","544800",0,0,"1987",1
"21877","544800",0,0,"1988",1
"21878","544800",100,0,"1989",1
"21879","544800",0,0,"1990",1
"21880","544800",0,0,"1991",1
"21881","544800",100,0,"1992",1
"21882","544800",0,0,"1993",1
"21883","544800",0,0,"1994",1
"21884","544800",100,0,"1995",1
"21885","544800",0,0,"1996",1
"21886","544800",0,0,"1997",1
"21887","544800",100,0,"1998",1
"21888","544800",0,0,"1999",1
"21889","544800",0,0,"2000",1
"21890","544800",100,0,"2001",1
"21891","544800",0,0,"2002",1
"21892","544800",0,0,"2003",1
"21893","544800",100,0,"2004",1
"21894","544800",0,0,"2005",1
"21895","544800",0,0,"2006",1
"21896","544800",100,0,"2007",1
"21897","544800",0,0,"2008",1
"21898","544800",0,0,"2009",1
"21899","544800",100,0,"2010",1
"21900","544800",100,0,"2011",1
"22376","562000",0,0,"1987",14
"22377","562000",0,0,"1988",14
"22378","562000",100,0,"1989",14
"22379","562000",0,0,"1990",14
"22380","562000",0,0,"1991",14
"22381","562000",0,0,"1992",14
"22382","562000",0,0,"1993",14
"22383","562000",0,0,"1994",14
"22384","562000",0,0,"1995",14
"22385","562000",0,0,"1996",14
"22386","562000",0,0,"1997",14
"22387","562000",0,0,"1998",14
"22388","562000",100,1,"1999",14
"22389","562000",100,1,"2000",14
"22390","562000",100,1,"2001",14
"22391","562000",100,1,"2002",14
"22392","562000",100,1,"2003",14
"22393","562000",100,1,"2004",14
"22394","562000",0,1,"2005",14
"22395","562000",0,1,"2006",14
"22396","562000",0,1,"2007",14
"22397","562000",0,1,"2008",14
"22398","562000",0,1,"2009",14
"22399","562000",100,1,"2010",14
"22400","562000",0,1,"2011",14
"22401","562200",0,0,"1987",23
"22402","562200",100,0,"1988",23
"22403","562200",0,0,"1989",23
"22404","562200",0,1,"1990",23
"22405","562200",0,1,"1991",23
"22406","562200",0,1,"1992",23
"22407","562200",0,1,"1993",23
"22408","562200",0,1,"1994",23
"22409","562200",100,1,"1995",23
"22410","562200",0,1,"1996",23
"22411","562200",100,1,"1997",23
"22412","562200",0,1,"1998",23
"22413","562200",0,1,"1999",23
"22414","562200",100,1,"2000",23
"22415","562200",0,1,"2001",23
"22416","562200",0,1,"2002",23
"22417","562200",100,1,"2003",23
"22418","562200",0,1,"2004",23
"22419","562200",0,1,"2005",23
"22420","562200",100,1,"2006",23
"22421","562200",0,1,"2007",23
"22422","562200",0,1,"2008",23
"22423","562200",0,1,"2009",23
"22424","562200",100,1,"2010",23
"22425","562200",0,1,"2011",23
"22476","562800",0,0,"1987",23
"22477","562800",0,0,"1988",23
"22478","562800",0,0,"1989",23
"22479","562800",0,1,"1990",23
"22480","562800",0,1,"1991",23
"22481","562800",0,1,"1992",23
"22482","562800",0,1,"1993",23
"22483","562800",0,1,"1994",23
"22484","562800",0,1,"1995",23
"22485","562800",100,1,"1996",23
"22486","562800",0,1,"1997",23
"22487","562800",0,1,"1998",23
"22488","562800",0,1,"1999",23
"22489","562800",0,1,"2000",23
"22490","562800",0,1,"2001",23
"22491","562800",100,1,"2002",23
"22492","562800",100,1,"2003",23
"22493","562800",100,1,"2004",23
"22494","562800",100,1,"2005",23
"22495","562800",100,1,"2006",23
"22496","562800",100,1,"2007",23
"22497","562800",100,1,"2008",23
"22498","562800",100,1,"2009",23
"22499","562800",100,1,"2010",23
"22500","562800",100,1,"2011",23
"22526","563200",0,0,"1987",23
"22527","563200",0,0,"1988",23
"22528","563200",100,0,"1989",23
"22529","563200",0,1,"1990",23
"22530","563200",0,1,"1991",23
"22531","563200",0,1,"1992",23
"22532","563200",100,1,"1993",23
"22533","563200",0,1,"1994",23
"22534","563200",0,1,"1995",23
"22535","563200",0,1,"1996",23
"22536","563200",0,1,"1997",23
"22537","563200",100,1,"1998",23
"22538","563200",0,1,"1999",23
"22539","563200",100,1,"2000",23
"22540","563200",100,1,"2001",23
"22541","563200",100,1,"2002",23
"22542","563200",100,1,"2003",23
"22543","563200",100,1,"2004",23
"22544","563200",100,1,"2005",23
"22545","563200",100,1,"2006",23
"22546","563200",100,1,"2007",23
"22547","563200",100,1,"2008",23
"22548","563200",100,1,"2009",23
"22549","563200",100,1,"2010",23
"22550","563200",100,1,"2011",23
"22551","563400",0,0,"1987",23
"22552","563400",0,0,"1988",23
"22553","563400",0,0,"1989",23
"22554","563400",0,1,"1990",23
"22555","563400",0,1,"1991",23
"22556","563400",0,1,"1992",23
"22557","563400",100,1,"1993",23
"22558","563400",0,1,"1994",23
"22559","563400",0,1,"1995",23
"22560","563400",0,1,"1996",23
"22561","563400",0,1,"1997",23
"22562","563400",100,1,"1998",23
"22563","563400",0,1,"1999",23
"22564","563400",100,1,"2000",23
"22565","563400",100,1,"2001",23
"22566","563400",100,1,"2002",23
"22567","563400",100,1,"2003",23
"22568","563400",100,1,"2004",23
"22569","563400",100,1,"2005",23
"22570","563400",100,1,"2006",23
"22571","563400",100,1,"2007",23
"22572","563400",100,1,"2008",23
"22573","563400",100,1,"2009",23
"22574","563400",100,1,"2010",23
"22575","563400",100,1,"2011",23
"22576","563600",0,0,"1987",23
"22577","563600",0,0,"1988",23
"22578","563600",0,0,"1989",23
"22579","563600",100,1,"1990",23
"22580","563600",0,1,"1991",23
"22581","563600",0,1,"1992",23
"22582","563600",0,1,"1993",23
"22583","563600",0,1,"1994",23
"22584","563600",0,1,"1995",23
"22585","563600",0,1,"1996",23
"22586","563600",0,1,"1997",23
"22587","563600",0,1,"1998",23
"22588","563600",100,1,"1999",23
"22589","563600",100,1,"2000",23
"22590","563600",100,1,"2001",23
"22591","563600",100,1,"2002",23
"22592","563600",100,1,"2003",23
"22593","563600",100,1,"2004",23
"22594","563600",100,1,"2005",23
"22595","563600",100,1,"2006",23
"22596","563600",0,1,"2007",23
"22597","563600",0,1,"2008",23
"22598","563600",0,1,"2009",23
"22599","563600",0,1,"2010",23
"22600","563600",0,1,"2011",23
"22601","563800",0,0,"1987",23
"22602","563800",0,0,"1988",23
"22603","563800",0,0,"1989",23
"22604","563800",0,1,"1990",23
"22605","563800",0,1,"1991",23
"22606","563800",0,1,"1992",23
"22607","563800",0,1,"1993",23
"22608","563800",0,1,"1994",23
"22609","563800",0,1,"1995",23
"22610","563800",100,1,"1996",23
"22611","563800",0,1,"1997",23
"22612","563800",0,1,"1998",23
"22613","563800",0,1,"1999",23
"22614","563800",0,1,"2000",23
"22615","563800",0,1,"2001",23
"22616","563800",100,1,"2002",23
"22617","563800",100,1,"2003",23
"22618","563800",100,1,"2004",23
"22619","563800",100,1,"2005",23
"22620","563800",100,1,"2006",23
"22621","563800",100,1,"2007",23
"22622","563800",100,1,"2008",23
"22623","563800",100,1,"2009",23
"22624","563800",100,1,"2010",23
"22625","563800",100,1,"2011",23
"22626","564000",0,0,"1987",14
"22627","564000",0,0,"1988",14
"22628","564000",0,0,"1989",14
"22629","564000",0,0,"1990",14
"22630","564000",0,0,"1991",14
"22631","564000",0,0,"1992",14
"22632","564000",0,0,"1993",14
"22633","564000",0,0,"1994",14
"22634","564000",0,0,"1995",14
"22635","564000",0,0,"1996",14
"22636","564000",100,0,"1997",14
"22637","564000",0,0,"1998",14
"22638","564000",0,1,"1999",14
"22639","564000",100,1,"2000",14
"22640","564000",100,1,"2001",14
"22641","564000",100,1,"2002",14
"22642","564000",100,1,"2003",14
"22643","564000",100,1,"2004",14
"22644","564000",100,1,"2005",14
"22645","564000",100,1,"2006",14
"22646","564000",100,1,"2007",14
"22647","564000",100,1,"2008",14
"22648","564000",0,1,"2009",14
"22649","564000",100,1,"2010",14
"22650","564000",0,1,"2011",14
"22651","564200",0,0,"1987",23
"22652","564200",0,0,"1988",23
"22653","564200",100,0,"1989",23
"22654","564200",0,1,"1990",23
"22655","564200",0,1,"1991",23
"22656","564200",0,1,"1992",23
"22657","564200",100,1,"1993",23
"22658","564200",0,1,"1994",23
"22659","564200",0,1,"1995",23
"22660","564200",0,1,"1996",23
"22661","564200",0,1,"1997",23
"22662","564200",100,1,"1998",23
"22663","564200",0,1,"1999",23
"22664","564200",100,1,"2000",23
"22665","564200",100,1,"2001",23
"22666","564200",100,1,"2002",23
"22667","564200",100,1,"2003",23
"22668","564200",100,1,"2004",23
"22669","564200",100,1,"2005",23
"22670","564200",100,1,"2006",23
"22671","564200",100,1,"2007",23
"22672","564200",100,1,"2008",23
"22673","564200",100,1,"2009",23
"22674","564200",100,1,"2010",23
"22675","564200",0,1,"2011",23
"22701","564600",0,0,"1987",23
"22702","564600",0,0,"1988",23
"22703","564600",0,0,"1989",23
"22704","564600",0,1,"1990",23
"22705","564600",0,1,"1991",23
"22706","564600",0,1,"1992",23
"22707","564600",0,1,"1993",23
"22708","564600",100,1,"1994",23
"22709","564600",0,1,"1995",23
"22710","564600",0,1,"1996",23
"22711","564600",0,1,"1997",23
"22712","564600",0,1,"1998",23
"22713","564600",100,1,"1999",23
"22714","564600",100,1,"2000",23
"22715","564600",100,1,"2001",23
"22716","564600",100,1,"2002",23
"22717","564600",100,1,"2003",23
"22718","564600",100,1,"2004",23
"22719","564600",100,1,"2005",23
"22720","564600",100,1,"2006",23
"22721","564600",0,1,"2007",23
"22722","564600",0,1,"2008",23
"22723","564600",0,1,"2009",23
"22724","564600",0,1,"2010",23
"22725","564600",0,1,"2011",23
"22726","564800",0,0,"1987",23
"22727","564800",0,0,"1988",23
"22728","564800",0,0,"1989",23
"22729","564800",0,1,"1990",23
"22730","564800",0,1,"1991",23
"22731","564800",0,1,"1992",23
"22732","564800",0,1,"1993",23
"22733","564800",0,1,"1994",23
"22734","564800",100,1,"1995",23
"22735","564800",0,1,"1996",23
"22736","564800",0,1,"1997",23
"22737","564800",0,1,"1998",23
"22738","564800",0,1,"1999",23
"22739","564800",100,1,"2000",23
"22740","564800",100,1,"2001",23
"22741","564800",100,1,"2002",23
"22742","564800",100,1,"2003",23
"22743","564800",100,1,"2004",23
"22744","564800",100,1,"2005",23
"22745","564800",100,1,"2006",23
"22746","564800",100,1,"2007",23
"22747","564800",100,1,"2008",23
"22748","564800",0,1,"2009",23
"22749","564800",100,1,"2010",23
"22750","564800",0,1,"2011",23
"22751","565000",0,0,"1987",14
"22752","565000",0,0,"1988",14
"22753","565000",0,0,"1989",14
"22754","565000",0,0,"1990",14
"22755","565000",0,0,"1991",14
"22756","565000",0,0,"1992",14
"22757","565000",0,0,"1993",14
"22758","565000",0,0,"1994",14
"22759","565000",0,0,"1995",14
"22760","565000",0,0,"1996",14
"22761","565000",0,0,"1997",14
"22762","565000",0,0,"1998",14
"22763","565000",100,1,"1999",14
"22764","565000",100,1,"2000",14
"22765","565000",100,1,"2001",14
"22766","565000",100,1,"2002",14
"22767","565000",100,1,"2003",14
"22768","565000",100,1,"2004",14
"22769","565000",100,1,"2005",14
"22770","565000",100,1,"2006",14
"22771","565000",100,1,"2007",14
"22772","565000",100,1,"2008",14
"22773","565000",100,1,"2009",14
"22774","565000",100,1,"2010",14
"22775","565000",100,1,"2011",14
"22801","572200",0,0,"1987",15
"22802","572200",0,0,"1988",15
"22803","572200",0,0,"1989",15
"22804","572200",0,0,"1990",15
"22805","572200",0,0,"1991",15
"22806","572200",0,0,"1992",15
"22807","572200",0,0,"1993",15
"22808","572200",100,0,"1994",15
"22809","572200",0,0,"1995",15
"22810","572200",0,0,"1996",15
"22811","572200",0,0,"1997",15
"22812","572200",0,1,"1998",15
"22813","572200",0,1,"1999",15
"22814","572200",0,1,"2000",15
"22815","572200",0,1,"2001",15
"22816","572200",0,1,"2002",15
"22817","572200",100,1,"2003",15
"22818","572200",100,1,"2004",15
"22819","572200",100,1,"2005",15
"22820","572200",100,1,"2006",15
"22821","572200",100,1,"2007",15
"22822","572200",100,1,"2008",15
"22823","572200",100,1,"2009",15
"22824","572200",100,1,"2010",15
"22825","572200",100,1,"2011",15
"22826","572400",0,0,"1987",15
"22827","572400",0,0,"1988",15
"22828","572400",0,0,"1989",15
"22829","572400",0,0,"1990",15
"22830","572400",0,0,"1991",15
"22831","572400",0,0,"1992",15
"22832","572400",0,0,"1993",15
"22833","572400",0,0,"1994",15
"22834","572400",0,0,"1995",15
"22835","572400",0,0,"1996",15
"22836","572400",0,0,"1997",15
"22837","572400",0,1,"1998",15
"22838","572400",0,1,"1999",15
"22839","572400",0,1,"2000",15
"22840","572400",0,1,"2001",15
"22841","572400",0,1,"2002",15
"22842","572400",100,1,"2003",15
"22843","572400",100,1,"2004",15
"22844","572400",100,1,"2005",15
"22845","572400",100,1,"2006",15
"22846","572400",100,1,"2007",15
"22847","572400",100,1,"2008",15
"22848","572400",100,1,"2009",15
"22849","572400",0,1,"2010",15
"22850","572400",0,1,"2011",15
"22851","572600",0,0,"1987",1
"22852","572600",0,0,"1988",1
"22853","572600",0,0,"1989",1
"22854","572600",0,0,"1990",1
"22855","572600",0,0,"1991",1
"22856","572600",0,0,"1992",1
"22857","572600",0,0,"1993",1
"22858","572600",0,0,"1994",1
"22859","572600",0,0,"1995",1
"22860","572600",0,0,"1996",1
"22861","572600",0,0,"1997",1
"22862","572600",0,0,"1998",1
"22863","572600",0,0,"1999",1
"22864","572600",0,0,"2000",1
"22865","572600",0,0,"2001",1
"22866","572600",0,0,"2002",1
"22867","572600",0,0,"2003",1
"22868","572600",100,0,"2004",1
"22869","572600",0,0,"2005",1
"22870","572600",0,0,"2006",1
"22871","572600",0,0,"2007",1
"22872","572600",100,0,"2008",1
"22873","572600",0,0,"2009",1
"22874","572600",0,0,"2010",1
"22875","572600",0,0,"2011",1
